model,category,split_repeat,fold,training_seed,inference_protocol,n_outer_train,n_outer_test,auc,f1,prec,rec,acc
all_descriptors,overall,0,0,42000000000,cv,5200,1300,0.944698224852071,0.8584980237154151,0.8829268292682927,0.8353846153846154,0.8623076923076923
all_descriptors,low_level-low_level,0,0,42000000000,cv,5200,1300,0.9699248120300752,0.8947368421052632,1.0,0.8095238095238095,0.9
all_descriptors,low_level-mid_level,0,0,42000000000,cv,5200,1300,0.9528653165016802,0.8170212765957446,0.8421052631578947,0.7933884297520661,0.858085808580858
all_descriptors,low_level-deep_level,0,0,42000000000,cv,5200,1300,0.9646289888504422,0.8910891089108911,0.9,0.8823529411764706,0.8921568627450981
all_descriptors,mid_level-mid_level,0,0,42000000000,cv,5200,1300,0.9326066645904704,0.8488612836438924,0.8686440677966102,0.8299595141700404,0.8560157790927022
all_descriptors,mid_level-deep_level,0,0,42000000000,cv,5200,1300,0.9391351744186048,0.8783382789317508,0.896969696969697,0.8604651162790697,0.8633333333333333
all_descriptors,deep_level-deep_level,0,0,42000000000,cv,5200,1300,0.9710526315789472,0.9014084507042254,0.9696969696969696,0.8421052631578947,0.8541666666666666
without_degree_size,overall,0,0,42000000000,cv,5200,1300,0.8607526627218934,0.7919762258543833,0.7658045977011494,0.82,0.7846153846153846
without_degree_size,low_level-low_level,0,0,42000000000,cv,5200,1300,0.924812030075188,0.8333333333333334,1.0,0.7142857142857143,0.85
without_degree_size,low_level-mid_level,0,0,42000000000,cv,5200,1300,0.8584597220960857,0.7338709677419355,0.7165354330708661,0.7520661157024794,0.7821782178217822
without_degree_size,low_level-deep_level,0,0,42000000000,cv,5200,1300,0.8869665513264129,0.8411214953271028,0.8035714285714286,0.8823529411764706,0.8333333333333334
without_degree_size,mid_level-mid_level,0,0,42000000000,cv,5200,1300,0.8414824042354406,0.7728155339805826,0.7425373134328358,0.805668016194332,0.7692307692307693
without_degree_size,mid_level-deep_level,0,0,42000000000,cv,5200,1300,0.860328851744186,0.821917808219178,0.7772020725388601,0.872093023255814,0.7833333333333333
without_degree_size,deep_level-deep_level,0,0,42000000000,cv,5200,1300,0.9078947368421052,0.88,0.8918918918918919,0.868421052631579,0.8125
without_clustering_boundary,overall,0,0,42000000000,cv,5200,1300,0.9418982248520712,0.85625,0.8698412698412699,0.8430769230769231,0.8584615384615385
without_clustering_boundary,low_level-low_level,0,0,42000000000,cv,5200,1300,0.9674185463659148,0.8947368421052632,1.0,0.8095238095238095,0.9
without_clustering_boundary,low_level-mid_level,0,0,42000000000,cv,5200,1300,0.9423758060121696,0.8016877637130801,0.8189655172413793,0.7851239669421488,0.8448844884488449
without_clustering_boundary,low_level-deep_level,0,0,42000000000,cv,5200,1300,0.9480968858131488,0.8910891089108911,0.9,0.8823529411764706,0.8921568627450981
without_clustering_boundary,mid_level-mid_level,0,0,42000000000,cv,5200,1300,0.9284802242292122,0.8356997971602435,0.8373983739837398,0.8340080971659919,0.8402366863905325
without_clustering_boundary,mid_level-deep_level,0,0,42000000000,cv,5200,1300,0.9484011627906976,0.893491124260355,0.9096385542168676,0.877906976744186,0.88
without_clustering_boundary,deep_level-deep_level,0,0,42000000000,cv,5200,1300,0.9736842105263156,0.9315068493150684,0.9714285714285714,0.8947368421052632,0.8958333333333334
without_centrality,overall,0,0,42000000000,cv,5200,1300,0.94578224852071,0.8720748829953198,0.884493670886076,0.86,0.8738461538461538
without_centrality,low_level-low_level,0,0,42000000000,cv,5200,1300,0.9674185463659148,0.8947368421052632,1.0,0.8095238095238095,0.9
without_centrality,low_level-mid_level,0,0,42000000000,cv,5200,1300,0.9554536372718192,0.8860759493670886,0.9051724137931034,0.8677685950413223,0.9108910891089108
without_centrality,low_level-deep_level,0,0,42000000000,cv,5200,1300,0.9542483660130718,0.8846153846153846,0.8679245283018868,0.9019607843137256,0.8823529411764706
without_centrality,mid_level-mid_level,0,0,42000000000,cv,5200,1300,0.9253503581438804,0.8363636363636363,0.8346774193548387,0.8380566801619433,0.8402366863905325
without_centrality,mid_level-deep_level,0,0,42000000000,cv,5200,1300,0.9485828488372092,0.8961424332344213,0.9151515151515152,0.877906976744186,0.8833333333333333
without_centrality,deep_level-deep_level,0,0,42000000000,cv,5200,1300,0.986842105263158,0.9295774647887324,1.0,0.868421052631579,0.8958333333333334
all_descriptors,overall,0,1,42001000000,cv,5200,1300,0.9309917159763312,0.8518518518518519,0.8544891640866873,0.8492307692307692,0.8523076923076923
all_descriptors,low_level-low_level,0,1,42001000000,cv,5200,1300,0.9719298245614034,0.8780487804878049,0.8181818181818182,0.9473684210526316,0.921875
all_descriptors,low_level-mid_level,0,1,42001000000,cv,5200,1300,0.905146944487638,0.7853881278538812,0.7818181818181819,0.7889908256880734,0.8356643356643356
all_descriptors,low_level-deep_level,0,1,42001000000,cv,5200,1300,0.9263220439691028,0.84375,0.8709677419354839,0.8181818181818182,0.8809523809523809
all_descriptors,mid_level-mid_level,0,1,42001000000,cv,5200,1300,0.9333522505586492,0.8477366255144033,0.8442622950819673,0.8512396694214877,0.8442105263157895
all_descriptors,mid_level-deep_level,0,1,42001000000,cv,5200,1300,0.9248568423512912,0.8804071246819338,0.8917525773195877,0.8693467336683417,0.8567073170731707
all_descriptors,deep_level-deep_level,0,1,42001000000,cv,5200,1300,0.9430555555555556,0.9032258064516128,0.9333333333333332,0.875,0.8571428571428571
without_degree_size,overall,0,1,42001000000,cv,5200,1300,0.8777443786982247,0.8,0.7687943262411348,0.8338461538461538,0.7915384615384615
without_degree_size,low_level-low_level,0,1,42001000000,cv,5200,1300,0.9029239766081872,0.7441860465116279,0.6666666666666666,0.8421052631578947,0.828125
without_degree_size,low_level-mid_level,0,1,42001000000,cv,5200,1300,0.8504120665526357,0.6964285714285714,0.6782608695652174,0.7155963302752294,0.7622377622377622
without_degree_size,low_level-deep_level,0,1,42001000000,cv,5200,1300,0.8425430778371954,0.75,0.6923076923076923,0.8181818181818182,0.7857142857142857
without_degree_size,mid_level-mid_level,0,1,42001000000,cv,5200,1300,0.8783563295853581,0.7944664031620553,0.7613636363636364,0.8305785123966942,0.7810526315789473
without_degree_size,mid_level-deep_level,0,1,42001000000,cv,5200,1300,0.860659888590238,0.8509615384615384,0.815668202764977,0.8894472361809045,0.8109756097560976
without_degree_size,deep_level-deep_level,0,1,42001000000,cv,5200,1300,0.9166666666666666,0.9148936170212766,0.9347826086956522,0.8958333333333334,0.873015873015873
without_clustering_boundary,overall,0,1,42001000000,cv,5200,1300,0.9440733727810652,0.8550955414012739,0.8861386138613861,0.8261538461538461,0.86
without_clustering_boundary,low_level-low_level,0,1,42001000000,cv,5200,1300,0.9812865497076024,0.8717948717948718,0.85,0.8947368421052632,0.921875
without_clustering_boundary,low_level-mid_level,0,1,42001000000,cv,5200,1300,0.9331882029751724,0.8,0.8791208791208791,0.7339449541284404,0.8601398601398601
without_clustering_boundary,low_level-deep_level,0,1,42001000000,cv,5200,1300,0.9530600118835412,0.84375,0.8709677419354839,0.8181818181818182,0.8809523809523809
without_clustering_boundary,mid_level-mid_level,0,1,42001000000,cv,5200,1300,0.946883978292484,0.8601694915254238,0.8826086956521739,0.8388429752066116,0.8610526315789474
without_clustering_boundary,mid_level-deep_level,0,1,42001000000,cv,5200,1300,0.9258696583693662,0.8637532133676092,0.8842105263157894,0.8442211055276382,0.8384146341463414
without_clustering_boundary,deep_level-deep_level,0,1,42001000000,cv,5200,1300,0.9472222222222222,0.9130434782608696,0.9545454545454546,0.875,0.873015873015873
without_centrality,overall,0,1,42001000000,cv,5200,1300,0.9464023668639054,0.8702408702408703,0.8791208791208791,0.8615384615384616,0.8715384615384615
without_centrality,low_level-low_level,0,1,42001000000,cv,5200,1300,0.9824561403508772,0.85,0.8095238095238095,0.8947368421052632,0.90625
without_centrality,low_level-mid_level,0,1,42001000000,cv,5200,1300,0.9324625511843674,0.7962085308056872,0.8235294117647058,0.7706422018348624,0.8496503496503497
without_centrality,low_level-deep_level,0,1,42001000000,cv,5200,1300,0.9483065953654188,0.8888888888888888,0.9333333333333332,0.8484848484848485,0.9166666666666666
without_centrality,mid_level-mid_level,0,1,42001000000,cv,5200,1300,0.9501117298620224,0.8672199170124482,0.8708333333333333,0.8636363636363636,0.8652631578947368
without_centrality,mid_level-deep_level,0,1,42001000000,cv,5200,1300,0.9333099606559933,0.898989898989899,0.9035532994923858,0.8944723618090452,0.8780487804878049
without_centrality,deep_level-deep_level,0,1,42001000000,cv,5200,1300,0.925,0.9263157894736842,0.9361702127659576,0.9166666666666666,0.8888888888888888
all_descriptors,overall,0,2,42002000000,cv,5200,1300,0.9465065088757396,0.8749052312357847,0.8624813153961136,0.8876923076923077,0.8730769230769231
all_descriptors,low_level-low_level,0,2,42002000000,cv,5200,1300,0.938095238095238,0.8717948717948718,0.9444444444444444,0.8095238095238095,0.9019607843137256
all_descriptors,low_level-mid_level,0,2,42002000000,cv,5200,1300,0.9430909545227386,0.8080808080808081,0.7547169811320755,0.8695652173913043,0.8571428571428571
all_descriptors,low_level-deep_level,0,2,42002000000,cv,5200,1300,0.9278549382716048,0.8842105263157894,0.8936170212765957,0.875,0.8921568627450981
all_descriptors,mid_level-mid_level,0,2,42002000000,cv,5200,1300,0.9409770207295516,0.8643410852713178,0.851145038167939,0.8779527559055118,0.8597194388777555
all_descriptors,mid_level-deep_level,0,2,42002000000,cv,5200,1300,0.955054012345679,0.9067357512953368,0.9020618556701032,0.9114583333333334,0.8899082568807339
all_descriptors,deep_level-deep_level,0,2,42002000000,cv,5200,1300,0.9670542635658916,0.9411764705882352,0.9523809523809524,0.9302325581395348,0.9090909090909092
without_degree_size,overall,0,2,42002000000,cv,5200,1300,0.8795952662721893,0.8064992614475628,0.7755681818181818,0.84,0.7984615384615384
without_degree_size,low_level-low_level,0,2,42002000000,cv,5200,1300,0.8952380952380952,0.7619047619047619,0.7619047619047619,0.7619047619047619,0.803921568627451
without_degree_size,low_level-mid_level,0,2,42002000000,cv,5200,1300,0.8572588705647177,0.7083333333333334,0.68,0.7391304347826086,0.7894736842105263
without_degree_size,low_level-deep_level,0,2,42002000000,cv,5200,1300,0.8449074074074074,0.7474747474747475,0.7254901960784313,0.7708333333333334,0.7549019607843137
without_degree_size,mid_level-mid_level,0,2,42002000000,cv,5200,1300,0.8747228025068295,0.7955390334572491,0.7535211267605634,0.84251968503937,0.779559118236473
without_degree_size,mid_level-deep_level,0,2,42002000000,cv,5200,1300,0.8842206790123457,0.8621553884711779,0.8309178743961353,0.8958333333333334,0.8318042813455657
without_degree_size,deep_level-deep_level,0,2,42002000000,cv,5200,1300,0.9147286821705428,0.9285714285714286,0.951219512195122,0.9069767441860463,0.8909090909090909
without_clustering_boundary,overall,0,2,42002000000,cv,5200,1300,0.9364804733727812,0.8614232209737828,0.8394160583941606,0.8846153846153846,0.8576923076923076
without_clustering_boundary,low_level-low_level,0,2,42002000000,cv,5200,1300,0.926984126984127,0.8205128205128205,0.8888888888888888,0.7619047619047619,0.8627450980392157
without_clustering_boundary,low_level-mid_level,0,2,42002000000,cv,5200,1300,0.9252873563218392,0.7839195979899497,0.7289719626168224,0.8478260869565217,0.8383458646616542
without_clustering_boundary,low_level-deep_level,0,2,42002000000,cv,5200,1300,0.9089506172839508,0.851063829787234,0.8695652173913043,0.8333333333333334,0.8627450980392157
without_clustering_boundary,mid_level-mid_level,0,2,42002000000,cv,5200,1300,0.9416358669452032,0.857685009487666,0.8278388278388278,0.889763779527559,0.8496993987975952
without_clustering_boundary,mid_level-deep_level,0,2,42002000000,cv,5200,1300,0.9375771604938272,0.8946015424164524,0.883248730964467,0.90625,0.8746177370030581
without_clustering_boundary,deep_level-deep_level,0,2,42002000000,cv,5200,1300,0.9670542635658916,0.942528735632184,0.9318181818181818,0.9534883720930232,0.9090909090909092
without_centrality,overall,0,2,42002000000,cv,5200,1300,0.9450343195266272,0.8666164280331575,0.8493353028064993,0.8846153846153846,0.8638461538461538
without_centrality,low_level-low_level,0,2,42002000000,cv,5200,1300,0.9492063492063492,0.8717948717948718,0.9444444444444444,0.8095238095238095,0.9019607843137256
without_centrality,low_level-mid_level,0,2,42002000000,cv,5200,1300,0.939592703648176,0.7918781725888325,0.7428571428571429,0.8478260869565217,0.8458646616541353
without_centrality,low_level-deep_level,0,2,42002000000,cv,5200,1300,0.9201388888888888,0.865979381443299,0.8571428571428571,0.875,0.8725490196078431
without_centrality,mid_level-mid_level,0,2,42002000000,cv,5200,1300,0.9432910171942792,0.8625954198473282,0.837037037037037,0.889763779527559,0.8557114228456913
without_centrality,mid_level-deep_level,0,2,42002000000,cv,5200,1300,0.9467206790123456,0.8935064935064935,0.8911917098445595,0.8958333333333334,0.8746177370030581
without_centrality,deep_level-deep_level,0,2,42002000000,cv,5200,1300,0.9689922480620156,0.9411764705882352,0.9523809523809524,0.9302325581395348,0.9090909090909092
all_descriptors,overall,0,3,42003000000,cv,5200,1300,0.9416094674556214,0.8757396449704142,0.8433048433048433,0.9107692307692308,0.8707692307692307
all_descriptors,low_level-low_level,0,3,42003000000,cv,5200,1300,0.9232142857142858,0.7428571428571429,0.6842105263157895,0.8125,0.8235294117647058
all_descriptors,low_level-mid_level,0,3,42003000000,cv,5200,1300,0.924650323356896,0.8088888888888889,0.7844827586206896,0.8348623853211009,0.8527397260273972
all_descriptors,low_level-deep_level,0,3,42003000000,cv,5200,1300,0.9370045890696704,0.86,0.8113207547169812,0.9148936170212766,0.8571428571428571
all_descriptors,mid_level-mid_level,0,3,42003000000,cv,5200,1300,0.9367997925311204,0.8757396449704142,0.8314606741573034,0.925,0.8690228690228691
all_descriptors,mid_level-deep_level,0,3,42003000000,cv,5200,1300,0.9522884647863537,0.9156010230179028,0.895,0.93717277486911,0.8952380952380953
all_descriptors,deep_level-deep_level,0,3,42003000000,cv,5200,1300,0.9069148936170212,0.9361702127659576,0.9361702127659576,0.9361702127659576,0.9047619047619048
without_degree_size,overall,0,3,42003000000,cv,5200,1300,0.8727739644970415,0.8050974512743628,0.7850877192982456,0.8261538461538461,0.8
without_degree_size,low_level-low_level,0,3,42003000000,cv,5200,1300,0.8410714285714287,0.6896551724137931,0.7692307692307693,0.625,0.8235294117647058
without_degree_size,low_level-mid_level,0,3,42003000000,cv,5200,1300,0.8377199578884043,0.7239819004524887,0.7142857142857143,0.7339449541284404,0.791095890410959
without_degree_size,low_level-deep_level,0,3,42003000000,cv,5200,1300,0.86816854401335,0.82,0.7735849056603774,0.8723404255319149,0.8163265306122449
without_degree_size,mid_level-mid_level,0,3,42003000000,cv,5200,1300,0.8641251728907331,0.7935222672064778,0.7716535433070866,0.8166666666666667,0.7879417879417879
without_degree_size,mid_level-deep_level,0,3,42003000000,cv,5200,1300,0.8813545009288971,0.8396946564885496,0.8168316831683168,0.8638743455497382,0.8
without_degree_size,deep_level-deep_level,0,3,42003000000,cv,5200,1300,0.8909574468085106,0.9278350515463918,0.9,0.9574468085106383,0.8888888888888888
without_clustering_boundary,overall,0,3,42003000000,cv,5200,1300,0.945621301775148,0.8573705179282869,0.8892561983471075,0.8276923076923077,0.8623076923076923
without_clustering_boundary,low_level-low_level,0,3,42003000000,cv,5200,1300,0.9160714285714284,0.7272727272727273,0.7058823529411765,0.75,0.8235294117647058
without_clustering_boundary,low_level-mid_level,0,3,42003000000,cv,5200,1300,0.926404973178924,0.801980198019802,0.8709677419354839,0.7431192660550459,0.863013698630137
without_clustering_boundary,low_level-deep_level,0,3,42003000000,cv,5200,1300,0.9549436795994992,0.8314606741573034,0.8809523809523809,0.7872340425531915,0.8469387755102041
without_clustering_boundary,mid_level-mid_level,0,3,42003000000,cv,5200,1300,0.9438105117565698,0.8613445378151261,0.8686440677966102,0.8541666666666666,0.8627858627858628
without_clustering_boundary,mid_level-deep_level,0,3,42003000000,cv,5200,1300,0.9548218206384056,0.8815426997245179,0.9302325581395348,0.837696335078534,0.8634920634920635
without_clustering_boundary,deep_level-deep_level,0,3,42003000000,cv,5200,1300,0.9268617021276596,0.9347826086956522,0.9555555555555556,0.9148936170212766,0.9047619047619048
without_centrality,overall,0,3,42003000000,cv,5200,1300,0.9447360946745562,0.8758568164508759,0.8672699849170438,0.8846153846153846,0.8746153846153846
without_centrality,low_level-low_level,0,3,42003000000,cv,5200,1300,0.8946428571428572,0.7272727272727273,0.7058823529411765,0.75,0.8235294117647058
without_centrality,low_level-mid_level,0,3,42003000000,cv,5200,1300,0.9232466034992732,0.8018433179723502,0.8055555555555556,0.7981651376146789,0.8527397260273972
without_centrality,low_level-deep_level,0,3,42003000000,cv,5200,1300,0.9591155611180644,0.9052631578947368,0.8958333333333334,0.9148936170212766,0.9081632653061223
without_centrality,mid_level-mid_level,0,3,42003000000,cv,5200,1300,0.9432918395573998,0.8762677484787018,0.8537549407114624,0.9,0.8731808731808732
without_centrality,mid_level-deep_level,0,3,42003000000,cv,5200,1300,0.9546107076507347,0.9109947643979056,0.9109947643979056,0.9109947643979056,0.8920634920634921
without_centrality,deep_level-deep_level,0,3,42003000000,cv,5200,1300,0.928191489361702,0.9247311827956988,0.9347826086956522,0.9148936170212766,0.8888888888888888
all_descriptors,overall,0,4,42004000000,cv,5200,1300,0.9493159763313608,0.8625294579732914,0.8812199036918138,0.8446153846153847,0.8653846153846154
all_descriptors,low_level-low_level,0,4,42004000000,cv,5200,1300,0.97165991902834,0.88,0.9166666666666666,0.8461538461538461,0.90625
all_descriptors,low_level-mid_level,0,4,42004000000,cv,5200,1300,0.9429541047188108,0.8140703517587939,0.8350515463917526,0.7941176470588235,0.8697183098591549
all_descriptors,low_level-deep_level,0,4,42004000000,cv,5200,1300,0.9560185185185186,0.8421052631578947,0.8888888888888888,0.8,0.8723404255319149
all_descriptors,mid_level-mid_level,0,4,42004000000,cv,5200,1300,0.94570377493856,0.8502994011976048,0.852,0.848605577689243,0.853515625
all_descriptors,mid_level-deep_level,0,4,42004000000,cv,5200,1300,0.9554119805376088,0.890625,0.9243243243243244,0.8592964824120602,0.8707692307692307
all_descriptors,deep_level-deep_level,0,4,42004000000,cv,5200,1300,0.8888888888888888,0.9318181818181818,0.9534883720930232,0.9111111111111112,0.8867924528301887
without_degree_size,overall,0,4,42004000000,cv,5200,1300,0.8518461538461539,0.7854077253218884,0.733957219251337,0.8446153846153847,0.7692307692307693
without_degree_size,low_level-low_level,0,4,42004000000,cv,5200,1300,0.9149797570850202,0.7857142857142857,0.7333333333333333,0.8461538461538461,0.8125
without_degree_size,low_level-mid_level,0,4,42004000000,cv,5200,1300,0.8177655677655677,0.6869565217391305,0.6171875,0.7745098039215687,0.7464788732394366
without_degree_size,low_level-deep_level,0,4,42004000000,cv,5200,1300,0.8805555555555555,0.7951807228915663,0.7674418604651163,0.825,0.8191489361702128
without_degree_size,mid_level-mid_level,0,4,42004000000,cv,5200,1300,0.8448352185129215,0.7709090909090909,0.7090301003344481,0.8446215139442231,0.75390625
without_degree_size,mid_level-deep_level,0,4,42004000000,cv,5200,1300,0.8446996889207945,0.8277511961722488,0.7899543378995434,0.8693467336683417,0.7784615384615384
without_degree_size,deep_level-deep_level,0,4,42004000000,cv,5200,1300,0.8527777777777777,0.9213483146067416,0.9318181818181818,0.9111111111111112,0.8679245283018868
without_clustering_boundary,overall,0,4,42004000000,cv,5200,1300,0.9334532544378698,0.8470948012232415,0.8419452887537994,0.8523076923076923,0.8461538461538461
without_clustering_boundary,low_level-low_level,0,4,42004000000,cv,5200,1300,0.931174089068826,0.88,0.9166666666666666,0.8461538461538461,0.90625
without_clustering_boundary,low_level-mid_level,0,4,42004000000,cv,5200,1300,0.9168821374703728,0.7793427230046949,0.7477477477477478,0.8137254901960784,0.8345070422535211
without_clustering_boundary,low_level-deep_level,0,4,42004000000,cv,5200,1300,0.9324074074074074,0.7894736842105263,0.8333333333333334,0.75,0.8297872340425532
without_clustering_boundary,mid_level-mid_level,0,4,42004000000,cv,5200,1300,0.9277525911678954,0.84375,0.8275862068965517,0.8605577689243028,0.84375
without_clustering_boundary,mid_level-deep_level,0,4,42004000000,cv,5200,1300,0.9454813751296164,0.8838383838383839,0.8883248730964467,0.8793969849246231,0.8584615384615385
without_clustering_boundary,deep_level-deep_level,0,4,42004000000,cv,5200,1300,0.8333333333333334,0.9069767441860463,0.951219512195122,0.8666666666666667,0.8490566037735849
without_centrality,overall,0,4,42004000000,cv,5200,1300,0.9491668639053252,0.8768768768768769,0.8563049853372434,0.8984615384615384,0.8738461538461538
without_centrality,low_level-low_level,0,4,42004000000,cv,5200,1300,0.9473684210526316,0.8461538461538461,0.8461538461538461,0.8461538461538461,0.875
without_centrality,low_level-mid_level,0,4,42004000000,cv,5200,1300,0.9341198017668606,0.8113207547169812,0.7818181818181819,0.8431372549019608,0.8591549295774648
without_centrality,low_level-deep_level,0,4,42004000000,cv,5200,1300,0.9513888888888888,0.8461538461538461,0.868421052631579,0.825,0.8723404255319149
without_centrality,mid_level-mid_level,0,4,42004000000,cv,5200,1300,0.9469402085146006,0.8733459357277883,0.8309352517985612,0.9203187250996016,0.869140625
without_centrality,mid_level-deep_level,0,4,42004000000,cv,5200,1300,0.9616734465980696,0.9090909090909092,0.9137055837563453,0.9045226130653268,0.8892307692307693
without_centrality,deep_level-deep_level,0,4,42004000000,cv,5200,1300,0.8583333333333334,0.945054945054945,0.9347826086956522,0.9555555555555556,0.9056603773584906
all_descriptors,overall,1,0,42000010000,cv,5200,1300,0.9561751479289942,0.878122634367903,0.8643815201192251,0.8923076923076924,0.8761538461538462
all_descriptors,low_level-low_level,1,0,42000010000,cv,5200,1300,0.9833333333333334,0.9032258064516128,0.875,0.9333333333333332,0.9230769230769232
all_descriptors,low_level-mid_level,1,0,42000010000,cv,5200,1300,0.9546878157203474,0.8363636363636363,0.773109243697479,0.9108910891089108,0.8787878787878788
all_descriptors,low_level-deep_level,1,0,42000010000,cv,5200,1300,0.9706937799043064,0.9090909090909092,0.8974358974358975,0.9210526315789472,0.9146341463414634
all_descriptors,mid_level-mid_level,1,0,42000010000,cv,5200,1300,0.9510990706765886,0.8501026694045175,0.8448979591836735,0.8553719008264463,0.8488612836438924
all_descriptors,mid_level-deep_level,1,0,42000010000,cv,5200,1300,0.95306621863472,0.9160671462829736,0.9182692307692308,0.9138755980861244,0.8970588235294118
all_descriptors,deep_level-deep_level,1,0,42000010000,cv,5200,1300,0.9507936507936507,0.9213483146067416,0.9318181818181818,0.9111111111111112,0.8813559322033898
without_degree_size,overall,1,0,42000010000,cv,5200,1300,0.870203550295858,0.8055152394775036,0.7623626373626373,0.8538461538461538,0.7938461538461539
without_degree_size,low_level-low_level,1,0,42000010000,cv,5200,1300,0.8666666666666667,0.6666666666666666,0.6666666666666666,0.6666666666666666,0.7435897435897436
without_degree_size,low_level-mid_level,1,0,42000010000,cv,5200,1300,0.8611840775914327,0.7443946188340808,0.680327868852459,0.8217821782178217,0.8080808080808081
without_degree_size,low_level-deep_level,1,0,42000010000,cv,5200,1300,0.90311004784689,0.825,0.7857142857142857,0.868421052631579,0.8292682926829268
without_degree_size,mid_level-mid_level,1,0,42000010000,cv,5200,1300,0.8495250505812558,0.7846153846153846,0.7338129496402878,0.8429752066115702,0.7681159420289855
without_degree_size,mid_level-deep_level,1,0,42000010000,cv,5200,1300,0.8583585960042367,0.8394495412844036,0.8061674008810573,0.8755980861244019,0.7941176470588235
without_degree_size,deep_level-deep_level,1,0,42000010000,cv,5200,1300,0.9587301587301588,0.9438202247191012,0.9545454545454546,0.9333333333333332,0.9152542372881356
without_clustering_boundary,overall,1,0,42000010000,cv,5200,1300,0.9469988165680474,0.8601662887377173,0.8454680534918276,0.8753846153846154,0.8576923076923076
without_clustering_boundary,low_level-low_level,1,0,42000010000,cv,5200,1300,0.9638888888888888,0.8387096774193549,0.8125,0.8666666666666667,0.8717948717948718
without_clustering_boundary,low_level-mid_level,1,0,42000010000,cv,5200,1300,0.9474136189129118,0.7981220657276995,0.7589285714285714,0.8415841584158416,0.8552188552188552
without_clustering_boundary,low_level-deep_level,1,0,42000010000,cv,5200,1300,0.9623205741626796,0.8607594936708861,0.8292682926829268,0.8947368421052632,0.8658536585365854
without_clustering_boundary,mid_level-mid_level,1,0,42000010000,cv,5200,1300,0.9394053701862076,0.8414634146341463,0.828,0.8553719008264463,0.8385093167701864
without_clustering_boundary,mid_level-deep_level,1,0,42000010000,cv,5200,1300,0.942729829431316,0.9,0.8957345971563981,0.9043062200956936,0.8764705882352941
without_clustering_boundary,deep_level-deep_level,1,0,42000010000,cv,5200,1300,0.9587301587301588,0.9318181818181818,0.9534883720930232,0.9111111111111112,0.8983050847457628
without_centrality,overall,1,0,42000010000,cv,5200,1300,0.9558082840236688,0.8769811320754717,0.8607407407407407,0.8938461538461538,0.8746153846153846
without_centrality,low_level-low_level,1,0,42000010000,cv,5200,1300,1.0,0.967741935483871,0.9375,1.0,0.9743589743589745
without_centrality,low_level-mid_level,1,0,42000010000,cv,5200,1300,0.9502929884825216,0.8151658767772512,0.7818181818181819,0.8514851485148515,0.8686868686868687
without_centrality,low_level-deep_level,1,0,42000010000,cv,5200,1300,0.958732057416268,0.8607594936708861,0.8292682926829268,0.8947368421052632,0.8658536585365854
without_centrality,mid_level-mid_level,1,0,42000010000,cv,5200,1300,0.9464010150543534,0.8653061224489796,0.8548387096774194,0.8760330578512396,0.8633540372670807
without_centrality,mid_level-deep_level,1,0,42000010000,cv,5200,1300,0.958581394499434,0.9073634204275536,0.9009433962264152,0.9138755980861244,0.8852941176470588
without_centrality,deep_level-deep_level,1,0,42000010000,cv,5200,1300,0.9682539682539684,0.9247311827956988,0.8958333333333334,0.9555555555555556,0.8813559322033898
all_descriptors,overall,1,1,42001010000,cv,5200,1300,0.9548260355029584,0.8821233411397346,0.8954041204437401,0.8692307692307693,0.8838461538461538
all_descriptors,low_level-low_level,1,1,42001010000,cv,5200,1300,0.9567901234567902,0.9166666666666666,0.9166666666666666,0.9166666666666666,0.9487179487179488
all_descriptors,low_level-mid_level,1,1,42001010000,cv,5200,1300,0.9465303215303216,0.8421052631578947,0.8712871287128713,0.8148148148148148,0.8862068965517241
all_descriptors,low_level-deep_level,1,1,42001010000,cv,5200,1300,0.9449204406364748,0.8648648648648649,0.8888888888888888,0.8421052631578947,0.8765432098765432
all_descriptors,mid_level-mid_level,1,1,42001010000,cv,5200,1300,0.9474502487562187,0.8647619047619047,0.8697318007662835,0.8598484848484849,0.8665413533834586
all_descriptors,mid_level-deep_level,1,1,42001010000,cv,5200,1300,0.9591036414565826,0.9217877094972068,0.9269662921348316,0.9166666666666666,0.9063545150501672
all_descriptors,deep_level-deep_level,1,1,42001010000,cv,5200,1300,0.9753787878787878,0.9230769230769232,0.9767441860465116,0.875,0.8813559322033898
without_degree_size,overall,1,1,42001010000,cv,5200,1300,0.8821940828402366,0.8131049888309755,0.7878787878787878,0.84,0.806923076923077
without_degree_size,low_level-low_level,1,1,42001010000,cv,5200,1300,0.8919753086419753,0.7619047619047619,0.8888888888888888,0.6666666666666666,0.8717948717948718
without_degree_size,low_level-mid_level,1,1,42001010000,cv,5200,1300,0.8366402116402116,0.6940639269406392,0.6846846846846847,0.7037037037037037,0.7689655172413793
without_degree_size,low_level-deep_level,1,1,42001010000,cv,5200,1300,0.8824969400244798,0.8205128205128205,0.8,0.8421052631578947,0.8271604938271605
without_degree_size,mid_level-mid_level,1,1,42001010000,cv,5200,1300,0.8719894843962007,0.8063380281690141,0.7532894736842105,0.8674242424242424,0.793233082706767
without_degree_size,mid_level-deep_level,1,1,42001010000,cv,5200,1300,0.8871148459383754,0.856353591160221,0.8516483516483516,0.8611111111111112,0.8260869565217391
without_degree_size,deep_level-deep_level,1,1,42001010000,cv,5200,1300,0.9886363636363636,0.968421052631579,0.9787234042553192,0.9583333333333334,0.9491525423728814
without_clustering_boundary,overall,1,1,42001010000,cv,5200,1300,0.9413798816568048,0.8611544461778471,0.8734177215189873,0.8492307692307692,0.8630769230769231
without_clustering_boundary,low_level-low_level,1,1,42001010000,cv,5200,1300,0.9722222222222222,0.8695652173913043,0.9090909090909092,0.8333333333333334,0.9230769230769232
without_clustering_boundary,low_level-mid_level,1,1,42001010000,cv,5200,1300,0.9426129426129426,0.8095238095238095,0.8333333333333334,0.7870370370370371,0.8620689655172413
without_clustering_boundary,low_level-deep_level,1,1,42001010000,cv,5200,1300,0.9394124847001224,0.8493150684931506,0.8857142857142857,0.8157894736842105,0.8641975308641975
without_clustering_boundary,mid_level-mid_level,1,1,42001010000,cv,5200,1300,0.9264190411578472,0.849624060150376,0.8432835820895522,0.8560606060606061,0.849624060150376
without_clustering_boundary,mid_level-deep_level,1,1,42001010000,cv,5200,1300,0.94953314659197,0.8983050847457628,0.913793103448276,0.8833333333333333,0.8795986622073578
without_clustering_boundary,deep_level-deep_level,1,1,42001010000,cv,5200,1300,0.956439393939394,0.9111111111111112,0.9761904761904762,0.8541666666666666,0.864406779661017
without_centrality,overall,1,1,42001010000,cv,5200,1300,0.9565633136094674,0.8819390148553558,0.8966613672496025,0.8676923076923077,0.8838461538461538
without_centrality,low_level-low_level,1,1,42001010000,cv,5200,1300,0.9660493827160492,0.9166666666666666,0.9166666666666666,0.9166666666666666,0.9487179487179488
without_centrality,low_level-mid_level,1,1,42001010000,cv,5200,1300,0.9539580789580788,0.8269230769230769,0.86,0.7962962962962963,0.8758620689655172
without_centrality,low_level-deep_level,1,1,42001010000,cv,5200,1300,0.9400244798041616,0.8611111111111112,0.9117647058823528,0.8157894736842105,0.8765432098765432
without_centrality,mid_level-mid_level,1,1,42001010000,cv,5200,1300,0.9476622568973316,0.8631178707224335,0.8664122137404581,0.8598484848484849,0.8646616541353384
without_centrality,mid_level-deep_level,1,1,42001010000,cv,5200,1300,0.965172735760971,0.9299719887955182,0.9378531073446328,0.9222222222222224,0.9163879598662208
without_centrality,deep_level-deep_level,1,1,42001010000,cv,5200,1300,0.9488636363636364,0.9347826086956522,0.9772727272727272,0.8958333333333334,0.8983050847457628
all_descriptors,overall,1,2,42002010000,cv,5200,1300,0.9419763313609466,0.8692913385826772,0.8903225806451613,0.8492307692307692,0.8723076923076923
all_descriptors,low_level-low_level,1,2,42002010000,cv,5200,1300,0.946969696969697,0.7659574468085106,0.782608695652174,0.75,0.8070175438596491
all_descriptors,low_level-mid_level,1,2,42002010000,cv,5200,1300,0.9154193872425916,0.7981220657276995,0.8252427184466019,0.7727272727272727,0.852233676975945
all_descriptors,low_level-deep_level,1,2,42002010000,cv,5200,1300,0.9644628099173552,0.8888888888888888,0.972972972972973,0.8181818181818182,0.9090909090909092
all_descriptors,mid_level-mid_level,1,2,42002010000,cv,5200,1300,0.9443702088754484,0.8765957446808511,0.8803418803418803,0.8728813559322034,0.8784067085953878
all_descriptors,mid_level-deep_level,1,2,42002010000,cv,5200,1300,0.9468326677629004,0.9025641025641026,0.9166666666666666,0.8888888888888888,0.8837920489296636
all_descriptors,deep_level-deep_level,1,2,42002010000,cv,5200,1300,0.9425837320574164,0.8985507246376812,1.0,0.8157894736842105,0.8571428571428571
without_degree_size,overall,1,2,42002010000,cv,5200,1300,0.862992899408284,0.7891256429096253,0.7552742616033755,0.8261538461538461,0.7792307692307693
without_degree_size,low_level-low_level,1,2,42002010000,cv,5200,1300,0.9305555555555556,0.8085106382978723,0.8260869565217391,0.7916666666666666,0.8421052631578947
without_degree_size,low_level-mid_level,1,2,42002010000,cv,5200,1300,0.8517327975891511,0.7117117117117117,0.7053571428571429,0.7181818181818181,0.7800687285223368
without_degree_size,low_level-deep_level,1,2,42002010000,cv,5200,1300,0.8599173553719008,0.7578947368421053,0.7058823529411765,0.8181818181818182,0.7676767676767676
without_degree_size,mid_level-mid_level,1,2,42002010000,cv,5200,1300,0.8556596807089105,0.7862903225806451,0.75,0.826271186440678,0.7777777777777778
without_degree_size,mid_level-deep_level,1,2,42002010000,cv,5200,1300,0.8526348758906899,0.8301886792452831,0.7787610619469026,0.8888888888888888,0.7798165137614679
without_degree_size,deep_level-deep_level,1,2,42002010000,cv,5200,1300,0.7296650717703349,0.8311688311688312,0.8205128205128205,0.8421052631578947,0.7346938775510204
without_clustering_boundary,overall,1,2,42002010000,cv,5200,1300,0.9364189349112424,0.8633879781420765,0.8763866877971473,0.8507692307692307,0.8653846153846154
without_clustering_boundary,low_level-low_level,1,2,42002010000,cv,5200,1300,0.9368686868686869,0.8,0.8571428571428571,0.75,0.8421052631578947
without_clustering_boundary,low_level-mid_level,1,2,42002010000,cv,5200,1300,0.9098442993470618,0.7677725118483413,0.801980198019802,0.7363636363636363,0.8316151202749141
without_clustering_boundary,low_level-deep_level,1,2,42002010000,cv,5200,1300,0.9491735537190082,0.8505747126436781,0.8604651162790697,0.8409090909090909,0.8686868686868687
without_clustering_boundary,mid_level-mid_level,1,2,42002010000,cv,5200,1300,0.9375483507982278,0.8870292887029289,0.8760330578512396,0.8983050847457628,0.8867924528301887
without_clustering_boundary,mid_level-deep_level,1,2,42002010000,cv,5200,1300,0.9416255579046277,0.8894601542416453,0.9057591623036648,0.8737373737373737,0.8685015290519877
without_clustering_boundary,deep_level-deep_level,1,2,42002010000,cv,5200,1300,0.9521531100478468,0.9014084507042254,0.9696969696969696,0.8421052631578947,0.8571428571428571
without_centrality,overall,1,2,42002010000,cv,5200,1300,0.9396284023668638,0.8672427336999214,0.8860353130016051,0.8492307692307692,0.87
without_centrality,low_level-low_level,1,2,42002010000,cv,5200,1300,0.9558080808080808,0.8571428571428571,0.84,0.875,0.8771929824561403
without_centrality,low_level-mid_level,1,2,42002010000,cv,5200,1300,0.917930688096434,0.819047619047619,0.86,0.7818181818181819,0.8694158075601375
without_centrality,low_level-deep_level,1,2,42002010000,cv,5200,1300,0.9632231404958678,0.8837209302325582,0.9047619047619048,0.8636363636363636,0.898989898989899
without_centrality,mid_level-mid_level,1,2,42002010000,cv,5200,1300,0.9405724734510162,0.8808510638297873,0.8846153846153846,0.8771186440677966,0.8825995807127882
without_centrality,mid_level-deep_level,1,2,42002010000,cv,5200,1300,0.9322292694385718,0.8711340206185567,0.8894736842105263,0.8535353535353535,0.8470948012232415
without_centrality,deep_level-deep_level,1,2,42002010000,cv,5200,1300,0.944976076555024,0.8857142857142857,0.96875,0.8157894736842105,0.8367346938775511
all_descriptors,overall,1,3,42003010000,cv,5200,1300,0.937192899408284,0.862015503875969,0.86875,0.8553846153846154,0.8630769230769231
all_descriptors,low_level-low_level,1,3,42003010000,cv,5200,1300,0.9107142857142856,0.6666666666666666,0.8,0.5714285714285714,0.8032786885245902
all_descriptors,low_level-mid_level,1,3,42003010000,cv,5200,1300,0.9296718370792444,0.8070175438596491,0.8288288288288288,0.7863247863247863,0.8422939068100358
all_descriptors,low_level-deep_level,1,3,42003010000,cv,5200,1300,0.9489795918367346,0.8780487804878049,0.9,0.8571428571428571,0.9047619047619048
all_descriptors,mid_level-mid_level,1,3,42003010000,cv,5200,1300,0.9220020578180492,0.8577154308617234,0.856,0.8594377510040161,0.8553971486761711
all_descriptors,mid_level-deep_level,1,3,42003010000,cv,5200,1300,0.9521195097037792,0.8938547486033519,0.8888888888888888,0.898876404494382,0.8774193548387097
all_descriptors,deep_level-deep_level,1,3,42003010000,cv,5200,1300,0.9323467230443974,0.9655172413793104,0.9545454545454546,0.9767441860465116,0.9444444444444444
without_degree_size,overall,1,3,42003010000,cv,5200,1300,0.8650390532544379,0.794251134644478,0.78125,0.8076923076923077,0.7907692307692308
without_degree_size,low_level-low_level,1,3,42003010000,cv,5200,1300,0.8476190476190476,0.7,0.7368421052631579,0.6666666666666666,0.8032786885245902
without_degree_size,low_level-mid_level,1,3,42003010000,cv,5200,1300,0.8511659807956105,0.7280701754385965,0.7477477477477478,0.7094017094017094,0.7777777777777778
without_degree_size,low_level-deep_level,1,3,42003010000,cv,5200,1300,0.8813303099017386,0.7674418604651163,0.75,0.7857142857142857,0.8095238095238095
without_degree_size,mid_level-mid_level,1,3,42003010000,cv,5200,1300,0.8378306614889309,0.77734375,0.7566539923954373,0.7991967871485943,0.7678207739307535
without_degree_size,mid_level-deep_level,1,3,42003010000,cv,5200,1300,0.8864487572352742,0.842391304347826,0.8157894736842105,0.8707865168539326,0.8129032258064516
without_degree_size,deep_level-deep_level,1,3,42003010000,cv,5200,1300,0.909090909090909,0.9318181818181818,0.9111111111111112,0.9534883720930232,0.8888888888888888
without_clustering_boundary,overall,1,3,42003010000,cv,5200,1300,0.9219573964497042,0.8341158059467919,0.8487261146496815,0.82,0.8369230769230769
without_clustering_boundary,low_level-low_level,1,3,42003010000,cv,5200,1300,0.8916666666666666,0.631578947368421,0.7058823529411765,0.5714285714285714,0.7704918032786885
without_clustering_boundary,low_level-mid_level,1,3,42003010000,cv,5200,1300,0.915585100770286,0.8034934497816594,0.8214285714285714,0.7863247863247863,0.8387096774193549
without_clustering_boundary,low_level-deep_level,1,3,42003010000,cv,5200,1300,0.9149659863945576,0.7631578947368421,0.8529411764705882,0.6904761904761905,0.8285714285714286
without_clustering_boundary,mid_level-mid_level,1,3,42003010000,cv,5200,1300,0.9101530087291314,0.8373983739837398,0.8477366255144033,0.8273092369477911,0.8370672097759674
without_clustering_boundary,mid_level-deep_level,1,3,42003010000,cv,5200,1300,0.9353506979911476,0.8603351955307262,0.8555555555555555,0.8651685393258427,0.8387096774193549
without_clustering_boundary,deep_level-deep_level,1,3,42003010000,cv,5200,1300,0.9281183932346724,0.9411764705882352,0.9523809523809524,0.9302325581395348,0.9074074074074074
without_centrality,overall,1,3,42003010000,cv,5200,1300,0.934084023668639,0.8624708624708625,0.8712715855572999,0.8538461538461538,0.8638461538461538
without_centrality,low_level-low_level,1,3,42003010000,cv,5200,1300,0.9142857142857144,0.7222222222222222,0.8666666666666667,0.6190476190476191,0.8360655737704918
without_centrality,low_level-mid_level,1,3,42003010000,cv,5200,1300,0.928247335654743,0.8051948051948052,0.8157894736842105,0.7948717948717948,0.8387096774193549
without_centrality,low_level-deep_level,1,3,42003010000,cv,5200,1300,0.9482237339380196,0.9156626506024096,0.926829268292683,0.9047619047619048,0.9333333333333332
without_centrality,mid_level-mid_level,1,3,42003010000,cv,5200,1300,0.92103953002091,0.8495934959349594,0.8600823045267489,0.8393574297188755,0.8492871690427699
without_centrality,mid_level-deep_level,1,3,42003010000,cv,5200,1300,0.942288049029622,0.8913649025069638,0.8839779005524862,0.898876404494382,0.8741935483870967
without_centrality,deep_level-deep_level,1,3,42003010000,cv,5200,1300,0.9186046511627908,0.9767441860465116,0.9767441860465116,0.9767441860465116,0.9629629629629628
all_descriptors,overall,1,4,42004010000,cv,5200,1300,0.9519550295857988,0.8804265041888805,0.8717948717948718,0.8892307692307693,0.8792307692307693
all_descriptors,low_level-low_level,1,4,42004010000,cv,5200,1300,0.9560185185185184,0.9142857142857144,0.9411764705882352,0.8888888888888888,0.9285714285714286
all_descriptors,low_level-mid_level,1,4,42004010000,cv,5200,1300,0.9476964296115092,0.8059701492537313,0.7788461538461539,0.8350515463917526,0.8576642335766423
all_descriptors,low_level-deep_level,1,4,42004010000,cv,5200,1300,0.9592731829573936,0.8869565217391304,0.8793103448275862,0.8947368421052632,0.8849557522123894
all_descriptors,mid_level-mid_level,1,4,42004010000,cv,5200,1300,0.9550975706889684,0.8866396761133604,0.8725099601593626,0.9012345679012346,0.8859470468431772
all_descriptors,mid_level-deep_level,1,4,42004010000,cv,5200,1300,0.9382004222835796,0.8936170212765957,0.8936170212765957,0.8936170212765957,0.8746081504702194
all_descriptors,deep_level-deep_level,1,4,42004010000,cv,5200,1300,0.9270516717325228,0.9347826086956522,0.9555555555555556,0.9148936170212766,0.9016393442622952
without_degree_size,overall,1,4,42004010000,cv,5200,1300,0.8615668639053254,0.7856093979441997,0.7514044943820225,0.823076923076923,0.7753846153846153
without_degree_size,low_level-low_level,1,4,42004010000,cv,5200,1300,0.914351851851852,0.8333333333333334,0.8333333333333334,0.8333333333333334,0.8571428571428571
without_degree_size,low_level-mid_level,1,4,42004010000,cv,5200,1300,0.8352262799231172,0.6826923076923077,0.6396396396396397,0.7319587628865979,0.7591240875912408
without_degree_size,low_level-deep_level,1,4,42004010000,cv,5200,1300,0.8280075187969925,0.7304347826086957,0.7241379310344828,0.7368421052631579,0.7256637168141593
without_degree_size,mid_level-mid_level,1,4,42004010000,cv,5200,1300,0.86366653391743,0.786692759295499,0.75,0.8271604938271605,0.7780040733197556
without_degree_size,mid_level-deep_level,1,4,42004010000,cv,5200,1300,0.8519571219749879,0.82,0.7735849056603774,0.8723404255319149,0.774294670846395
without_degree_size,deep_level-deep_level,1,4,42004010000,cv,5200,1300,0.919452887537994,0.9130434782608696,0.9333333333333332,0.8936170212765957,0.8688524590163934
without_clustering_boundary,overall,1,4,42004010000,cv,5200,1300,0.9430934911242604,0.8654434250764526,0.8601823708206687,0.8707692307692307,0.8646153846153846
without_clustering_boundary,low_level-low_level,1,4,42004010000,cv,5200,1300,0.9328703703703703,0.9142857142857144,0.9411764705882352,0.8888888888888888,0.9285714285714286
without_clustering_boundary,low_level-mid_level,1,4,42004010000,cv,5200,1300,0.9624322907565962,0.85,0.8252427184466019,0.8762886597938144,0.8905109489051095
without_clustering_boundary,low_level-deep_level,1,4,42004010000,cv,5200,1300,0.9407894736842104,0.8571428571428571,0.8727272727272727,0.8421052631578947,0.8584070796460177
without_clustering_boundary,mid_level-mid_level,1,4,42004010000,cv,5200,1300,0.9422872693482012,0.8629032258064516,0.8458498023715415,0.8806584362139918,0.8615071283095723
without_clustering_boundary,mid_level-deep_level,1,4,42004010000,cv,5200,1300,0.920496995289914,0.8579088471849866,0.8648648648648649,0.851063829787234,0.8338557993730408
without_clustering_boundary,deep_level-deep_level,1,4,42004010000,cv,5200,1300,0.9300911854103344,0.9347826086956522,0.9555555555555556,0.9148936170212766,0.9016393442622952
without_centrality,overall,1,4,42004010000,cv,5200,1300,0.9532260355029584,0.8732394366197183,0.8885350318471338,0.8584615384615385,0.8753846153846154
without_centrality,low_level-low_level,1,4,42004010000,cv,5200,1300,0.9513888888888888,0.9142857142857144,0.9411764705882352,0.8888888888888888,0.9285714285714286
without_centrality,low_level-mid_level,1,4,42004010000,cv,5200,1300,0.9592870871920322,0.8426395939086294,0.83,0.8556701030927835,0.8868613138686131
without_centrality,low_level-deep_level,1,4,42004010000,cv,5200,1300,0.9555137844611528,0.8727272727272727,0.9056603773584906,0.8421052631578947,0.8761061946902655
without_centrality,mid_level-mid_level,1,4,42004010000,cv,5200,1300,0.9551141643435552,0.8791666666666667,0.890295358649789,0.8683127572016461,0.8818737270875764
without_centrality,mid_level-deep_level,1,4,42004010000,cv,5200,1300,0.9411239239889556,0.8688524590163934,0.8932584269662921,0.8457446808510638,0.8495297805642633
without_centrality,deep_level-deep_level,1,4,42004010000,cv,5200,1300,0.93161094224924,0.9111111111111112,0.9534883720930232,0.8723404255319149,0.8688524590163934
all_descriptors,overall,2,0,42000020000,cv,5200,1300,0.9510497041420118,0.8777089783281734,0.883177570093458,0.8723076923076923,0.8784615384615385
all_descriptors,low_level-low_level,2,0,42000020000,cv,5200,1300,0.9464285714285714,0.8780487804878049,0.9,0.8571428571428571,0.8888888888888888
all_descriptors,low_level-mid_level,2,0,42000020000,cv,5200,1300,0.9540068798573068,0.8279569892473119,0.8369565217391305,0.8191489361702128,0.8773946360153256
all_descriptors,low_level-deep_level,2,0,42000020000,cv,5200,1300,0.954688731284476,0.8846153846153846,0.92,0.8518518518518519,0.8811881188118812
all_descriptors,mid_level-mid_level,2,0,42000020000,cv,5200,1300,0.9491965132827324,0.8717948717948718,0.8532818532818532,0.8911290322580645,0.875
all_descriptors,mid_level-deep_level,2,0,42000020000,cv,5200,1300,0.9451107218254504,0.8914285714285715,0.9230769230769232,0.861878453038674,0.875
all_descriptors,deep_level-deep_level,2,0,42000020000,cv,5200,1300,0.9423076923076924,0.9423076923076924,0.9423076923076924,0.9423076923076924,0.9130434782608696
without_degree_size,overall,2,0,42000020000,cv,5200,1300,0.8594721893491123,0.7884187082405345,0.7618364418938307,0.816923076923077,0.7807692307692308
without_degree_size,low_level-low_level,2,0,42000020000,cv,5200,1300,0.8492063492063493,0.75,0.7894736842105263,0.7142857142857143,0.7777777777777778
without_degree_size,low_level-mid_level,2,0,42000020000,cv,5200,1300,0.8464772582494585,0.7272727272727273,0.6923076923076923,0.7659574468085106,0.7931034482758621
without_degree_size,low_level-deep_level,2,0,42000020000,cv,5200,1300,0.8502758077226162,0.7521367521367521,0.6984126984126984,0.8148148148148148,0.7128712871287128
without_degree_size,mid_level-mid_level,2,0,42000020000,cv,5200,1300,0.8537861717267552,0.7751937984496124,0.746268656716418,0.8064516129032258,0.7769230769230769
without_degree_size,mid_level-deep_level,2,0,42000020000,cv,5200,1300,0.843013071014688,0.8235294117647058,0.7979274611398963,0.850828729281768,0.7828947368421053
without_degree_size,deep_level-deep_level,2,0,42000020000,cv,5200,1300,0.9558823529411764,0.9019607843137256,0.92,0.8846153846153846,0.855072463768116
without_clustering_boundary,overall,2,0,42000020000,cv,5200,1300,0.944021301775148,0.8655589123867069,0.8501483679525222,0.8815384615384615,0.8630769230769231
without_clustering_boundary,low_level-low_level,2,0,42000020000,cv,5200,1300,0.9543650793650792,0.85,0.8947368421052632,0.8095238095238095,0.8666666666666667
without_clustering_boundary,low_level-mid_level,2,0,42000020000,cv,5200,1300,0.9531150465027391,0.8387096774193549,0.8478260869565217,0.8297872340425532,0.8850574712643678
without_clustering_boundary,low_level-deep_level,2,0,42000020000,cv,5200,1300,0.9535066981875492,0.897196261682243,0.9056603773584906,0.8888888888888888,0.8910891089108911
without_clustering_boundary,mid_level-mid_level,2,0,42000020000,cv,5200,1300,0.9353059772296016,0.844106463878327,0.7985611510791367,0.8951612903225806,0.8423076923076923
without_clustering_boundary,mid_level-deep_level,2,0,42000020000,cv,5200,1300,0.9394511072182544,0.8888888888888888,0.8938547486033519,0.8839779005524862,0.868421052631579
without_clustering_boundary,deep_level-deep_level,2,0,42000020000,cv,5200,1300,0.9287330316742082,0.9142857142857144,0.9056603773584906,0.9230769230769232,0.8695652173913043
without_centrality,overall,2,0,42000020000,cv,5200,1300,0.9494508875739645,0.882938026013772,0.878234398782344,0.8876923076923077,0.8823076923076923
without_centrality,low_level-low_level,2,0,42000020000,cv,5200,1300,0.9722222222222222,0.8780487804878049,0.9,0.8571428571428571,0.8888888888888888
without_centrality,low_level-mid_level,2,0,42000020000,cv,5200,1300,0.9491654987896548,0.8247422680412371,0.8,0.851063829787234,0.8697318007662835
without_centrality,low_level-deep_level,2,0,42000020000,cv,5200,1300,0.97123719464145,0.9074074074074074,0.9074074074074074,0.9074074074074074,0.900990099009901
without_centrality,mid_level-mid_level,2,0,42000020000,cv,5200,1300,0.9450901328273246,0.8871287128712871,0.8715953307392996,0.9032258064516128,0.8903846153846153
without_centrality,mid_level-deep_level,2,0,42000020000,cv,5200,1300,0.9419215739118716,0.8851540616246498,0.8977272727272727,0.8729281767955801,0.8651315789473685
without_centrality,deep_level-deep_level,2,0,42000020000,cv,5200,1300,0.9411764705882352,0.9411764705882352,0.96,0.9230769230769232,0.9130434782608696
all_descriptors,overall,2,1,42001020000,cv,5200,1300,0.9412520710059172,0.8573680063041765,0.8788368336025848,0.8369230769230769,0.8607692307692307
all_descriptors,low_level-low_level,2,1,42001020000,cv,5200,1300,0.97,0.8292682926829268,0.8095238095238095,0.85,0.8833333333333333
all_descriptors,low_level-mid_level,2,1,42001020000,cv,5200,1300,0.93986193986194,0.8229665071770335,0.8775510204081632,0.7747747747747747,0.8603773584905661
all_descriptors,low_level-deep_level,2,1,42001020000,cv,5200,1300,0.9141773352299668,0.8,0.7894736842105263,0.8108108108108109,0.8404255319148937
all_descriptors,mid_level-mid_level,2,1,42001020000,cv,5200,1300,0.9331402176465982,0.8372093023255814,0.853448275862069,0.8215767634854771,0.8478260869565217
all_descriptors,mid_level-deep_level,2,1,42001020000,cv,5200,1300,0.9439024390243902,0.8927680798004988,0.9132653061224488,0.8731707317073171,0.8693009118541033
all_descriptors,deep_level-deep_level,2,1,42001020000,cv,5200,1300,0.9861111111111112,0.9714285714285714,1.0,0.9444444444444444,0.9565217391304348
without_degree_size,overall,2,1,42001020000,cv,5200,1300,0.8539384615384615,0.7786824574389342,0.7503566333808844,0.8092307692307692,0.77
without_degree_size,low_level-low_level,2,1,42001020000,cv,5200,1300,0.8825000000000001,0.7619047619047619,0.7272727272727273,0.8,0.8333333333333334
without_degree_size,low_level-mid_level,2,1,42001020000,cv,5200,1300,0.8218088218088219,0.6814159292035398,0.6695652173913044,0.6936936936936937,0.7283018867924528
without_degree_size,low_level-deep_level,2,1,42001020000,cv,5200,1300,0.8183973447131342,0.7380952380952381,0.6595744680851063,0.8378378378378378,0.7659574468085106
without_degree_size,mid_level-mid_level,2,1,42001020000,cv,5200,1300,0.8450324904094575,0.7692307692307693,0.7168458781362007,0.8298755186721992,0.7628458498023716
without_degree_size,mid_level-deep_level,2,1,42001020000,cv,5200,1300,0.8648701809598741,0.8304668304668305,0.8366336633663366,0.824390243902439,0.790273556231003
without_degree_size,deep_level-deep_level,2,1,42001020000,cv,5200,1300,0.9638888888888888,0.9166666666666666,0.9166666666666666,0.9166666666666666,0.8695652173913043
without_clustering_boundary,overall,2,1,42001020000,cv,5200,1300,0.9368260355029584,0.8521739130434782,0.8764227642276423,0.8292307692307692,0.8561538461538462
without_clustering_boundary,low_level-low_level,2,1,42001020000,cv,5200,1300,0.96875,0.8571428571428571,0.8181818181818182,0.9,0.9
without_clustering_boundary,low_level-mid_level,2,1,42001020000,cv,5200,1300,0.9247689247689248,0.803921568627451,0.8817204301075269,0.7387387387387387,0.8490566037735849
without_clustering_boundary,low_level-deep_level,2,1,42001020000,cv,5200,1300,0.8937885253674728,0.7733333333333333,0.7631578947368421,0.7837837837837838,0.8191489361702128
without_clustering_boundary,mid_level-mid_level,2,1,42001020000,cv,5200,1300,0.9330462694746732,0.8385744234800838,0.847457627118644,0.8298755186721992,0.8478260869565217
without_clustering_boundary,mid_level-deep_level,2,1,42001020000,cv,5200,1300,0.9413060582218724,0.8894472361809045,0.917098445595855,0.8634146341463415,0.8662613981762918
without_clustering_boundary,deep_level-deep_level,2,1,42001020000,cv,5200,1300,0.9861111111111112,0.9565217391304348,1.0,0.9166666666666666,0.9347826086956522
without_centrality,overall,2,1,42001020000,cv,5200,1300,0.9471360946745562,0.8729792147806005,0.8736517719568567,0.8723076923076923,0.8730769230769231
without_centrality,low_level-low_level,2,1,42001020000,cv,5200,1300,0.9825,0.85,0.85,0.85,0.9
without_centrality,low_level-mid_level,2,1,42001020000,cv,5200,1300,0.9475254475254477,0.8401826484018264,0.8518518518518519,0.8288288288288288,0.8679245283018868
without_centrality,low_level-deep_level,2,1,42001020000,cv,5200,1300,0.9378852536747274,0.8571428571428571,0.825,0.8918918918918919,0.8829787234042553
without_centrality,mid_level-mid_level,2,1,42001020000,cv,5200,1300,0.9428481954121976,0.8635437881873728,0.848,0.8796680497925311,0.8675889328063241
without_centrality,mid_level-deep_level,2,1,42001020000,cv,5200,1300,0.9378835562549174,0.8933002481389578,0.9090909090909092,0.8780487804878049,0.8693009118541033
without_centrality,deep_level-deep_level,2,1,42001020000,cv,5200,1300,0.9777777777777776,0.9565217391304348,1.0,0.9166666666666666,0.9347826086956522
all_descriptors,overall,2,2,42002020000,cv,5200,1300,0.937831952662722,0.8637770897832817,0.8691588785046729,0.8584615384615385,0.8646153846153846
all_descriptors,low_level-low_level,2,2,42002020000,cv,5200,1300,0.9298245614035088,0.8333333333333334,0.8823529411764706,0.7894736842105263,0.8775510204081632
all_descriptors,low_level-mid_level,2,2,42002020000,cv,5200,1300,0.9250678169609108,0.8398268398268398,0.8220338983050848,0.8584070796460177,0.8814102564102564
all_descriptors,low_level-deep_level,2,2,42002020000,cv,5200,1300,0.958974358974359,0.8717948717948718,0.8717948717948718,0.8717948717948718,0.8734177215189873
all_descriptors,mid_level-mid_level,2,2,42002020000,cv,5200,1300,0.9296140021878418,0.849624060150376,0.8625954198473282,0.837037037037037,0.8422090729783037
all_descriptors,mid_level-deep_level,2,2,42002020000,cv,5200,1300,0.950313925651565,0.8967551622418879,0.8941176470588236,0.8994082840236687,0.8833333333333333
all_descriptors,deep_level-deep_level,2,2,42002020000,cv,5200,1300,0.9057692307692308,0.8947368421052632,0.9444444444444444,0.85,0.8490566037735849
without_degree_size,overall,2,2,42002020000,cv,5200,1300,0.86341775147929,0.7769230769230769,0.7769230769230769,0.7769230769230769,0.7769230769230769
without_degree_size,low_level-low_level,2,2,42002020000,cv,5200,1300,0.8473684210526317,0.7567567567567568,0.7777777777777778,0.7368421052631579,0.8163265306122449
without_degree_size,low_level-mid_level,2,2,42002020000,cv,5200,1300,0.8516476186240939,0.7017543859649122,0.6956521739130435,0.7079646017699115,0.782051282051282
without_degree_size,low_level-deep_level,2,2,42002020000,cv,5200,1300,0.823076923076923,0.7341772151898734,0.725,0.7435897435897436,0.7341772151898734
without_degree_size,mid_level-mid_level,2,2,42002020000,cv,5200,1300,0.8550242225347711,0.7729831144465291,0.7832699619771863,0.762962962962963,0.7613412228796844
without_degree_size,mid_level-deep_level,2,2,42002020000,cv,5200,1300,0.8751524459099327,0.8173913043478261,0.8011363636363636,0.834319526627219,0.79
without_degree_size,deep_level-deep_level,2,2,42002020000,cv,5200,1300,0.8865384615384615,0.8974358974358975,0.9210526315789472,0.875,0.8490566037735849
without_clustering_boundary,overall,2,2,42002020000,cv,5200,1300,0.9326508875739644,0.8498402555910544,0.8837209302325582,0.8184615384615385,0.8553846153846154
without_clustering_boundary,low_level-low_level,2,2,42002020000,cv,5200,1300,0.8868421052631579,0.6666666666666666,0.7058823529411765,0.631578947368421,0.7551020408163265
without_clustering_boundary,low_level-mid_level,2,2,42002020000,cv,5200,1300,0.9178636545559656,0.794392523364486,0.8415841584158416,0.7522123893805309,0.8589743589743589
without_clustering_boundary,low_level-deep_level,2,2,42002020000,cv,5200,1300,0.933974358974359,0.8493150684931506,0.9117647058823528,0.7948717948717948,0.8607594936708861
without_clustering_boundary,mid_level-mid_level,2,2,42002020000,cv,5200,1300,0.928113767776215,0.8571428571428571,0.8823529411764706,0.8333333333333334,0.8520710059171598
without_clustering_boundary,mid_level-deep_level,2,2,42002020000,cv,5200,1300,0.9553728714034058,0.8942598187311178,0.9135802469135802,0.8757396449704142,0.8833333333333333
without_clustering_boundary,deep_level-deep_level,2,2,42002020000,cv,5200,1300,0.9346153846153846,0.8493150684931506,0.9393939393939394,0.775,0.7924528301886793
without_centrality,overall,2,2,42002020000,cv,5200,1300,0.9430769230769231,0.8672427336999214,0.8860353130016051,0.8492307692307692,0.87
without_centrality,low_level-low_level,2,2,42002020000,cv,5200,1300,0.9298245614035088,0.8,0.875,0.7368421052631579,0.8571428571428571
without_centrality,low_level-mid_level,2,2,42002020000,cv,5200,1300,0.9438342153244096,0.8355555555555556,0.8392857142857143,0.831858407079646,0.8814102564102564
without_centrality,low_level-deep_level,2,2,42002020000,cv,5200,1300,0.9576923076923076,0.868421052631579,0.8918918918918919,0.8461538461538461,0.8734177215189873
without_centrality,mid_level-mid_level,2,2,42002020000,cv,5200,1300,0.935349273323957,0.8652751423149905,0.8871595330739299,0.8444444444444444,0.8599605522682445
without_centrality,mid_level-deep_level,2,2,42002020000,cv,5200,1300,0.9546501648674286,0.8955223880597015,0.9036144578313252,0.8875739644970414,0.8833333333333333
without_centrality,deep_level-deep_level,2,2,42002020000,cv,5200,1300,0.9173076923076924,0.88,0.9428571428571428,0.825,0.8301886792452831
all_descriptors,overall,2,3,42003020000,cv,5200,1300,0.9484118343195268,0.8743416102332581,0.8556701030927835,0.8938461538461538,0.8715384615384615
all_descriptors,low_level-low_level,2,3,42003020000,cv,5200,1300,0.9136904761904762,0.7741935483870968,0.8,0.75,0.8108108108108109
all_descriptors,low_level-mid_level,2,3,42003020000,cv,5200,1300,0.948503207412687,0.8241206030150754,0.7663551401869159,0.8913043478260869,0.8727272727272727
all_descriptors,low_level-deep_level,2,3,42003020000,cv,5200,1300,0.942063492063492,0.8444444444444444,0.8444444444444444,0.8444444444444444,0.8613861386138614
all_descriptors,mid_level-mid_level,2,3,42003020000,cv,5200,1300,0.9362765514369014,0.8582995951417004,0.8514056224899599,0.8653061224489796,0.8571428571428571
all_descriptors,mid_level-deep_level,2,3,42003020000,cv,5200,1300,0.9575355100534956,0.9054726368159204,0.8792270531400966,0.9333333333333332,0.8862275449101796
all_descriptors,deep_level-deep_level,2,3,42003020000,cv,5200,1300,0.9912280701754386,0.9734513274336284,0.9821428571428572,0.9649122807017544,0.9523809523809524
without_degree_size,overall,2,3,42003020000,cv,5200,1300,0.8726177514792899,0.7981859410430839,0.7845468053491828,0.8123076923076923,0.7946153846153846
without_degree_size,low_level-low_level,2,3,42003020000,cv,5200,1300,0.9226190476190476,0.7586206896551724,0.8461538461538461,0.6875,0.8108108108108109
without_degree_size,low_level-mid_level,2,3,42003020000,cv,5200,1300,0.8573889284865764,0.7216494845360825,0.6862745098039216,0.7608695652173914,0.8036363636363636
without_degree_size,low_level-deep_level,2,3,42003020000,cv,5200,1300,0.8111111111111111,0.6823529411764706,0.725,0.6444444444444445,0.7326732673267327
without_degree_size,mid_level-mid_level,2,3,42003020000,cv,5200,1300,0.8611578508954603,0.7905138339920948,0.7662835249042146,0.8163265306122449,0.7836734693877551
without_degree_size,mid_level-deep_level,2,3,42003020000,cv,5200,1300,0.8848920863309352,0.8436724565756824,0.8173076923076923,0.8717948717948718,0.811377245508982
without_degree_size,deep_level-deep_level,2,3,42003020000,cv,5200,1300,0.9005847953216375,0.9056603773584906,0.979591836734694,0.8421052631578947,0.8412698412698413
without_clustering_boundary,overall,2,3,42003020000,cv,5200,1300,0.9392378698224852,0.8653992395437262,0.8556390977443609,0.8753846153846154,0.8638461538461538
without_clustering_boundary,low_level-low_level,2,3,42003020000,cv,5200,1300,0.931547619047619,0.8387096774193549,0.8666666666666667,0.8125,0.8648648648648649
without_clustering_boundary,low_level-mid_level,2,3,42003020000,cv,5200,1300,0.9349607982893798,0.78125,0.75,0.8152173913043478,0.8472727272727273
without_clustering_boundary,low_level-deep_level,2,3,42003020000,cv,5200,1300,0.9230158730158732,0.8222222222222222,0.8222222222222222,0.8222222222222222,0.8415841584158416
without_clustering_boundary,mid_level-mid_level,2,3,42003020000,cv,5200,1300,0.9286963765097876,0.8651911468812877,0.8531746031746031,0.8775510204081632,0.863265306122449
without_clustering_boundary,mid_level-deep_level,2,3,42003020000,cv,5200,1300,0.9502305847629589,0.8962025316455696,0.885,0.9076923076923076,0.8772455089820359
without_clustering_boundary,deep_level-deep_level,2,3,42003020000,cv,5200,1300,0.9707602339181288,0.9454545454545454,0.981132075471698,0.912280701754386,0.9047619047619048
without_centrality,overall,2,3,42003020000,cv,5200,1300,0.9476615384615386,0.8717948717948718,0.8550295857988166,0.8892307692307693,0.8692307692307693
without_centrality,low_level-low_level,2,3,42003020000,cv,5200,1300,0.9523809523809524,0.9032258064516128,0.9333333333333332,0.875,0.918918918918919
without_centrality,low_level-mid_level,2,3,42003020000,cv,5200,1300,0.9379306248515088,0.7897435897435897,0.7475728155339806,0.8369565217391305,0.850909090909091
without_centrality,low_level-deep_level,2,3,42003020000,cv,5200,1300,0.9476190476190476,0.8666666666666667,0.8666666666666667,0.8666666666666667,0.8811881188118812
without_centrality,mid_level-mid_level,2,3,42003020000,cv,5200,1300,0.9351603498542274,0.8508946322067594,0.8294573643410853,0.8734693877551021,0.8469387755102041
without_centrality,mid_level-deep_level,2,3,42003020000,cv,5200,1300,0.9591219332226526,0.9086294416243654,0.8994974874371859,0.917948717948718,0.8922155688622755
without_centrality,deep_level-deep_level,2,3,42003020000,cv,5200,1300,0.9678362573099416,0.9734513274336284,0.9821428571428572,0.9649122807017544,0.9523809523809524
all_descriptors,overall,2,4,42004020000,cv,5200,1300,0.943003550295858,0.8587041373926619,0.8716323296354992,0.8461538461538461,0.8607692307692307
all_descriptors,low_level-low_level,2,4,42004020000,cv,5200,1300,0.9761904761904762,0.8275862068965517,0.8,0.8571428571428571,0.8936170212765957
all_descriptors,low_level-mid_level,2,4,42004020000,cv,5200,1300,0.9340421096518656,0.7983870967741935,0.792,0.8048780487804879,0.8427672955974843
all_descriptors,low_level-deep_level,2,4,42004020000,cv,5200,1300,0.9675856929955292,0.891566265060241,0.9487179487179488,0.8409090909090909,0.9142857142857144
all_descriptors,mid_level-mid_level,2,4,42004020000,cv,5200,1300,0.9362581152862484,0.8558951965065502,0.8596491228070176,0.8521739130434782,0.8536585365853658
all_descriptors,mid_level-deep_level,2,4,42004020000,cv,5200,1300,0.941950738916256,0.8854961832061069,0.9157894736842104,0.8571428571428571,0.8628048780487805
all_descriptors,deep_level-deep_level,2,4,42004020000,cv,5200,1300,0.901851851851852,0.9142857142857144,0.9411764705882352,0.8888888888888888,0.8823529411764706
without_degree_size,overall,2,4,42004020000,cv,5200,1300,0.8434745562130177,0.7802037845705968,0.7403314917127072,0.8246153846153846,0.7676923076923077
without_degree_size,low_level-low_level,2,4,42004020000,cv,5200,1300,0.8874458874458875,0.6896551724137931,0.6666666666666666,0.7142857142857143,0.8085106382978723
without_degree_size,low_level-mid_level,2,4,42004020000,cv,5200,1300,0.8137585991244527,0.6770428015564203,0.6492537313432836,0.7073170731707317,0.7389937106918238
without_degree_size,low_level-deep_level,2,4,42004020000,cv,5200,1300,0.8826378539493295,0.8043478260869565,0.7708333333333334,0.8409090909090909,0.8285714285714286
without_degree_size,mid_level-mid_level,2,4,42004020000,cv,5200,1300,0.8390517410977769,0.784394250513347,0.7431906614785992,0.8304347826086956,0.7671840354767184
without_degree_size,mid_level-deep_level,2,4,42004020000,cv,5200,1300,0.8134778325123153,0.8294930875576036,0.7792207792207793,0.8866995073891626,0.774390243902439
without_degree_size,deep_level-deep_level,2,4,42004020000,cv,5200,1300,0.7907407407407407,0.8266666666666667,0.7948717948717948,0.8611111111111112,0.7450980392156863
without_clustering_boundary,overall,2,4,42004020000,cv,5200,1300,0.9405988165680474,0.8571428571428571,0.8512898330804249,0.8630769230769231,0.8561538461538462
without_clustering_boundary,low_level-low_level,2,4,42004020000,cv,5200,1300,0.9415584415584416,0.7586206896551724,0.7333333333333333,0.7857142857142857,0.851063829787234
without_clustering_boundary,low_level-mid_level,2,4,42004020000,cv,5200,1300,0.9225349176568688,0.784,0.7716535433070866,0.7967479674796748,0.8301886792452831
without_clustering_boundary,low_level-deep_level,2,4,42004020000,cv,5200,1300,0.9619970193740686,0.9176470588235294,0.951219512195122,0.8863636363636364,0.9333333333333332
without_clustering_boundary,mid_level-mid_level,2,4,42004020000,cv,5200,1300,0.943891402714932,0.8693790149892934,0.8565400843881856,0.8826086956521739,0.8647450110864745
without_clustering_boundary,mid_level-deep_level,2,4,42004020000,cv,5200,1300,0.9378916256157636,0.8746928746928747,0.8725490196078431,0.8768472906403941,0.8445121951219512
without_clustering_boundary,deep_level-deep_level,2,4,42004020000,cv,5200,1300,0.9055555555555556,0.9014084507042254,0.9142857142857144,0.8888888888888888,0.8627450980392157
without_centrality,overall,2,4,42004020000,cv,5200,1300,0.9458639053254436,0.8634569850039463,0.8865478119935171,0.8415384615384616,0.8669230769230769
without_centrality,low_level-low_level,2,4,42004020000,cv,5200,1300,0.9761904761904762,0.8275862068965517,0.8,0.8571428571428571,0.8936170212765957
without_centrality,low_level-mid_level,2,4,42004020000,cv,5200,1300,0.9340838023764854,0.8016528925619835,0.8151260504201681,0.7886178861788617,0.8490566037735849
without_centrality,low_level-deep_level,2,4,42004020000,cv,5200,1300,0.9631147540983608,0.9176470588235294,0.951219512195122,0.8863636363636364,0.9333333333333332
without_centrality,mid_level-mid_level,2,4,42004020000,cv,5200,1300,0.9443832382451308,0.8641425389755011,0.8858447488584474,0.8434782608695652,0.8647450110864745
without_centrality,mid_level-deep_level,2,4,42004020000,cv,5200,1300,0.9449852216748768,0.8877551020408163,0.9206349206349206,0.8571428571428571,0.8658536585365854
without_centrality,deep_level-deep_level,2,4,42004020000,cv,5200,1300,0.8990740740740741,0.8857142857142857,0.9117647058823528,0.8611111111111112,0.8431372549019608
all_descriptors,overall,3,0,42000030000,cv,5200,1300,0.9413349112426036,0.8526398739164697,0.8739903069466882,0.8323076923076923,0.8561538461538462
all_descriptors,low_level-low_level,3,0,42000030000,cv,5200,1300,0.9751552795031057,0.9523809523809524,0.9523809523809524,0.9523809523809524,0.9545454545454546
all_descriptors,low_level-mid_level,3,0,42000030000,cv,5200,1300,0.9326932845677132,0.7902439024390244,0.7864077669902912,0.7941176470588235,0.8542372881355932
all_descriptors,low_level-deep_level,3,0,42000030000,cv,5200,1300,0.9455026455026456,0.8285714285714286,0.8285714285714286,0.8285714285714286,0.8651685393258427
all_descriptors,mid_level-mid_level,3,0,42000030000,cv,5200,1300,0.9377595514950168,0.8423153692614771,0.8683127572016461,0.8178294573643411,0.8360995850622407
all_descriptors,mid_level-deep_level,3,0,42000030000,cv,5200,1300,0.9359763968283238,0.8753462603878116,0.9080459770114944,0.8449197860962567,0.8644578313253012
all_descriptors,deep_level-deep_level,3,0,42000030000,cv,5200,1300,0.9806576402321082,0.9333333333333332,0.9767441860465116,0.8936170212765957,0.896551724137931
without_degree_size,overall,3,0,42000030000,cv,5200,1300,0.8643668639053254,0.7861356932153393,0.7549575070821529,0.82,0.7769230769230769
without_degree_size,low_level-low_level,3,0,42000030000,cv,5200,1300,0.8695652173913044,0.75,0.7894736842105263,0.7142857142857143,0.7727272727272727
without_degree_size,low_level-mid_level,3,0,42000030000,cv,5200,1300,0.8075281926242,0.6543778801843319,0.6173913043478261,0.696078431372549,0.7457627118644068
without_degree_size,low_level-deep_level,3,0,42000030000,cv,5200,1300,0.8264550264550264,0.7397260273972602,0.7105263157894737,0.7714285714285715,0.7865168539325843
without_degree_size,mid_level-mid_level,3,0,42000030000,cv,5200,1300,0.8578349944629015,0.7932960893854749,0.7634408602150538,0.8255813953488372,0.7697095435684648
without_degree_size,mid_level-deep_level,3,0,42000030000,cv,5200,1300,0.886778535865757,0.8291457286432161,0.7819905213270142,0.8823529411764706,0.7951807228915663
without_degree_size,deep_level-deep_level,3,0,42000030000,cv,5200,1300,0.9690522243713732,0.9230769230769232,0.9545454545454546,0.8936170212765957,0.8793103448275862
without_clustering_boundary,overall,3,0,42000030000,cv,5200,1300,0.9455940828402368,0.8722139673105498,0.8433908045977011,0.9030769230769232,0.8676923076923077
without_clustering_boundary,low_level-low_level,3,0,42000030000,cv,5200,1300,0.9834368530020704,0.9302325581395348,0.9090909090909092,0.9523809523809524,0.9318181818181818
without_clustering_boundary,low_level-mid_level,3,0,42000030000,cv,5200,1300,0.9352331606217616,0.8018018018018018,0.7416666666666667,0.8725490196078431,0.8508474576271187
without_clustering_boundary,low_level-deep_level,3,0,42000030000,cv,5200,1300,0.9518518518518518,0.8108108108108109,0.7692307692307693,0.8571428571428571,0.8426966292134831
without_clustering_boundary,mid_level-mid_level,3,0,42000030000,cv,5200,1300,0.936859772978959,0.8716981132075472,0.8492647058823529,0.8953488372093024,0.8589211618257261
without_clustering_boundary,mid_level-deep_level,3,0,42000030000,cv,5200,1300,0.9463396643924028,0.8987012987012987,0.8737373737373737,0.9251336898395722,0.8825301204819277
without_clustering_boundary,deep_level-deep_level,3,0,42000030000,cv,5200,1300,0.990328820116054,0.9565217391304348,0.9777777777777776,0.9361702127659576,0.9310344827586208
without_centrality,overall,3,0,42000030000,cv,5200,1300,0.9542201183431954,0.8805031446540881,0.9003215434083601,0.8615384615384616,0.8830769230769231
without_centrality,low_level-low_level,3,0,42000030000,cv,5200,1300,0.9855072463768116,0.926829268292683,0.95,0.9047619047619048,0.9318181818181818
without_centrality,low_level-mid_level,3,0,42000030000,cv,5200,1300,0.943462359036879,0.8155339805825242,0.8076923076923077,0.8235294117647058,0.8711864406779661
without_centrality,low_level-deep_level,3,0,42000030000,cv,5200,1300,0.9767195767195768,0.8985507246376812,0.9117647058823528,0.8857142857142857,0.9213483146067416
without_centrality,mid_level-mid_level,3,0,42000030000,cv,5200,1300,0.9503391472868218,0.874251497005988,0.9012345679012346,0.8488372093023255,0.8692946058091287
without_centrality,mid_level-deep_level,3,0,42000030000,cv,5200,1300,0.9503226996127604,0.9010989010989012,0.9265536723163842,0.8770053475935828,0.891566265060241
without_centrality,deep_level-deep_level,3,0,42000030000,cv,5200,1300,0.9748549323017408,0.945054945054945,0.9772727272727272,0.9148936170212766,0.913793103448276
all_descriptors,overall,3,1,42001030000,cv,5200,1300,0.9428828402366864,0.8630451415455241,0.8584474885844748,0.8676923076923077,0.8623076923076923
all_descriptors,low_level-low_level,3,1,42001030000,cv,5200,1300,0.9333333333333332,0.7916666666666666,0.7916666666666666,0.7916666666666666,0.84375
all_descriptors,low_level-mid_level,3,1,42001030000,cv,5200,1300,0.938010752688172,0.8148148148148148,0.7586206896551724,0.88,0.8601398601398601
all_descriptors,low_level-deep_level,3,1,42001030000,cv,5200,1300,0.9718670076726342,0.8863636363636364,0.9285714285714286,0.8478260869565217,0.8969072164948454
all_descriptors,mid_level-mid_level,3,1,42001030000,cv,5200,1300,0.9409027157975264,0.8683693516699411,0.86328125,0.8735177865612648,0.8662674650698603
all_descriptors,mid_level-deep_level,3,1,42001030000,cv,5200,1300,0.9374521072796936,0.8739495798319328,0.8813559322033898,0.8666666666666667,0.847972972972973
all_descriptors,deep_level-deep_level,3,1,42001030000,cv,5200,1300,0.9692671394799056,0.9213483146067416,0.9761904761904762,0.8723404255319149,0.875
without_degree_size,overall,3,1,42001030000,cv,5200,1300,0.8674934911242603,0.7970260223048327,0.7712230215827338,0.8246153846153846,0.79
without_degree_size,low_level-low_level,3,1,42001030000,cv,5200,1300,0.8895833333333334,0.72,0.6923076923076923,0.75,0.78125
without_degree_size,low_level-mid_level,3,1,42001030000,cv,5200,1300,0.849247311827957,0.7238095238095238,0.6909090909090909,0.76,0.7972027972027972
without_degree_size,low_level-deep_level,3,1,42001030000,cv,5200,1300,0.9019607843137256,0.8089887640449438,0.8372093023255814,0.782608695652174,0.8247422680412371
without_degree_size,mid_level-mid_level,3,1,42001030000,cv,5200,1300,0.8429013132729823,0.7660377358490567,0.7328519855595668,0.8023715415019763,0.7524950099800399
without_degree_size,mid_level-deep_level,3,1,42001030000,cv,5200,1300,0.8725095785440613,0.8548387096774194,0.828125,0.8833333333333333,0.8175675675675675
without_degree_size,deep_level-deep_level,3,1,42001030000,cv,5200,1300,0.9078014184397164,0.9361702127659576,0.9361702127659576,0.9361702127659576,0.8928571428571429
without_clustering_boundary,overall,3,1,42001030000,cv,5200,1300,0.9338745562130176,0.8471683475562451,0.8544600938967136,0.84,0.8484615384615385
without_clustering_boundary,low_level-low_level,3,1,42001030000,cv,5200,1300,0.9104166666666664,0.7659574468085106,0.782608695652174,0.75,0.828125
without_clustering_boundary,low_level-mid_level,3,1,42001030000,cv,5200,1300,0.910967741935484,0.7425742574257426,0.7352941176470589,0.75,0.8181818181818182
without_clustering_boundary,low_level-deep_level,3,1,42001030000,cv,5200,1300,0.9624893435635123,0.8604651162790697,0.925,0.8043478260869565,0.8762886597938144
without_clustering_boundary,mid_level-mid_level,3,1,42001030000,cv,5200,1300,0.9379861022567896,0.8458498023715415,0.8458498023715415,0.8458498023715415,0.844311377245509
without_clustering_boundary,mid_level-deep_level,3,1,42001030000,cv,5200,1300,0.928639846743295,0.8876404494382022,0.8977272727272727,0.8777777777777778,0.8648648648648649
without_clustering_boundary,deep_level-deep_level,3,1,42001030000,cv,5200,1300,0.966903073286052,0.9565217391304348,0.9777777777777776,0.9361702127659576,0.9285714285714286
without_centrality,overall,3,1,42001030000,cv,5200,1300,0.9449041420118344,0.8582615505090054,0.8740031897926634,0.8430769230769231,0.8607692307692307
without_centrality,low_level-low_level,3,1,42001030000,cv,5200,1300,0.9291666666666668,0.8333333333333334,0.8333333333333334,0.8333333333333334,0.875
without_centrality,low_level-mid_level,3,1,42001030000,cv,5200,1300,0.944516129032258,0.8301886792452831,0.7857142857142857,0.88,0.8741258741258742
without_centrality,low_level-deep_level,3,1,42001030000,cv,5200,1300,0.9667519181585678,0.9090909090909092,0.9523809523809524,0.8695652173913043,0.9175257731958762
without_centrality,mid_level-mid_level,3,1,42001030000,cv,5200,1300,0.9461143695014662,0.8571428571428571,0.8860759493670886,0.8300395256916996,0.8602794411177644
without_centrality,mid_level-deep_level,3,1,42001030000,cv,5200,1300,0.9275383141762452,0.8490028490028491,0.8713450292397661,0.8277777777777777,0.8209459459459459
without_centrality,deep_level-deep_level,3,1,42001030000,cv,5200,1300,0.966903073286052,0.9318181818181818,1.0,0.8723404255319149,0.8928571428571429
all_descriptors,overall,3,2,42002030000,cv,5200,1300,0.943239053254438,0.8683812405446294,0.8541666666666666,0.8830769230769231,0.8661538461538462
all_descriptors,low_level-low_level,3,2,42002030000,cv,5200,1300,0.9774436090225564,0.9142857142857144,1.0,0.8421052631578947,0.9361702127659576
all_descriptors,low_level-mid_level,3,2,42002030000,cv,5200,1300,0.9088819226750262,0.775330396475771,0.7521367521367521,0.8,0.8204225352112676
all_descriptors,low_level-deep_level,3,2,42002030000,cv,5200,1300,0.9721428571428572,0.9090909090909092,0.925925925925926,0.8928571428571429,0.9056603773584906
all_descriptors,mid_level-mid_level,3,2,42002030000,cv,5200,1300,0.9387803234501348,0.854122621564482,0.8112449799196787,0.9017857142857144,0.8588957055214724
all_descriptors,mid_level-deep_level,3,2,42002030000,cv,5200,1300,0.9617796610169492,0.9191919191919192,0.9285714285714286,0.91,0.89937106918239
all_descriptors,deep_level-deep_level,3,2,42002030000,cv,5200,1300,0.88130081300813,0.8888888888888888,0.9,0.8780487804878049,0.8392857142857143
without_degree_size,overall,3,2,42002030000,cv,5200,1300,0.8694556213017751,0.805378627034678,0.745740498034076,0.8753846153846154,0.7884615384615384
without_degree_size,low_level-low_level,3,2,42002030000,cv,5200,1300,0.9473684210526316,0.8421052631578947,0.8421052631578947,0.8421052631578947,0.8723404255319149
without_degree_size,low_level-mid_level,3,2,42002030000,cv,5200,1300,0.8340647857889236,0.7053941908713693,0.648854961832061,0.7727272727272727,0.75
without_degree_size,low_level-deep_level,3,2,42002030000,cv,5200,1300,0.9082142857142856,0.8448275862068966,0.8166666666666667,0.875,0.8301886792452831
without_degree_size,mid_level-mid_level,3,2,42002030000,cv,5200,1300,0.8534366576819407,0.7788649706457925,0.6933797909407665,0.8883928571428571,0.7689161554192229
without_degree_size,mid_level-deep_level,3,2,42002030000,cv,5200,1300,0.8770762711864407,0.8679245283018868,0.8214285714285714,0.92,0.8238993710691824
without_degree_size,deep_level-deep_level,3,2,42002030000,cv,5200,1300,0.8796747967479674,0.8674698795180723,0.8571428571428571,0.8780487804878049,0.8035714285714286
without_clustering_boundary,overall,3,2,42002030000,cv,5200,1300,0.9323704142011836,0.8376470588235294,0.8544,0.8215384615384616,0.8407692307692308
without_clustering_boundary,low_level-low_level,3,2,42002030000,cv,5200,1300,0.9661654135338346,0.7878787878787878,0.9285714285714286,0.6842105263157895,0.851063829787234
without_clustering_boundary,low_level-mid_level,3,2,42002030000,cv,5200,1300,0.8962904911180773,0.7333333333333333,0.77,0.7,0.8028169014084507
without_clustering_boundary,low_level-deep_level,3,2,42002030000,cv,5200,1300,0.9510714285714286,0.8235294117647058,0.9130434782608696,0.75,0.8301886792452831
without_clustering_boundary,mid_level-mid_level,3,2,42002030000,cv,5200,1300,0.9243766846361188,0.8318965517241379,0.8041666666666667,0.8616071428571429,0.8404907975460123
without_clustering_boundary,mid_level-deep_level,3,2,42002030000,cv,5200,1300,0.9585593220338984,0.9015544041450776,0.935483870967742,0.87,0.8805031446540881
without_clustering_boundary,deep_level-deep_level,3,2,42002030000,cv,5200,1300,0.9008130081300814,0.875,0.8974358974358975,0.8536585365853658,0.8214285714285714
without_centrality,overall,3,2,42002030000,cv,5200,1300,0.9492603550295856,0.8830364058869093,0.8892355694227769,0.8769230769230769,0.8838461538461538
without_centrality,low_level-low_level,3,2,42002030000,cv,5200,1300,0.9699248120300752,0.9142857142857144,1.0,0.8421052631578947,0.9361702127659576
without_centrality,low_level-mid_level,3,2,42002030000,cv,5200,1300,0.9245559038662488,0.8073394495412844,0.8148148148148148,0.8,0.852112676056338
without_centrality,low_level-deep_level,3,2,42002030000,cv,5200,1300,0.9792857142857144,0.9272727272727272,0.9444444444444444,0.9107142857142856,0.9245283018867924
without_centrality,mid_level-mid_level,3,2,42002030000,cv,5200,1300,0.9388140161725068,0.8615384615384616,0.8484848484848485,0.875,0.8711656441717791
without_centrality,mid_level-deep_level,3,2,42002030000,cv,5200,1300,0.9663983050847458,0.9289340101522844,0.9432989690721648,0.915,0.9119496855345912
without_centrality,deep_level-deep_level,3,2,42002030000,cv,5200,1300,0.9040650406504064,0.9113924050632912,0.9473684210526316,0.8780487804878049,0.875
all_descriptors,overall,3,3,42003030000,cv,5200,1300,0.95021775147929,0.8715596330275229,0.8662613981762918,0.8769230769230769,0.8707692307692307
all_descriptors,low_level-low_level,3,3,42003030000,cv,5200,1300,0.9296296296296296,0.7619047619047619,0.7272727272727273,0.8,0.8648648648648649
all_descriptors,low_level-mid_level,3,3,42003030000,cv,5200,1300,0.9485849056603776,0.8425925925925926,0.8272727272727273,0.8584905660377359,0.8811188811188811
all_descriptors,low_level-deep_level,3,3,42003030000,cv,5200,1300,0.9453284373725008,0.8636363636363636,0.8444444444444444,0.8837209302325582,0.88
all_descriptors,mid_level-mid_level,3,3,42003030000,cv,5200,1300,0.9481327800829876,0.8636363636363636,0.8600823045267489,0.8672199170124482,0.8655804480651731
all_descriptors,mid_level-deep_level,3,3,42003030000,cv,5200,1300,0.9466161257206032,0.8883374689826302,0.8861386138613861,0.8905472636815921,0.8623853211009175
all_descriptors,deep_level-deep_level,3,3,42003030000,cv,5200,1300,0.9408163265306122,0.9375,0.9574468085106383,0.9183673469387756,0.8983050847457628
without_degree_size,overall,3,3,42003030000,cv,5200,1300,0.865708875739645,0.8076923076923077,0.7519893899204244,0.8723076923076923,0.7923076923076923
without_degree_size,low_level-low_level,3,3,42003030000,cv,5200,1300,0.8814814814814815,0.6666666666666666,0.6363636363636364,0.7,0.8108108108108109
without_degree_size,low_level-mid_level,3,3,42003030000,cv,5200,1300,0.8615303983228513,0.7579908675799086,0.7345132743362832,0.7830188679245284,0.8146853146853147
without_degree_size,low_level-deep_level,3,3,42003030000,cv,5200,1300,0.8637290901672786,0.78,0.6842105263157895,0.9069767441860463,0.78
without_degree_size,mid_level-mid_level,3,3,42003030000,cv,5200,1300,0.8605311203319502,0.793168880455408,0.7307692307692307,0.8672199170124482,0.7780040733197556
without_degree_size,mid_level-deep_level,3,3,42003030000,cv,5200,1300,0.8280028429282161,0.8329519450800915,0.7711864406779662,0.9054726368159204,0.7767584097859327
without_degree_size,deep_level-deep_level,3,3,42003030000,cv,5200,1300,0.889795918367347,0.94,0.9215686274509804,0.9591836734693876,0.8983050847457628
without_clustering_boundary,overall,3,3,42003030000,cv,5200,1300,0.946473372781065,0.8637413394919169,0.864406779661017,0.8630769230769231,0.8638461538461538
without_clustering_boundary,low_level-low_level,3,3,42003030000,cv,5200,1300,0.9407407407407408,0.7619047619047619,0.7272727272727273,0.8,0.8648648648648649
without_clustering_boundary,low_level-mid_level,3,3,42003030000,cv,5200,1300,0.9378930817610064,0.8093023255813954,0.7981651376146789,0.8207547169811321,0.8566433566433567
without_clustering_boundary,low_level-deep_level,3,3,42003030000,cv,5200,1300,0.9388004895960832,0.8275862068965517,0.8181818181818182,0.8372093023255814,0.85
without_clustering_boundary,mid_level-mid_level,3,3,42003030000,cv,5200,1300,0.9491286307053942,0.865979381443299,0.860655737704918,0.8713692946058091,0.8676171079429735
without_clustering_boundary,mid_level-deep_level,3,3,42003030000,cv,5200,1300,0.9420358524836135,0.8860759493670886,0.9020618556701032,0.8706467661691543,0.8623853211009175
without_clustering_boundary,deep_level-deep_level,3,3,42003030000,cv,5200,1300,0.9408163265306122,0.9375,0.9574468085106383,0.9183673469387756,0.8983050847457628
without_centrality,overall,3,3,42003030000,cv,5200,1300,0.9555029585798815,0.8887206661619985,0.8748137108792846,0.9030769230769232,0.8869230769230769
without_centrality,low_level-low_level,3,3,42003030000,cv,5200,1300,0.9555555555555556,0.7619047619047619,0.7272727272727273,0.8,0.8648648648648649
without_centrality,low_level-mid_level,3,3,42003030000,cv,5200,1300,0.9517295597484275,0.8465116279069768,0.8348623853211009,0.8584905660377359,0.8846153846153846
without_centrality,low_level-deep_level,3,3,42003030000,cv,5200,1300,0.9428804569563444,0.8505747126436781,0.8409090909090909,0.8604651162790697,0.87
without_centrality,mid_level-mid_level,3,3,42003030000,cv,5200,1300,0.9537593360995852,0.8862275449101796,0.8538461538461538,0.921161825726141,0.8839103869653768
without_centrality,mid_level-deep_level,3,3,42003030000,cv,5200,1300,0.957198136302614,0.917705735660848,0.92,0.9154228855721394,0.8990825688073395
without_centrality,deep_level-deep_level,3,3,42003030000,cv,5200,1300,0.9510204081632652,0.9375,0.9574468085106383,0.9183673469387756,0.8983050847457628
all_descriptors,overall,3,4,42004030000,cv,5200,1300,0.9467100591715976,0.8719135802469136,0.8746130030959752,0.8692307692307693,0.8723076923076923
all_descriptors,low_level-low_level,3,4,42004030000,cv,5200,1300,0.9583333333333334,0.9032258064516128,0.9333333333333332,0.875,0.9347826086956522
all_descriptors,low_level-mid_level,3,4,42004030000,cv,5200,1300,0.9567852437417655,0.8571428571428571,0.8807339449541285,0.8347826086956521,0.8857142857142857
all_descriptors,low_level-deep_level,3,4,42004030000,cv,5200,1300,0.9298796441653584,0.8354430379746836,0.825,0.8461538461538461,0.8522727272727273
all_descriptors,mid_level-mid_level,3,4,42004030000,cv,5200,1300,0.93878113797224,0.8730769230769231,0.8664122137404581,0.8798449612403101,0.8708414872798435
all_descriptors,mid_level-deep_level,3,4,42004030000,cv,5200,1300,0.943736437167094,0.8702702702702703,0.8702702702702703,0.8702702702702703,0.8509316770186336
all_descriptors,deep_level-deep_level,3,4,42004030000,cv,5200,1300,0.9408783783783784,0.9444444444444444,0.9714285714285714,0.918918918918919,0.9245283018867924
without_degree_size,overall,3,4,42004030000,cv,5200,1300,0.8689538461538462,0.8005822416302766,0.7596685082872928,0.8461538461538461,0.7892307692307692
without_degree_size,low_level-low_level,3,4,42004030000,cv,5200,1300,0.93125,0.8125,0.8125,0.8125,0.8695652173913043
without_degree_size,low_level-mid_level,3,4,42004030000,cv,5200,1300,0.8652437417654809,0.7394957983193278,0.7154471544715447,0.7652173913043478,0.7785714285714286
without_degree_size,low_level-deep_level,3,4,42004030000,cv,5200,1300,0.7948717948717948,0.75,0.673469387755102,0.8461538461538461,0.75
without_degree_size,mid_level-mid_level,3,4,42004030000,cv,5200,1300,0.8646474859821675,0.7978142076502732,0.7525773195876289,0.8488372093023255,0.7827788649706457
without_degree_size,mid_level-deep_level,3,4,42004030000,cv,5200,1300,0.8664430854211876,0.826530612244898,0.782608695652174,0.8756756756756757,0.7888198757763976
without_degree_size,deep_level-deep_level,3,4,42004030000,cv,5200,1300,0.9273648648648648,0.9333333333333332,0.9210526315789472,0.945945945945946,0.9056603773584906
without_clustering_boundary,overall,3,4,42004030000,cv,5200,1300,0.9408781065088756,0.8603773584905661,0.8444444444444444,0.8769230769230769,0.8576923076923076
without_clustering_boundary,low_level-low_level,3,4,42004030000,cv,5200,1300,0.9520833333333334,0.8,0.8571428571428571,0.75,0.8695652173913043
without_clustering_boundary,low_level-mid_level,3,4,42004030000,cv,5200,1300,0.9455599472990778,0.8281938325991189,0.8392857142857143,0.8173913043478261,0.8607142857142858
without_clustering_boundary,low_level-deep_level,3,4,42004030000,cv,5200,1300,0.9293563579277864,0.85,0.8292682926829268,0.8717948717948718,0.8636363636363636
without_clustering_boundary,mid_level-mid_level,3,4,42004030000,cv,5200,1300,0.9374636149155866,0.8566037735849057,0.8345588235294118,0.8798449612403101,0.8512720156555773
without_clustering_boundary,mid_level-deep_level,3,4,42004030000,cv,5200,1300,0.932136516078122,0.8812664907651715,0.8608247422680413,0.9027027027027028,0.860248447204969
without_clustering_boundary,deep_level-deep_level,3,4,42004030000,cv,5200,1300,0.9493243243243245,0.9113924050632912,0.8571428571428571,0.972972972972973,0.8679245283018868
without_centrality,overall,3,4,42004030000,cv,5200,1300,0.9355810650887574,0.8558352402745996,0.848714069591528,0.8630769230769231,0.8546153846153847
without_centrality,low_level-low_level,3,4,42004030000,cv,5200,1300,0.9333333333333332,0.8,0.8571428571428571,0.75,0.8695652173913043
without_centrality,low_level-mid_level,3,4,42004030000,cv,5200,1300,0.9360210803689064,0.8209606986899564,0.8245614035087719,0.8173913043478261,0.8535714285714285
without_centrality,low_level-deep_level,3,4,42004030000,cv,5200,1300,0.9283097854526426,0.8641975308641975,0.8333333333333334,0.8974358974358975,0.875
without_centrality,mid_level-mid_level,3,4,42004030000,cv,5200,1300,0.9338327664920182,0.8560460652591171,0.8479087452471483,0.8643410852713178,0.8532289628180039
without_centrality,mid_level-deep_level,3,4,42004030000,cv,5200,1300,0.9328861708423752,0.8663101604278075,0.8571428571428571,0.8756756756756757,0.84472049689441
without_centrality,deep_level-deep_level,3,4,42004030000,cv,5200,1300,0.9358108108108107,0.9210526315789472,0.8974358974358975,0.945945945945946,0.8867924528301887
all_descriptors,overall,4,0,42000040000,cv,5200,1300,0.9425514792899408,0.8660436137071651,0.8769716088328076,0.8553846153846154,0.8676923076923077
all_descriptors,low_level-low_level,4,0,42000040000,cv,5200,1300,0.9607843137254902,0.8235294117647058,0.875,0.7777777777777778,0.8846153846153846
all_descriptors,low_level-mid_level,4,0,42000040000,cv,5200,1300,0.9345741968383476,0.8076923076923077,0.8235294117647058,0.7924528301886793,0.8625429553264605
all_descriptors,low_level-deep_level,4,0,42000040000,cv,5200,1300,0.9632495164410058,0.9069767441860463,0.9285714285714286,0.8863636363636364,0.912087912087912
all_descriptors,mid_level-mid_level,4,0,42000040000,cv,5200,1300,0.934761441090555,0.8473118279569892,0.8640350877192983,0.8312236286919831,0.8533057851239669
all_descriptors,mid_level-deep_level,4,0,42000040000,cv,5200,1300,0.9389128205128204,0.8923076923076924,0.8923076923076924,0.8923076923076924,0.86875
all_descriptors,deep_level-deep_level,4,0,42000040000,cv,5200,1300,0.9016666666666666,0.9504950495049505,0.9411764705882352,0.96,0.9193548387096774
without_degree_size,overall,4,0,42000040000,cv,5200,1300,0.881192899408284,0.799410029498525,0.7677053824362606,0.8338461538461538,0.7907692307692308
without_degree_size,low_level-low_level,4,0,42000040000,cv,5200,1300,0.9477124183006536,0.8421052631578947,0.8,0.8888888888888888,0.8846153846153846
without_degree_size,low_level-mid_level,4,0,42000040000,cv,5200,1300,0.8481387047424783,0.7053571428571429,0.6694915254237288,0.7452830188679245,0.7731958762886598
without_degree_size,low_level-deep_level,4,0,42000040000,cv,5200,1300,0.8771760154738879,0.8172043010752689,0.7755102040816326,0.8636363636363636,0.8131868131868132
without_degree_size,mid_level-mid_level,4,0,42000040000,cv,5200,1300,0.8628948222552486,0.7764227642276422,0.7490196078431373,0.8059071729957806,0.7727272727272727
without_degree_size,mid_level-deep_level,4,0,42000040000,cv,5200,1300,0.8703589743589744,0.8333333333333334,0.7981220657276995,0.8717948717948718,0.7875
without_degree_size,deep_level-deep_level,4,0,42000040000,cv,5200,1300,0.9483333333333336,0.9504950495049505,0.9411764705882352,0.96,0.9193548387096774
without_clustering_boundary,overall,4,0,42000040000,cv,5200,1300,0.9334627218934912,0.8508371385083714,0.8418674698795181,0.86,0.8492307692307692
without_clustering_boundary,low_level-low_level,4,0,42000040000,cv,5200,1300,0.9526143790849672,0.7777777777777778,0.7777777777777778,0.7777777777777778,0.8461538461538461
without_clustering_boundary,low_level-mid_level,4,0,42000040000,cv,5200,1300,0.928505864354921,0.8054298642533937,0.7739130434782608,0.839622641509434,0.852233676975945
without_clustering_boundary,low_level-deep_level,4,0,42000040000,cv,5200,1300,0.9497098646034816,0.8433734939759037,0.8974358974358975,0.7954545454545454,0.8571428571428571
without_clustering_boundary,mid_level-mid_level,4,0,42000040000,cv,5200,1300,0.9219836348417296,0.8405797101449275,0.8252032520325203,0.8565400843881856,0.8409090909090909
without_clustering_boundary,mid_level-deep_level,4,0,42000040000,cv,5200,1300,0.9314871794871796,0.8724489795918368,0.868020304568528,0.8769230769230769,0.84375
without_clustering_boundary,deep_level-deep_level,4,0,42000040000,cv,5200,1300,0.935,0.9494949494949496,0.9591836734693876,0.94,0.9193548387096774
without_centrality,overall,4,0,42000040000,cv,5200,1300,0.945091124260355,0.8696969696969697,0.8567164179104477,0.8830769230769231,0.8676923076923077
without_centrality,low_level-low_level,4,0,42000040000,cv,5200,1300,0.9738562091503268,0.8571428571428571,0.8823529411764706,0.8333333333333334,0.903846153846154
without_centrality,low_level-mid_level,4,0,42000040000,cv,5200,1300,0.9395716471188168,0.8181818181818182,0.7894736842105263,0.8490566037735849,0.8625429553264605
without_centrality,low_level-deep_level,4,0,42000040000,cv,5200,1300,0.9545454545454546,0.8705882352941177,0.902439024390244,0.8409090909090909,0.8791208791208791
without_centrality,mid_level-mid_level,4,0,42000040000,cv,5200,1300,0.9350689284067032,0.8547717842323651,0.8408163265306122,0.869198312236287,0.8553719008264463
without_centrality,mid_level-deep_level,4,0,42000040000,cv,5200,1300,0.9499076923076925,0.898989898989899,0.8855721393034826,0.9128205128205128,0.875
without_centrality,deep_level-deep_level,4,0,42000040000,cv,5200,1300,0.9183333333333332,0.9411764705882352,0.9230769230769232,0.96,0.9032258064516128
all_descriptors,overall,4,1,42001040000,cv,5200,1300,0.9434958579881656,0.8623853211009175,0.8571428571428571,0.8676923076923077,0.8615384615384616
all_descriptors,low_level-low_level,4,1,42001040000,cv,5200,1300,0.9506172839506172,0.8648648648648649,0.8421052631578947,0.8888888888888888,0.8888888888888888
all_descriptors,low_level-mid_level,4,1,42001040000,cv,5200,1300,0.9283357771260998,0.7934782608695652,0.8021978021978022,0.7849462365591398,0.8587360594795539
all_descriptors,low_level-deep_level,4,1,42001040000,cv,5200,1300,0.95617110799439,0.8387096774193549,0.8297872340425532,0.8478260869565217,0.8611111111111112
all_descriptors,mid_level-mid_level,4,1,42001040000,cv,5200,1300,0.9321492613781914,0.8525252525252526,0.844,0.8612244897959184,0.8491735537190083
all_descriptors,mid_level-deep_level,4,1,42001040000,cv,5200,1300,0.95635107552206,0.8974358974358975,0.8883248730964467,0.9067357512953368,0.8769230769230769
all_descriptors,deep_level-deep_level,4,1,42001040000,cv,5200,1300,0.9389610389610388,0.9174311926605504,0.925925925925926,0.9090909090909092,0.8695652173913043
without_degree_size,overall,4,1,42001040000,cv,5200,1300,0.8751952662721895,0.792341678939617,0.7598870056497176,0.8276923076923077,0.7830769230769231
without_degree_size,low_level-low_level,4,1,42001040000,cv,5200,1300,0.9382716049382716,0.8333333333333334,0.8333333333333334,0.8333333333333334,0.8666666666666667
without_degree_size,low_level-mid_level,4,1,42001040000,cv,5200,1300,0.8635141739980449,0.7058823529411765,0.7021276595744681,0.7096774193548387,0.7955390334572491
without_degree_size,low_level-deep_level,4,1,42001040000,cv,5200,1300,0.9193548387096774,0.8118811881188119,0.7454545454545455,0.8913043478260869,0.8240740740740741
without_degree_size,mid_level-mid_level,4,1,42001040000,cv,5200,1300,0.8352318333191018,0.7617260787992496,0.7048611111111112,0.8285714285714286,0.737603305785124
without_degree_size,mid_level-deep_level,4,1,42001040000,cv,5200,1300,0.8818495839221228,0.8295165394402035,0.815,0.844559585492228,0.7938461538461539
without_degree_size,deep_level-deep_level,4,1,42001040000,cv,5200,1300,0.9337662337662336,0.925925925925926,0.9433962264150944,0.9090909090909092,0.8840579710144928
without_clustering_boundary,overall,4,1,42001040000,cv,5200,1300,0.933410650887574,0.8505747126436781,0.8473282442748091,0.8538461538461538,0.85
without_clustering_boundary,low_level-low_level,4,1,42001040000,cv,5200,1300,0.9588477366255144,0.8888888888888888,0.8888888888888888,0.8888888888888888,0.9111111111111112
without_clustering_boundary,low_level-mid_level,4,1,42001040000,cv,5200,1300,0.9210043988269794,0.7777777777777778,0.8045977011494253,0.7526881720430108,0.8513011152416357
without_clustering_boundary,low_level-deep_level,4,1,42001040000,cv,5200,1300,0.9298737727910238,0.8125,0.78,0.8478260869565217,0.8333333333333334
without_clustering_boundary,mid_level-mid_level,4,1,42001040000,cv,5200,1300,0.9175988386986592,0.8303393213572854,0.8125,0.8489795918367347,0.8243801652892562
without_clustering_boundary,mid_level-deep_level,4,1,42001040000,cv,5200,1300,0.9474799811587375,0.8958333333333334,0.900523560209424,0.8911917098445595,0.8769230769230769
without_clustering_boundary,deep_level-deep_level,4,1,42001040000,cv,5200,1300,0.9337662337662336,0.925925925925926,0.9433962264150944,0.9090909090909092,0.8840579710144928
without_centrality,overall,4,1,42001040000,cv,5200,1300,0.9503431952662722,0.876438986953185,0.8744257274119449,0.8784615384615385,0.8761538461538462
without_centrality,low_level-low_level,4,1,42001040000,cv,5200,1300,0.9629629629629628,0.9714285714285714,1.0,0.9444444444444444,0.9777777777777776
without_centrality,low_level-mid_level,4,1,42001040000,cv,5200,1300,0.9460532746823068,0.8235294117647058,0.8191489361702128,0.8279569892473119,0.8773234200743495
without_centrality,low_level-deep_level,4,1,42001040000,cv,5200,1300,0.9572230014025246,0.8631578947368421,0.8367346938775511,0.8913043478260869,0.8796296296296297
without_centrality,mid_level-mid_level,4,1,42001040000,cv,5200,1300,0.9379557680812912,0.860655737704918,0.8641975308641975,0.8571428571428571,0.859504132231405
without_centrality,mid_level-deep_level,4,1,42001040000,cv,5200,1300,0.960394096404459,0.9025641025641026,0.8934010152284264,0.911917098445596,0.8830769230769231
without_centrality,deep_level-deep_level,4,1,42001040000,cv,5200,1300,0.9298701298701298,0.925925925925926,0.9433962264150944,0.9090909090909092,0.8840579710144928
all_descriptors,overall,4,2,42002040000,cv,5200,1300,0.943860355029586,0.8617021276595744,0.8513513513513513,0.8723076923076923,0.86
all_descriptors,low_level-low_level,4,2,42002040000,cv,5200,1300,0.9408866995073892,0.8095238095238095,0.8095238095238095,0.8095238095238095,0.84
all_descriptors,low_level-mid_level,4,2,42002040000,cv,5200,1300,0.9053892810977427,0.7841409691629956,0.7807017543859649,0.7876106194690266,0.8316151202749141
all_descriptors,low_level-deep_level,4,2,42002040000,cv,5200,1300,0.9439061703212648,0.8205128205128205,0.7804878048780488,0.8648648648648649,0.8444444444444444
all_descriptors,mid_level-mid_level,4,2,42002040000,cv,5200,1300,0.9544500030881352,0.8737864077669902,0.8555133079847909,0.8928571428571429,0.8722986247544204
all_descriptors,mid_level-deep_level,4,2,42002040000,cv,5200,1300,0.9436480474542758,0.8870967741935484,0.8918918918918919,0.8823529411764706,0.8627450980392157
all_descriptors,deep_level-deep_level,4,2,42002040000,cv,5200,1300,0.9892857142857144,0.951219512195122,0.9285714285714286,0.975,0.925925925925926
without_degree_size,overall,4,2,42002040000,cv,5200,1300,0.8720118343195266,0.799405646359584,0.7729885057471264,0.8276923076923077,0.7923076923076923
without_degree_size,low_level-low_level,4,2,42002040000,cv,5200,1300,0.8653530377668308,0.7368421052631579,0.8235294117647058,0.6666666666666666,0.8
without_degree_size,low_level-mid_level,4,2,42002040000,cv,5200,1300,0.8123197772695634,0.6844444444444444,0.6875,0.6814159292035398,0.7560137457044673
without_degree_size,low_level-deep_level,4,2,42002040000,cv,5200,1300,0.8337582865884753,0.7088607594936709,0.6666666666666666,0.7567567567567568,0.7444444444444445
without_degree_size,mid_level-mid_level,4,2,42002040000,cv,5200,1300,0.8957291087641281,0.8197343453510436,0.7854545454545454,0.8571428571428571,0.8133595284872298
without_degree_size,mid_level-deep_level,4,2,42002040000,cv,5200,1300,0.8519300768435716,0.8375634517766497,0.7971014492753623,0.8823529411764706,0.7908496732026143
without_degree_size,deep_level-deep_level,4,2,42002040000,cv,5200,1300,0.9017857142857142,0.9156626506024096,0.8837209302325582,0.95,0.8703703703703703
without_clustering_boundary,overall,4,2,42002040000,cv,5200,1300,0.9526224852071006,0.8778625954198473,0.8712121212121212,0.8846153846153846,0.8769230769230769
without_clustering_boundary,low_level-low_level,4,2,42002040000,cv,5200,1300,0.9671592775041052,0.8372093023255814,0.8181818181818182,0.8571428571428571,0.86
without_clustering_boundary,low_level-mid_level,4,2,42002040000,cv,5200,1300,0.9336283185840708,0.8071748878923767,0.8181818181818182,0.7964601769911505,0.852233676975945
without_clustering_boundary,low_level-deep_level,4,2,42002040000,cv,5200,1300,0.9566547679755228,0.868421052631579,0.8461538461538461,0.8918918918918919,0.8888888888888888
without_clustering_boundary,mid_level-mid_level,4,2,42002040000,cv,5200,1300,0.9560867148415786,0.8754863813229572,0.8587786259541985,0.8928571428571429,0.8742632612966601
without_clustering_boundary,mid_level-deep_level,4,2,42002040000,cv,5200,1300,0.9452658068575024,0.9037433155080212,0.9037433155080212,0.9037433155080212,0.8823529411764706
without_clustering_boundary,deep_level-deep_level,4,2,42002040000,cv,5200,1300,1.0,1.0,1.0,1.0,1.0
without_centrality,overall,4,2,42002040000,cv,5200,1300,0.9533775147928992,0.8745188606620478,0.8751926040061633,0.8738461538461538,0.8746153846153846
without_centrality,low_level-low_level,4,2,42002040000,cv,5200,1300,0.947454844006568,0.8372093023255814,0.8181818181818182,0.8571428571428571,0.86
without_centrality,low_level-mid_level,4,2,42002040000,cv,5200,1300,0.9274137416724668,0.8288288288288288,0.8440366972477065,0.8141592920353983,0.8694158075601375
without_centrality,low_level-deep_level,4,2,42002040000,cv,5200,1300,0.9592044875063744,0.868421052631579,0.8461538461538461,0.8918918918918919,0.8888888888888888
without_centrality,mid_level-mid_level,4,2,42002040000,cv,5200,1300,0.9605181891174108,0.8806262230919765,0.8687258687258688,0.8928571428571429,0.8801571709233792
without_centrality,mid_level-deep_level,4,2,42002040000,cv,5200,1300,0.9502988361119848,0.8852459016393442,0.905027932960894,0.8663101604278075,0.8627450980392157
without_centrality,deep_level-deep_level,4,2,42002040000,cv,5200,1300,0.975,0.9382716049382716,0.926829268292683,0.95,0.9074074074074074
all_descriptors,overall,4,3,42003040000,cv,5200,1300,0.9538295857988168,0.884375,0.8984126984126984,0.8707692307692307,0.8861538461538462
all_descriptors,low_level-low_level,4,3,42003040000,cv,5200,1300,0.8958333333333333,0.7586206896551724,0.8461538461538461,0.6875,0.8571428571428571
all_descriptors,low_level-mid_level,4,3,42003040000,cv,5200,1300,0.9627428689541134,0.8870292887029289,0.8760330578512396,0.8983050847457628,0.9042553191489362
all_descriptors,low_level-deep_level,4,3,42003040000,cv,5200,1300,0.9665231946437112,0.9176470588235294,0.8863636363636364,0.951219512195122,0.9239130434782608
all_descriptors,mid_level-mid_level,4,3,42003040000,cv,5200,1300,0.943822276323798,0.8571428571428571,0.8677685950413223,0.8467741935483871,0.8635477582846004
all_descriptors,mid_level-deep_level,4,3,42003040000,cv,5200,1300,0.9645669291338582,0.9230769230769232,0.9438202247191012,0.9032258064516128,0.9105431309904152
all_descriptors,deep_level-deep_level,4,3,42003040000,cv,5200,1300,0.9634146341463414,0.8767123287671232,1.0,0.7804878048780488,0.8235294117647058
without_degree_size,overall,4,3,42003040000,cv,5200,1300,0.8766366863905324,0.7997021593447505,0.7748917748917749,0.8261538461538461,0.7930769230769231
without_degree_size,low_level-low_level,4,3,42003040000,cv,5200,1300,0.7954545454545455,0.5806451612903226,0.6,0.5625,0.7346938775510204
without_degree_size,low_level-mid_level,4,3,42003040000,cv,5200,1300,0.8708660603555188,0.7661290322580645,0.7307692307692307,0.8050847457627118,0.7943262411347518
without_degree_size,low_level-deep_level,4,3,42003040000,cv,5200,1300,0.8900047824007651,0.7560975609756098,0.7560975609756098,0.7560975609756098,0.782608695652174
without_degree_size,mid_level-mid_level,4,3,42003040000,cv,5200,1300,0.8664790018259281,0.7915869980879541,0.7527272727272727,0.8346774193548387,0.7875243664717348
without_degree_size,mid_level-deep_level,4,3,42003040000,cv,5200,1300,0.8903564473795614,0.8473684210526315,0.8298969072164949,0.8655913978494624,0.8146964856230032
without_degree_size,deep_level-deep_level,4,3,42003040000,cv,5200,1300,0.8195121951219513,0.8607594936708861,0.8947368421052632,0.8292682926829268,0.7843137254901961
without_clustering_boundary,overall,4,3,42003040000,cv,5200,1300,0.9427526627218936,0.862413528055342,0.8617511520737328,0.8630769230769231,0.8623076923076923
without_clustering_boundary,low_level-low_level,4,3,42003040000,cv,5200,1300,0.8693181818181818,0.6875,0.6875,0.6875,0.7959183673469388
without_clustering_boundary,low_level-mid_level,4,3,42003040000,cv,5200,1300,0.9471372467961968,0.8548387096774194,0.8153846153846154,0.8983050847457628,0.8723404255319149
without_clustering_boundary,low_level-deep_level,4,3,42003040000,cv,5200,1300,0.9555236728837876,0.8536585365853658,0.8536585365853658,0.8536585365853658,0.8695652173913043
without_clustering_boundary,mid_level-mid_level,4,3,42003040000,cv,5200,1300,0.9315124771758978,0.8446215139442231,0.8346456692913385,0.8548387096774194,0.847953216374269
without_clustering_boundary,mid_level-deep_level,4,3,42003040000,cv,5200,1300,0.9623655913978494,0.9095890410958904,0.9273743016759776,0.8924731182795699,0.8945686900958466
without_clustering_boundary,deep_level-deep_level,4,3,42003040000,cv,5200,1300,0.9707317073170731,0.8611111111111112,1.0,0.7560975609756098,0.803921568627451
without_centrality,overall,4,3,42003040000,cv,5200,1300,0.954937278106509,0.8815686274509804,0.8992,0.8646153846153846,0.8838461538461538
without_centrality,low_level-low_level,4,3,42003040000,cv,5200,1300,0.8920454545454545,0.6666666666666666,0.7142857142857143,0.625,0.7959183673469388
without_centrality,low_level-mid_level,4,3,42003040000,cv,5200,1300,0.9634146341463417,0.8870292887029289,0.8760330578512396,0.8983050847457628,0.9042553191489362
without_centrality,low_level-deep_level,4,3,42003040000,cv,5200,1300,0.9689143950263032,0.891566265060241,0.8809523809523809,0.902439024390244,0.9021739130434784
without_centrality,mid_level-mid_level,4,3,42003040000,cv,5200,1300,0.9487066342057212,0.8693877551020408,0.8801652892561983,0.8588709677419355,0.8752436647173489
without_centrality,mid_level-deep_level,4,3,42003040000,cv,5200,1300,0.961434256201846,0.9111111111111112,0.942528735632184,0.8817204301075269,0.8977635782747604
without_centrality,deep_level-deep_level,4,3,42003040000,cv,5200,1300,0.9268292682926828,0.8767123287671232,1.0,0.7804878048780488,0.8235294117647058
all_descriptors,overall,4,4,42004040000,cv,5200,1300,0.9412710059171596,0.8548895899053628,0.8770226537216829,0.8338461538461538,0.8584615384615385
all_descriptors,low_level-low_level,4,4,42004040000,cv,5200,1300,0.983529411764706,0.8823529411764706,0.8823529411764706,0.8823529411764706,0.9047619047619048
all_descriptors,low_level-mid_level,4,4,42004040000,cv,5200,1300,0.935225292506846,0.7857142857142857,0.8279569892473119,0.7475728155339806,0.8590604026845637
all_descriptors,low_level-deep_level,4,4,42004040000,cv,5200,1300,0.9309640522875816,0.82,0.8367346938775511,0.803921568627451,0.8181818181818182
all_descriptors,mid_level-mid_level,4,4,42004040000,cv,5200,1300,0.9456246579091406,0.8606060606060606,0.8765432098765432,0.8452380952380952,0.8574380165289256
all_descriptors,mid_level-deep_level,4,4,42004040000,cv,5200,1300,0.9198890887290168,0.8739946380697051,0.9005524861878453,0.8489583333333334,0.8580060422960725
all_descriptors,deep_level-deep_level,4,4,42004040000,cv,5200,1300,0.9792207792207792,0.9428571428571428,0.9428571428571428,0.9428571428571428,0.9130434782608696
without_degree_size,overall,4,4,42004040000,cv,5200,1300,0.858123076923077,0.7768469154607769,0.7692307692307693,0.7846153846153846,0.7746153846153846
without_degree_size,low_level-low_level,4,4,42004040000,cv,5200,1300,0.896470588235294,0.8,0.7777777777777778,0.8235294117647058,0.8333333333333334
without_degree_size,low_level-mid_level,4,4,42004040000,cv,5200,1300,0.8338063231267114,0.6857142857142857,0.6728971962616822,0.6990291262135923,0.7785234899328859
without_degree_size,low_level-deep_level,4,4,42004040000,cv,5200,1300,0.8006535947712419,0.7272727272727273,0.75,0.7058823529411765,0.7272727272727273
without_degree_size,mid_level-mid_level,4,4,42004040000,cv,5200,1300,0.8611795292829776,0.7695390781563126,0.7773279352226721,0.7619047619047619,0.762396694214876
without_degree_size,mid_level-deep_level,4,4,42004040000,cv,5200,1300,0.8434877098321343,0.8208955223880597,0.7857142857142857,0.859375,0.7824773413897281
without_degree_size,deep_level-deep_level,4,4,42004040000,cv,5200,1300,0.9064935064935064,0.9117647058823528,0.9393939393939394,0.8857142857142857,0.8695652173913043
without_clustering_boundary,overall,4,4,42004040000,cv,5200,1300,0.9457420118343196,0.8594377510040161,0.8991596638655462,0.823076923076923,0.8653846153846154
without_clustering_boundary,low_level-low_level,4,4,42004040000,cv,5200,1300,0.9858823529411764,0.875,0.9333333333333332,0.8235294117647058,0.9047619047619048
without_clustering_boundary,low_level-mid_level,4,4,42004040000,cv,5200,1300,0.9358725416977844,0.7878787878787878,0.8210526315789474,0.7572815533980582,0.8590604026845637
without_clustering_boundary,low_level-deep_level,4,4,42004040000,cv,5200,1300,0.931372549019608,0.8351648351648352,0.95,0.7450980392156863,0.8484848484848485
without_clustering_boundary,mid_level-mid_level,4,4,42004040000,cv,5200,1300,0.9516112479474548,0.8708333333333333,0.9166666666666666,0.8293650793650794,0.871900826446281
without_clustering_boundary,mid_level-deep_level,4,4,42004040000,cv,5200,1300,0.9264463429256596,0.8693333333333333,0.8907103825136612,0.8489583333333334,0.851963746223565
without_clustering_boundary,deep_level-deep_level,4,4,42004040000,cv,5200,1300,0.9896103896103896,0.9565217391304348,0.9705882352941176,0.9428571428571428,0.9347826086956522
without_centrality,overall,4,4,42004040000,cv,5200,1300,0.9416236686390532,0.8660436137071651,0.8769716088328076,0.8553846153846154,0.8676923076923077
without_centrality,low_level-low_level,4,4,42004040000,cv,5200,1300,0.9788235294117646,0.9142857142857144,0.8888888888888888,0.9411764705882352,0.9285714285714286
without_centrality,low_level-mid_level,4,4,42004040000,cv,5200,1300,0.948220064724919,0.8133971291866029,0.8018867924528302,0.8252427184466019,0.8691275167785235
without_centrality,low_level-deep_level,4,4,42004040000,cv,5200,1300,0.923202614379085,0.8367346938775511,0.8723404255319149,0.803921568627451,0.8383838383838383
without_centrality,mid_level-mid_level,4,4,42004040000,cv,5200,1300,0.9398775314723592,0.8653061224489796,0.8907563025210085,0.8412698412698413,0.8636363636363636
without_centrality,mid_level-deep_level,4,4,42004040000,cv,5200,1300,0.9252098321342924,0.8848167539267016,0.8894736842105263,0.8802083333333334,0.8670694864048338
without_centrality,deep_level-deep_level,4,4,42004040000,cv,5200,1300,0.9896103896103896,0.9428571428571428,0.9428571428571428,0.9428571428571428,0.9130434782608696
