setting,scenario,subset,label_group,feature,statistic,controls,control_encoding,split_repeat,mean_rho,n_fits,n_min,n_max,n_defined_fits,status
transductive,transductive,all_pairs,negative,biological_shared_protein_count,partial_spearman,n_biological_proteins_a|n_biological_proteins_b,endpoint_columns,0,0.1849071529760852,5,650,650,5,ok
transductive,transductive,all_pairs,negative,biological_shared_protein_count,partial_spearman,n_biological_proteins_a|n_biological_proteins_b,endpoint_columns,1,0.1781956242280581,5,650,650,5,ok
transductive,transductive,all_pairs,negative,biological_shared_protein_count,partial_spearman,n_biological_proteins_a|n_biological_proteins_b,endpoint_columns,2,0.1859355168228227,5,650,650,5,ok
transductive,transductive,all_pairs,negative,biological_shared_protein_count,partial_spearman,n_biological_proteins_a|n_biological_proteins_b,endpoint_columns,3,0.1821556898680862,5,650,650,5,ok
transductive,transductive,all_pairs,negative,biological_shared_protein_count,partial_spearman,n_biological_proteins_a|n_biological_proteins_b,endpoint_columns,4,0.1903428472142824,5,650,650,5,ok
transductive,transductive,all_pairs,negative,biological_shared_protein_count,partial_spearman,n_biological_proteins_a|n_biological_proteins_b,unordered_minmax,0,0.1467668834910487,5,650,650,5,ok
transductive,transductive,all_pairs,negative,biological_shared_protein_count,partial_spearman,n_biological_proteins_a|n_biological_proteins_b,unordered_minmax,1,0.1479905654797058,5,650,650,5,ok
transductive,transductive,all_pairs,negative,biological_shared_protein_count,partial_spearman,n_biological_proteins_a|n_biological_proteins_b,unordered_minmax,2,0.1556779492066687,5,650,650,5,ok
transductive,transductive,all_pairs,negative,biological_shared_protein_count,partial_spearman,n_biological_proteins_a|n_biological_proteins_b,unordered_minmax,3,0.1526985685631392,5,650,650,5,ok
transductive,transductive,all_pairs,negative,biological_shared_protein_count,partial_spearman,n_biological_proteins_a|n_biological_proteins_b,unordered_minmax,4,0.1514573061620443,5,650,650,5,ok
transductive,transductive,all_pairs,negative,biological_shared_protein_count,spearman,none,none,0,0.1267033801072714,5,650,650,5,ok
transductive,transductive,all_pairs,negative,biological_shared_protein_count,spearman,none,none,1,0.1331608251027551,5,650,650,5,ok
transductive,transductive,all_pairs,negative,biological_shared_protein_count,spearman,none,none,2,0.1447368505058068,5,650,650,5,ok
transductive,transductive,all_pairs,negative,biological_shared_protein_count,spearman,none,none,3,0.1259557150091703,5,650,650,5,ok
transductive,transductive,all_pairs,negative,biological_shared_protein_count,spearman,none,none,4,0.1627815911365896,5,650,650,5,ok
transductive,transductive,all_pairs,negative,protein_jaccard,spearman,none,none,0,0.6920627120248902,5,650,650,5,ok
transductive,transductive,all_pairs,negative,protein_jaccard,spearman,none,none,1,0.7129194951023338,5,650,650,5,ok
transductive,transductive,all_pairs,negative,protein_jaccard,spearman,none,none,2,0.7138913045800571,5,650,650,5,ok
transductive,transductive,all_pairs,negative,protein_jaccard,spearman,none,none,3,0.7291228198948174,5,650,650,5,ok
transductive,transductive,all_pairs,negative,protein_jaccard,spearman,none,none,4,0.68119315921081,5,650,650,5,ok
transductive,transductive,all_pairs,negative,protein_size_geomean,spearman,none,none,0,0.4831082561851256,5,650,650,5,ok
transductive,transductive,all_pairs,negative,protein_size_geomean,spearman,none,none,1,0.5139170836728091,5,650,650,5,ok
transductive,transductive,all_pairs,negative,protein_size_geomean,spearman,none,none,2,0.5208533940443276,5,650,650,5,ok
transductive,transductive,all_pairs,negative,protein_size_geomean,spearman,none,none,3,0.5239739351484427,5,650,650,5,ok
transductive,transductive,all_pairs,negative,protein_size_geomean,spearman,none,none,4,0.5037381821811459,5,650,650,5,ok
transductive,transductive,all_pairs,negative,shared_protein_count,partial_spearman,n_proteins_a|n_proteins_b,endpoint_columns,0,0.6737395886022239,5,650,650,5,ok
transductive,transductive,all_pairs,negative,shared_protein_count,partial_spearman,n_proteins_a|n_proteins_b,endpoint_columns,1,0.701612114413494,5,650,650,5,ok
transductive,transductive,all_pairs,negative,shared_protein_count,partial_spearman,n_proteins_a|n_proteins_b,endpoint_columns,2,0.6994740233533602,5,650,650,5,ok
transductive,transductive,all_pairs,negative,shared_protein_count,partial_spearman,n_proteins_a|n_proteins_b,endpoint_columns,3,0.7131148673589438,5,650,650,5,ok
transductive,transductive,all_pairs,negative,shared_protein_count,partial_spearman,n_proteins_a|n_proteins_b,endpoint_columns,4,0.6582144365947126,5,650,650,5,ok
transductive,transductive,all_pairs,negative,shared_protein_count,partial_spearman,n_proteins_a|n_proteins_b,unordered_minmax,0,0.6232802413500508,5,650,650,5,ok
transductive,transductive,all_pairs,negative,shared_protein_count,partial_spearman,n_proteins_a|n_proteins_b,unordered_minmax,1,0.6535483491330567,5,650,650,5,ok
transductive,transductive,all_pairs,negative,shared_protein_count,partial_spearman,n_proteins_a|n_proteins_b,unordered_minmax,2,0.6479355337923005,5,650,650,5,ok
transductive,transductive,all_pairs,negative,shared_protein_count,partial_spearman,n_proteins_a|n_proteins_b,unordered_minmax,3,0.6547559811726626,5,650,650,5,ok
transductive,transductive,all_pairs,negative,shared_protein_count,partial_spearman,n_proteins_a|n_proteins_b,unordered_minmax,4,0.6046488445817737,5,650,650,5,ok
transductive,transductive,all_pairs,negative,shared_protein_count,spearman,none,none,0,0.7197214678985139,5,650,650,5,ok
transductive,transductive,all_pairs,negative,shared_protein_count,spearman,none,none,1,0.7516222594597334,5,650,650,5,ok
transductive,transductive,all_pairs,negative,shared_protein_count,spearman,none,none,2,0.7522756412416622,5,650,650,5,ok
transductive,transductive,all_pairs,negative,shared_protein_count,spearman,none,none,3,0.7610675901928212,5,650,650,5,ok
transductive,transductive,all_pairs,negative,shared_protein_count,spearman,none,none,4,0.7215275071664699,5,650,650,5,ok
transductive,transductive,all_pairs,negative,shared_target_count,partial_spearman,n_targets_a|n_targets_b,endpoint_columns,0,0.1907680005157614,5,650,650,5,ok
transductive,transductive,all_pairs,negative,shared_target_count,partial_spearman,n_targets_a|n_targets_b,endpoint_columns,1,0.1776658858358714,5,650,650,5,ok
transductive,transductive,all_pairs,negative,shared_target_count,partial_spearman,n_targets_a|n_targets_b,endpoint_columns,2,0.1976394700762159,5,650,650,5,ok
transductive,transductive,all_pairs,negative,shared_target_count,partial_spearman,n_targets_a|n_targets_b,endpoint_columns,3,0.1839699623631291,5,650,650,5,ok
transductive,transductive,all_pairs,negative,shared_target_count,partial_spearman,n_targets_a|n_targets_b,endpoint_columns,4,0.1838142445228695,5,650,650,5,ok
transductive,transductive,all_pairs,negative,shared_target_count,partial_spearman,n_targets_a|n_targets_b,unordered_minmax,0,0.1795577643092825,5,650,650,5,ok
transductive,transductive,all_pairs,negative,shared_target_count,partial_spearman,n_targets_a|n_targets_b,unordered_minmax,1,0.1681921478327726,5,650,650,5,ok
transductive,transductive,all_pairs,negative,shared_target_count,partial_spearman,n_targets_a|n_targets_b,unordered_minmax,2,0.1885335075227096,5,650,650,5,ok
transductive,transductive,all_pairs,negative,shared_target_count,partial_spearman,n_targets_a|n_targets_b,unordered_minmax,3,0.1756942893294029,5,650,650,5,ok
transductive,transductive,all_pairs,negative,shared_target_count,partial_spearman,n_targets_a|n_targets_b,unordered_minmax,4,0.1719918430241382,5,650,650,5,ok
transductive,transductive,all_pairs,negative,shared_target_count,spearman,none,none,0,0.2329047365791783,5,650,650,5,ok
transductive,transductive,all_pairs,negative,shared_target_count,spearman,none,none,1,0.2279626006557174,5,650,650,5,ok
transductive,transductive,all_pairs,negative,shared_target_count,spearman,none,none,2,0.2434507232762142,5,650,650,5,ok
transductive,transductive,all_pairs,negative,shared_target_count,spearman,none,none,3,0.2297949678917223,5,650,650,5,ok
transductive,transductive,all_pairs,negative,shared_target_count,spearman,none,none,4,0.2364030224483372,5,650,650,5,ok
transductive,transductive,all_pairs,overall,biological_shared_protein_count,partial_spearman,n_biological_proteins_a|n_biological_proteins_b,endpoint_columns,0,0.140393898712521,5,1300,1300,5,ok
transductive,transductive,all_pairs,overall,biological_shared_protein_count,partial_spearman,n_biological_proteins_a|n_biological_proteins_b,endpoint_columns,1,0.1310705071617283,5,1300,1300,5,ok
transductive,transductive,all_pairs,overall,biological_shared_protein_count,partial_spearman,n_biological_proteins_a|n_biological_proteins_b,endpoint_columns,2,0.138720662641378,5,1300,1300,5,ok
transductive,transductive,all_pairs,overall,biological_shared_protein_count,partial_spearman,n_biological_proteins_a|n_biological_proteins_b,endpoint_columns,3,0.1411248021045948,5,1300,1300,5,ok
transductive,transductive,all_pairs,overall,biological_shared_protein_count,partial_spearman,n_biological_proteins_a|n_biological_proteins_b,endpoint_columns,4,0.1425700619284869,5,1300,1300,5,ok
transductive,transductive,all_pairs,overall,biological_shared_protein_count,partial_spearman,n_biological_proteins_a|n_biological_proteins_b,unordered_minmax,0,0.2127761385864834,5,1300,1300,5,ok
transductive,transductive,all_pairs,overall,biological_shared_protein_count,partial_spearman,n_biological_proteins_a|n_biological_proteins_b,unordered_minmax,1,0.2086350565871536,5,1300,1300,5,ok
transductive,transductive,all_pairs,overall,biological_shared_protein_count,partial_spearman,n_biological_proteins_a|n_biological_proteins_b,unordered_minmax,2,0.2150825836480485,5,1300,1300,5,ok
transductive,transductive,all_pairs,overall,biological_shared_protein_count,partial_spearman,n_biological_proteins_a|n_biological_proteins_b,unordered_minmax,3,0.2116685371759665,5,1300,1300,5,ok
transductive,transductive,all_pairs,overall,biological_shared_protein_count,partial_spearman,n_biological_proteins_a|n_biological_proteins_b,unordered_minmax,4,0.2131993790182647,5,1300,1300,5,ok
transductive,transductive,all_pairs,overall,biological_shared_protein_count,partial_spearman,n_biological_proteins_a|n_biological_proteins_b|either_biological_size_zero,endpoint_columns_plus_zero,0,0.2602000147335265,5,1300,1300,5,ok
transductive,transductive,all_pairs,overall,biological_shared_protein_count,partial_spearman,n_biological_proteins_a|n_biological_proteins_b|either_biological_size_zero,endpoint_columns_plus_zero,1,0.2500108797339036,5,1300,1300,5,ok
transductive,transductive,all_pairs,overall,biological_shared_protein_count,partial_spearman,n_biological_proteins_a|n_biological_proteins_b|either_biological_size_zero,endpoint_columns_plus_zero,2,0.2575316159574232,5,1300,1300,5,ok
transductive,transductive,all_pairs,overall,biological_shared_protein_count,partial_spearman,n_biological_proteins_a|n_biological_proteins_b|either_biological_size_zero,endpoint_columns_plus_zero,3,0.2559161524485311,5,1300,1300,5,ok
transductive,transductive,all_pairs,overall,biological_shared_protein_count,partial_spearman,n_biological_proteins_a|n_biological_proteins_b|either_biological_size_zero,endpoint_columns_plus_zero,4,0.2633808176872995,5,1300,1300,5,ok
transductive,transductive,all_pairs,overall,biological_shared_protein_count,partial_spearman,n_biological_proteins_a|n_biological_proteins_b|either_biological_size_zero,unordered_minmax_plus_zero,0,0.2481087374135978,5,1300,1300,5,ok
transductive,transductive,all_pairs,overall,biological_shared_protein_count,partial_spearman,n_biological_proteins_a|n_biological_proteins_b|either_biological_size_zero,unordered_minmax_plus_zero,1,0.2428661511835702,5,1300,1300,5,ok
transductive,transductive,all_pairs,overall,biological_shared_protein_count,partial_spearman,n_biological_proteins_a|n_biological_proteins_b|either_biological_size_zero,unordered_minmax_plus_zero,2,0.2499962844165641,5,1300,1300,5,ok
transductive,transductive,all_pairs,overall,biological_shared_protein_count,partial_spearman,n_biological_proteins_a|n_biological_proteins_b|either_biological_size_zero,unordered_minmax_plus_zero,3,0.2449343216281283,5,1300,1300,5,ok
transductive,transductive,all_pairs,overall,biological_shared_protein_count,partial_spearman,n_biological_proteins_a|n_biological_proteins_b|either_biological_size_zero,unordered_minmax_plus_zero,4,0.2494544765548181,5,1300,1300,5,ok
transductive,transductive,all_pairs,overall,biological_shared_protein_count,spearman,none,none,0,-0.0783973415525915,5,1300,1300,5,ok
transductive,transductive,all_pairs,overall,biological_shared_protein_count,spearman,none,none,1,-0.0749714466254828,5,1300,1300,5,ok
transductive,transductive,all_pairs,overall,biological_shared_protein_count,spearman,none,none,2,-0.0714067742442035,5,1300,1300,5,ok
transductive,transductive,all_pairs,overall,biological_shared_protein_count,spearman,none,none,3,-0.0835501978241777,5,1300,1300,5,ok
transductive,transductive,all_pairs,overall,biological_shared_protein_count,spearman,none,none,4,-0.0588420566427338,5,1300,1300,5,ok
transductive,transductive,all_pairs,overall,protein_jaccard,spearman,none,none,0,0.6546896343812179,5,1300,1300,5,ok
transductive,transductive,all_pairs,overall,protein_jaccard,spearman,none,none,1,0.6650954982938402,5,1300,1300,5,ok
transductive,transductive,all_pairs,overall,protein_jaccard,spearman,none,none,2,0.6618581301810267,5,1300,1300,5,ok
transductive,transductive,all_pairs,overall,protein_jaccard,spearman,none,none,3,0.6781587788577206,5,1300,1300,5,ok
transductive,transductive,all_pairs,overall,protein_jaccard,spearman,none,none,4,0.6617721644454718,5,1300,1300,5,ok
transductive,transductive,all_pairs,overall,protein_size_geomean,spearman,none,none,0,0.3387876772338872,5,1300,1300,5,ok
transductive,transductive,all_pairs,overall,protein_size_geomean,spearman,none,none,1,0.3559388932766197,5,1300,1300,5,ok
transductive,transductive,all_pairs,overall,protein_size_geomean,spearman,none,none,2,0.3566175448704791,5,1300,1300,5,ok
transductive,transductive,all_pairs,overall,protein_size_geomean,spearman,none,none,3,0.3476206361265178,5,1300,1300,5,ok
transductive,transductive,all_pairs,overall,protein_size_geomean,spearman,none,none,4,0.3600568759460328,5,1300,1300,5,ok
transductive,transductive,all_pairs,overall,shared_protein_count,partial_spearman,n_proteins_a|n_proteins_b,endpoint_columns,0,0.6180866410625512,5,1300,1300,5,ok
transductive,transductive,all_pairs,overall,shared_protein_count,partial_spearman,n_proteins_a|n_proteins_b,endpoint_columns,1,0.6291120422531369,5,1300,1300,5,ok
transductive,transductive,all_pairs,overall,shared_protein_count,partial_spearman,n_proteins_a|n_proteins_b,endpoint_columns,2,0.6266472891388055,5,1300,1300,5,ok
transductive,transductive,all_pairs,overall,shared_protein_count,partial_spearman,n_proteins_a|n_proteins_b,endpoint_columns,3,0.6371531122986825,5,1300,1300,5,ok
transductive,transductive,all_pairs,overall,shared_protein_count,partial_spearman,n_proteins_a|n_proteins_b,endpoint_columns,4,0.6230906690906888,5,1300,1300,5,ok
transductive,transductive,all_pairs,overall,shared_protein_count,partial_spearman,n_proteins_a|n_proteins_b,unordered_minmax,0,0.6117021275340768,5,1300,1300,5,ok
transductive,transductive,all_pairs,overall,shared_protein_count,partial_spearman,n_proteins_a|n_proteins_b,unordered_minmax,1,0.6287539351661496,5,1300,1300,5,ok
transductive,transductive,all_pairs,overall,shared_protein_count,partial_spearman,n_proteins_a|n_proteins_b,unordered_minmax,2,0.6219614688005295,5,1300,1300,5,ok
transductive,transductive,all_pairs,overall,shared_protein_count,partial_spearman,n_proteins_a|n_proteins_b,unordered_minmax,3,0.6238051668400345,5,1300,1300,5,ok
transductive,transductive,all_pairs,overall,shared_protein_count,partial_spearman,n_proteins_a|n_proteins_b,unordered_minmax,4,0.6147515833274798,5,1300,1300,5,ok
transductive,transductive,all_pairs,overall,shared_protein_count,spearman,none,none,0,0.6040656164172509,5,1300,1300,5,ok
transductive,transductive,all_pairs,overall,shared_protein_count,spearman,none,none,1,0.6221779654418682,5,1300,1300,5,ok
transductive,transductive,all_pairs,overall,shared_protein_count,spearman,none,none,2,0.6189584495752378,5,1300,1300,5,ok
transductive,transductive,all_pairs,overall,shared_protein_count,spearman,none,none,3,0.6196785844899544,5,1300,1300,5,ok
transductive,transductive,all_pairs,overall,shared_protein_count,spearman,none,none,4,0.6215617362164914,5,1300,1300,5,ok
transductive,transductive,all_pairs,overall,shared_target_count,partial_spearman,n_targets_a|n_targets_b,endpoint_columns,0,0.2805112553447504,5,1300,1300,5,ok
transductive,transductive,all_pairs,overall,shared_target_count,partial_spearman,n_targets_a|n_targets_b,endpoint_columns,1,0.2678019823330121,5,1300,1300,5,ok
transductive,transductive,all_pairs,overall,shared_target_count,partial_spearman,n_targets_a|n_targets_b,endpoint_columns,2,0.274310361721659,5,1300,1300,5,ok
transductive,transductive,all_pairs,overall,shared_target_count,partial_spearman,n_targets_a|n_targets_b,endpoint_columns,3,0.2681527085528388,5,1300,1300,5,ok
transductive,transductive,all_pairs,overall,shared_target_count,partial_spearman,n_targets_a|n_targets_b,endpoint_columns,4,0.2742121513219582,5,1300,1300,5,ok
transductive,transductive,all_pairs,overall,shared_target_count,partial_spearman,n_targets_a|n_targets_b,unordered_minmax,0,0.3058996224917974,5,1300,1300,5,ok
transductive,transductive,all_pairs,overall,shared_target_count,partial_spearman,n_targets_a|n_targets_b,unordered_minmax,1,0.2976778469469729,5,1300,1300,5,ok
transductive,transductive,all_pairs,overall,shared_target_count,partial_spearman,n_targets_a|n_targets_b,unordered_minmax,2,0.3030249341288836,5,1300,1300,5,ok
transductive,transductive,all_pairs,overall,shared_target_count,partial_spearman,n_targets_a|n_targets_b,unordered_minmax,3,0.2956200761506811,5,1300,1300,5,ok
transductive,transductive,all_pairs,overall,shared_target_count,partial_spearman,n_targets_a|n_targets_b,unordered_minmax,4,0.29920181253436,5,1300,1300,5,ok
transductive,transductive,all_pairs,overall,shared_target_count,spearman,none,none,0,0.1799456493537755,5,1300,1300,5,ok
transductive,transductive,all_pairs,overall,shared_target_count,spearman,none,none,1,0.1796665285009259,5,1300,1300,5,ok
transductive,transductive,all_pairs,overall,shared_target_count,spearman,none,none,2,0.1812127601455612,5,1300,1300,5,ok
transductive,transductive,all_pairs,overall,shared_target_count,spearman,none,none,3,0.1712570009757429,5,1300,1300,5,ok
transductive,transductive,all_pairs,overall,shared_target_count,spearman,none,none,4,0.1871474301876291,5,1300,1300,5,ok
transductive,transductive,all_pairs,positive,biological_shared_protein_count,partial_spearman,n_biological_proteins_a|n_biological_proteins_b,endpoint_columns,0,-0.0516656356389507,5,650,650,5,ok
transductive,transductive,all_pairs,positive,biological_shared_protein_count,partial_spearman,n_biological_proteins_a|n_biological_proteins_b,endpoint_columns,1,-0.0692962505100714,5,650,650,5,ok
transductive,transductive,all_pairs,positive,biological_shared_protein_count,partial_spearman,n_biological_proteins_a|n_biological_proteins_b,endpoint_columns,2,-0.0518304793677097,5,650,650,5,ok
transductive,transductive,all_pairs,positive,biological_shared_protein_count,partial_spearman,n_biological_proteins_a|n_biological_proteins_b,endpoint_columns,3,-0.0441800638198244,5,650,650,5,ok
transductive,transductive,all_pairs,positive,biological_shared_protein_count,partial_spearman,n_biological_proteins_a|n_biological_proteins_b,endpoint_columns,4,-0.0370447154540699,5,650,650,5,ok
transductive,transductive,all_pairs,positive,biological_shared_protein_count,partial_spearman,n_biological_proteins_a|n_biological_proteins_b,unordered_minmax,0,0.0296163871388453,5,650,650,5,ok
transductive,transductive,all_pairs,positive,biological_shared_protein_count,partial_spearman,n_biological_proteins_a|n_biological_proteins_b,unordered_minmax,1,0.0197413995605397,5,650,650,5,ok
transductive,transductive,all_pairs,positive,biological_shared_protein_count,partial_spearman,n_biological_proteins_a|n_biological_proteins_b,unordered_minmax,2,0.0369354837709541,5,650,650,5,ok
transductive,transductive,all_pairs,positive,biological_shared_protein_count,partial_spearman,n_biological_proteins_a|n_biological_proteins_b,unordered_minmax,3,0.0187639036142101,5,650,650,5,ok
transductive,transductive,all_pairs,positive,biological_shared_protein_count,partial_spearman,n_biological_proteins_a|n_biological_proteins_b,unordered_minmax,4,0.0315912095728485,5,650,650,5,ok
transductive,transductive,all_pairs,positive,biological_shared_protein_count,spearman,none,none,0,-0.305135469127003,5,650,650,5,ok
transductive,transductive,all_pairs,positive,biological_shared_protein_count,spearman,none,none,1,-0.3010337402779919,5,650,650,5,ok
transductive,transductive,all_pairs,positive,biological_shared_protein_count,spearman,none,none,2,-0.2992476971947646,5,650,650,5,ok
transductive,transductive,all_pairs,positive,biological_shared_protein_count,spearman,none,none,3,-0.3156879467716569,5,650,650,5,ok
transductive,transductive,all_pairs,positive,biological_shared_protein_count,spearman,none,none,4,-0.2759043757282144,5,650,650,5,ok
transductive,transductive,all_pairs,positive,protein_jaccard,spearman,none,none,0,0.1626955713513951,5,650,650,5,ok
transductive,transductive,all_pairs,positive,protein_jaccard,spearman,none,none,1,0.1728624596247799,5,650,650,5,ok
transductive,transductive,all_pairs,positive,protein_jaccard,spearman,none,none,2,0.1630895531400456,5,650,650,5,ok
transductive,transductive,all_pairs,positive,protein_jaccard,spearman,none,none,3,0.2130113376899561,5,650,650,5,ok
transductive,transductive,all_pairs,positive,protein_jaccard,spearman,none,none,4,0.1956516936931327,5,650,650,5,ok
transductive,transductive,all_pairs,positive,protein_size_geomean,spearman,none,none,0,-0.1434241537103201,5,650,650,5,ok
transductive,transductive,all_pairs,positive,protein_size_geomean,spearman,none,none,1,-0.123722642045621,5,650,650,5,ok
transductive,transductive,all_pairs,positive,protein_size_geomean,spearman,none,none,2,-0.1277233159885027,5,650,650,5,ok
transductive,transductive,all_pairs,positive,protein_size_geomean,spearman,none,none,3,-0.1558665877067276,5,650,650,5,ok
transductive,transductive,all_pairs,positive,protein_size_geomean,spearman,none,none,4,-0.1036425622252925,5,650,650,5,ok
transductive,transductive,all_pairs,positive,shared_protein_count,partial_spearman,n_proteins_a|n_proteins_b,endpoint_columns,0,0.2077829122757464,5,650,650,5,ok
transductive,transductive,all_pairs,positive,shared_protein_count,partial_spearman,n_proteins_a|n_proteins_b,endpoint_columns,1,0.2215846214134524,5,650,650,5,ok
transductive,transductive,all_pairs,positive,shared_protein_count,partial_spearman,n_proteins_a|n_proteins_b,endpoint_columns,2,0.2154144573501533,5,650,650,5,ok
transductive,transductive,all_pairs,positive,shared_protein_count,partial_spearman,n_proteins_a|n_proteins_b,endpoint_columns,3,0.2533161013314927,5,650,650,5,ok
transductive,transductive,all_pairs,positive,shared_protein_count,partial_spearman,n_proteins_a|n_proteins_b,endpoint_columns,4,0.2393037336879928,5,650,650,5,ok
transductive,transductive,all_pairs,positive,shared_protein_count,partial_spearman,n_proteins_a|n_proteins_b,unordered_minmax,0,0.2449566111803001,5,650,650,5,ok
transductive,transductive,all_pairs,positive,shared_protein_count,partial_spearman,n_proteins_a|n_proteins_b,unordered_minmax,1,0.2749937712309894,5,650,650,5,ok
transductive,transductive,all_pairs,positive,shared_protein_count,partial_spearman,n_proteins_a|n_proteins_b,unordered_minmax,2,0.2649600085323298,5,650,650,5,ok
transductive,transductive,all_pairs,positive,shared_protein_count,partial_spearman,n_proteins_a|n_proteins_b,unordered_minmax,3,0.2820166864835444,5,650,650,5,ok
transductive,transductive,all_pairs,positive,shared_protein_count,partial_spearman,n_proteins_a|n_proteins_b,unordered_minmax,4,0.2686683475954908,5,650,650,5,ok
transductive,transductive,all_pairs,positive,shared_protein_count,spearman,none,none,0,-0.0103583057451289,5,650,650,5,ok
transductive,transductive,all_pairs,positive,shared_protein_count,spearman,none,none,1,0.0146240103068251,5,650,650,5,ok
transductive,transductive,all_pairs,positive,shared_protein_count,spearman,none,none,2,0.0049379173046168,5,650,650,5,ok
transductive,transductive,all_pairs,positive,shared_protein_count,spearman,none,none,3,0.0032544581598523,5,650,650,5,ok
transductive,transductive,all_pairs,positive,shared_protein_count,spearman,none,none,4,0.0392742044519026,5,650,650,5,ok
transductive,transductive,all_pairs,positive,shared_target_count,partial_spearman,n_targets_a|n_targets_b,endpoint_columns,0,0.0855970779363271,5,650,650,5,ok
transductive,transductive,all_pairs,positive,shared_target_count,partial_spearman,n_targets_a|n_targets_b,endpoint_columns,1,0.0525131248640678,5,650,650,5,ok
transductive,transductive,all_pairs,positive,shared_target_count,partial_spearman,n_targets_a|n_targets_b,endpoint_columns,2,0.0678561264876544,5,650,650,5,ok
transductive,transductive,all_pairs,positive,shared_target_count,partial_spearman,n_targets_a|n_targets_b,endpoint_columns,3,0.0562306528562732,5,650,650,5,ok
transductive,transductive,all_pairs,positive,shared_target_count,partial_spearman,n_targets_a|n_targets_b,endpoint_columns,4,0.0741779323231054,5,650,650,5,ok
transductive,transductive,all_pairs,positive,shared_target_count,partial_spearman,n_targets_a|n_targets_b,unordered_minmax,0,0.1371495147992467,5,650,650,5,ok
transductive,transductive,all_pairs,positive,shared_target_count,partial_spearman,n_targets_a|n_targets_b,unordered_minmax,1,0.1131566317271964,5,650,650,5,ok
transductive,transductive,all_pairs,positive,shared_target_count,partial_spearman,n_targets_a|n_targets_b,unordered_minmax,2,0.1253166494680692,5,650,650,5,ok
transductive,transductive,all_pairs,positive,shared_target_count,partial_spearman,n_targets_a|n_targets_b,unordered_minmax,3,0.1043097194098646,5,650,650,5,ok
transductive,transductive,all_pairs,positive,shared_target_count,partial_spearman,n_targets_a|n_targets_b,unordered_minmax,4,0.1206442721321249,5,650,650,5,ok
transductive,transductive,all_pairs,positive,shared_target_count,spearman,none,none,0,-0.1654199873916078,5,650,650,5,ok
transductive,transductive,all_pairs,positive,shared_target_count,spearman,none,none,1,-0.1688943061818743,5,650,650,5,ok
transductive,transductive,all_pairs,positive,shared_target_count,spearman,none,none,2,-0.1668735396846485,5,650,650,5,ok
transductive,transductive,all_pairs,positive,shared_target_count,spearman,none,none,3,-0.1852847910137335,5,650,650,5,ok
transductive,transductive,all_pairs,positive,shared_target_count,spearman,none,none,4,-0.1500936729170271,5,650,650,5,ok
transductive,transductive,both_have_targets,negative,biological_shared_protein_count,partial_spearman,n_biological_proteins_a|n_biological_proteins_b,endpoint_columns,0,0.1849071529760852,5,650,650,5,ok
transductive,transductive,both_have_targets,negative,biological_shared_protein_count,partial_spearman,n_biological_proteins_a|n_biological_proteins_b,endpoint_columns,1,0.1781956242280581,5,650,650,5,ok
transductive,transductive,both_have_targets,negative,biological_shared_protein_count,partial_spearman,n_biological_proteins_a|n_biological_proteins_b,endpoint_columns,2,0.1859355168228227,5,650,650,5,ok
transductive,transductive,both_have_targets,negative,biological_shared_protein_count,partial_spearman,n_biological_proteins_a|n_biological_proteins_b,endpoint_columns,3,0.1821556898680862,5,650,650,5,ok
transductive,transductive,both_have_targets,negative,biological_shared_protein_count,partial_spearman,n_biological_proteins_a|n_biological_proteins_b,endpoint_columns,4,0.1903428472142824,5,650,650,5,ok
transductive,transductive,both_have_targets,negative,biological_shared_protein_count,partial_spearman,n_biological_proteins_a|n_biological_proteins_b,unordered_minmax,0,0.1467668834910487,5,650,650,5,ok
transductive,transductive,both_have_targets,negative,biological_shared_protein_count,partial_spearman,n_biological_proteins_a|n_biological_proteins_b,unordered_minmax,1,0.1479905654797058,5,650,650,5,ok
transductive,transductive,both_have_targets,negative,biological_shared_protein_count,partial_spearman,n_biological_proteins_a|n_biological_proteins_b,unordered_minmax,2,0.1556779492066687,5,650,650,5,ok
transductive,transductive,both_have_targets,negative,biological_shared_protein_count,partial_spearman,n_biological_proteins_a|n_biological_proteins_b,unordered_minmax,3,0.1526985685631392,5,650,650,5,ok
transductive,transductive,both_have_targets,negative,biological_shared_protein_count,partial_spearman,n_biological_proteins_a|n_biological_proteins_b,unordered_minmax,4,0.1514573061620443,5,650,650,5,ok
transductive,transductive,both_have_targets,negative,biological_shared_protein_count,spearman,none,none,0,0.1267033801072714,5,650,650,5,ok
transductive,transductive,both_have_targets,negative,biological_shared_protein_count,spearman,none,none,1,0.1331608251027551,5,650,650,5,ok
transductive,transductive,both_have_targets,negative,biological_shared_protein_count,spearman,none,none,2,0.1447368505058068,5,650,650,5,ok
transductive,transductive,both_have_targets,negative,biological_shared_protein_count,spearman,none,none,3,0.1259557150091703,5,650,650,5,ok
transductive,transductive,both_have_targets,negative,biological_shared_protein_count,spearman,none,none,4,0.1627815911365896,5,650,650,5,ok
transductive,transductive,both_have_targets,negative,protein_jaccard,spearman,none,none,0,0.6920627120248902,5,650,650,5,ok
transductive,transductive,both_have_targets,negative,protein_jaccard,spearman,none,none,1,0.7129194951023338,5,650,650,5,ok
transductive,transductive,both_have_targets,negative,protein_jaccard,spearman,none,none,2,0.7138913045800571,5,650,650,5,ok
transductive,transductive,both_have_targets,negative,protein_jaccard,spearman,none,none,3,0.7291228198948174,5,650,650,5,ok
transductive,transductive,both_have_targets,negative,protein_jaccard,spearman,none,none,4,0.68119315921081,5,650,650,5,ok
transductive,transductive,both_have_targets,negative,protein_size_geomean,spearman,none,none,0,0.4831082561851256,5,650,650,5,ok
transductive,transductive,both_have_targets,negative,protein_size_geomean,spearman,none,none,1,0.5139170836728091,5,650,650,5,ok
transductive,transductive,both_have_targets,negative,protein_size_geomean,spearman,none,none,2,0.5208533940443276,5,650,650,5,ok
transductive,transductive,both_have_targets,negative,protein_size_geomean,spearman,none,none,3,0.5239739351484427,5,650,650,5,ok
transductive,transductive,both_have_targets,negative,protein_size_geomean,spearman,none,none,4,0.5037381821811459,5,650,650,5,ok
transductive,transductive,both_have_targets,negative,shared_protein_count,partial_spearman,n_proteins_a|n_proteins_b,endpoint_columns,0,0.6737395886022239,5,650,650,5,ok
transductive,transductive,both_have_targets,negative,shared_protein_count,partial_spearman,n_proteins_a|n_proteins_b,endpoint_columns,1,0.701612114413494,5,650,650,5,ok
transductive,transductive,both_have_targets,negative,shared_protein_count,partial_spearman,n_proteins_a|n_proteins_b,endpoint_columns,2,0.6994740233533602,5,650,650,5,ok
transductive,transductive,both_have_targets,negative,shared_protein_count,partial_spearman,n_proteins_a|n_proteins_b,endpoint_columns,3,0.7131148673589438,5,650,650,5,ok
transductive,transductive,both_have_targets,negative,shared_protein_count,partial_spearman,n_proteins_a|n_proteins_b,endpoint_columns,4,0.6582144365947126,5,650,650,5,ok
transductive,transductive,both_have_targets,negative,shared_protein_count,partial_spearman,n_proteins_a|n_proteins_b,unordered_minmax,0,0.6232802413500508,5,650,650,5,ok
transductive,transductive,both_have_targets,negative,shared_protein_count,partial_spearman,n_proteins_a|n_proteins_b,unordered_minmax,1,0.6535483491330567,5,650,650,5,ok
transductive,transductive,both_have_targets,negative,shared_protein_count,partial_spearman,n_proteins_a|n_proteins_b,unordered_minmax,2,0.6479355337923005,5,650,650,5,ok
transductive,transductive,both_have_targets,negative,shared_protein_count,partial_spearman,n_proteins_a|n_proteins_b,unordered_minmax,3,0.6547559811726626,5,650,650,5,ok
transductive,transductive,both_have_targets,negative,shared_protein_count,partial_spearman,n_proteins_a|n_proteins_b,unordered_minmax,4,0.6046488445817737,5,650,650,5,ok
transductive,transductive,both_have_targets,negative,shared_protein_count,spearman,none,none,0,0.7197214678985139,5,650,650,5,ok
transductive,transductive,both_have_targets,negative,shared_protein_count,spearman,none,none,1,0.7516222594597334,5,650,650,5,ok
transductive,transductive,both_have_targets,negative,shared_protein_count,spearman,none,none,2,0.7522756412416622,5,650,650,5,ok
transductive,transductive,both_have_targets,negative,shared_protein_count,spearman,none,none,3,0.7610675901928212,5,650,650,5,ok
transductive,transductive,both_have_targets,negative,shared_protein_count,spearman,none,none,4,0.7215275071664699,5,650,650,5,ok
transductive,transductive,both_have_targets,negative,shared_target_count,partial_spearman,n_targets_a|n_targets_b,endpoint_columns,0,0.1907680005157614,5,650,650,5,ok
transductive,transductive,both_have_targets,negative,shared_target_count,partial_spearman,n_targets_a|n_targets_b,endpoint_columns,1,0.1776658858358714,5,650,650,5,ok
transductive,transductive,both_have_targets,negative,shared_target_count,partial_spearman,n_targets_a|n_targets_b,endpoint_columns,2,0.1976394700762159,5,650,650,5,ok
transductive,transductive,both_have_targets,negative,shared_target_count,partial_spearman,n_targets_a|n_targets_b,endpoint_columns,3,0.1839699623631291,5,650,650,5,ok
transductive,transductive,both_have_targets,negative,shared_target_count,partial_spearman,n_targets_a|n_targets_b,endpoint_columns,4,0.1838142445228695,5,650,650,5,ok
transductive,transductive,both_have_targets,negative,shared_target_count,partial_spearman,n_targets_a|n_targets_b,unordered_minmax,0,0.1795577643092825,5,650,650,5,ok
transductive,transductive,both_have_targets,negative,shared_target_count,partial_spearman,n_targets_a|n_targets_b,unordered_minmax,1,0.1681921478327726,5,650,650,5,ok
transductive,transductive,both_have_targets,negative,shared_target_count,partial_spearman,n_targets_a|n_targets_b,unordered_minmax,2,0.1885335075227096,5,650,650,5,ok
transductive,transductive,both_have_targets,negative,shared_target_count,partial_spearman,n_targets_a|n_targets_b,unordered_minmax,3,0.1756942893294029,5,650,650,5,ok
transductive,transductive,both_have_targets,negative,shared_target_count,partial_spearman,n_targets_a|n_targets_b,unordered_minmax,4,0.1719918430241382,5,650,650,5,ok
transductive,transductive,both_have_targets,negative,shared_target_count,spearman,none,none,0,0.2329047365791783,5,650,650,5,ok
transductive,transductive,both_have_targets,negative,shared_target_count,spearman,none,none,1,0.2279626006557174,5,650,650,5,ok
transductive,transductive,both_have_targets,negative,shared_target_count,spearman,none,none,2,0.2434507232762142,5,650,650,5,ok
transductive,transductive,both_have_targets,negative,shared_target_count,spearman,none,none,3,0.2297949678917223,5,650,650,5,ok
transductive,transductive,both_have_targets,negative,shared_target_count,spearman,none,none,4,0.2364030224483372,5,650,650,5,ok
transductive,transductive,both_have_targets,overall,biological_shared_protein_count,partial_spearman,n_biological_proteins_a|n_biological_proteins_b,endpoint_columns,0,0.2728561714626851,5,1135,1144,5,ok
transductive,transductive,both_have_targets,overall,biological_shared_protein_count,partial_spearman,n_biological_proteins_a|n_biological_proteins_b,endpoint_columns,1,0.26401825251953,5,1129,1145,5,ok
transductive,transductive,both_have_targets,overall,biological_shared_protein_count,partial_spearman,n_biological_proteins_a|n_biological_proteins_b,endpoint_columns,2,0.26882416153348,5,1129,1149,5,ok
transductive,transductive,both_have_targets,overall,biological_shared_protein_count,partial_spearman,n_biological_proteins_a|n_biological_proteins_b,endpoint_columns,3,0.267420681202889,5,1129,1148,5,ok
transductive,transductive,both_have_targets,overall,biological_shared_protein_count,partial_spearman,n_biological_proteins_a|n_biological_proteins_b,endpoint_columns,4,0.271945892522183,5,1132,1152,5,ok
transductive,transductive,both_have_targets,overall,biological_shared_protein_count,partial_spearman,n_biological_proteins_a|n_biological_proteins_b,unordered_minmax,0,0.2642134215527226,5,1135,1144,5,ok
transductive,transductive,both_have_targets,overall,biological_shared_protein_count,partial_spearman,n_biological_proteins_a|n_biological_proteins_b,unordered_minmax,1,0.2598489622092372,5,1129,1145,5,ok
transductive,transductive,both_have_targets,overall,biological_shared_protein_count,partial_spearman,n_biological_proteins_a|n_biological_proteins_b,unordered_minmax,2,0.2653723405198793,5,1129,1149,5,ok
transductive,transductive,both_have_targets,overall,biological_shared_protein_count,partial_spearman,n_biological_proteins_a|n_biological_proteins_b,unordered_minmax,3,0.2605275927383281,5,1129,1148,5,ok
transductive,transductive,both_have_targets,overall,biological_shared_protein_count,partial_spearman,n_biological_proteins_a|n_biological_proteins_b,unordered_minmax,4,0.2639268480645959,5,1132,1152,5,ok
transductive,transductive,both_have_targets,overall,biological_shared_protein_count,spearman,none,none,0,0.1964322766757413,5,1135,1144,5,ok
transductive,transductive,both_have_targets,overall,biological_shared_protein_count,spearman,none,none,1,0.1987189187645627,5,1129,1145,5,ok
transductive,transductive,both_have_targets,overall,biological_shared_protein_count,spearman,none,none,2,0.2025867792659076,5,1129,1149,5,ok
transductive,transductive,both_have_targets,overall,biological_shared_protein_count,spearman,none,none,3,0.1835538660696672,5,1129,1148,5,ok
transductive,transductive,both_have_targets,overall,biological_shared_protein_count,spearman,none,none,4,0.2155226629754501,5,1132,1152,5,ok
transductive,transductive,both_have_targets,overall,protein_jaccard,spearman,none,none,0,0.7154048096239366,5,1135,1144,5,ok
transductive,transductive,both_have_targets,overall,protein_jaccard,spearman,none,none,1,0.7256240774098114,5,1129,1145,5,ok
transductive,transductive,both_have_targets,overall,protein_jaccard,spearman,none,none,2,0.7219394321702456,5,1129,1149,5,ok
transductive,transductive,both_have_targets,overall,protein_jaccard,spearman,none,none,3,0.7390008181520296,5,1129,1148,5,ok
transductive,transductive,both_have_targets,overall,protein_jaccard,spearman,none,none,4,0.7192162163419614,5,1132,1152,5,ok
transductive,transductive,both_have_targets,overall,protein_size_geomean,spearman,none,none,0,0.5009860414343528,5,1135,1144,5,ok
transductive,transductive,both_have_targets,overall,protein_size_geomean,spearman,none,none,1,0.5173272633652053,5,1129,1145,5,ok
transductive,transductive,both_have_targets,overall,protein_size_geomean,spearman,none,none,2,0.5194314817275103,5,1129,1149,5,ok
transductive,transductive,both_have_targets,overall,protein_size_geomean,spearman,none,none,3,0.5086597106424287,5,1129,1148,5,ok
transductive,transductive,both_have_targets,overall,protein_size_geomean,spearman,none,none,4,0.5218164530110118,5,1132,1152,5,ok
transductive,transductive,both_have_targets,overall,shared_protein_count,partial_spearman,n_proteins_a|n_proteins_b,endpoint_columns,0,0.6725111527639125,5,1135,1144,5,ok
transductive,transductive,both_have_targets,overall,shared_protein_count,partial_spearman,n_proteins_a|n_proteins_b,endpoint_columns,1,0.6856918172334503,5,1129,1145,5,ok
transductive,transductive,both_have_targets,overall,shared_protein_count,partial_spearman,n_proteins_a|n_proteins_b,endpoint_columns,2,0.6821271542866018,5,1129,1149,5,ok
transductive,transductive,both_have_targets,overall,shared_protein_count,partial_spearman,n_proteins_a|n_proteins_b,endpoint_columns,3,0.6931828839818232,5,1129,1148,5,ok
transductive,transductive,both_have_targets,overall,shared_protein_count,partial_spearman,n_proteins_a|n_proteins_b,endpoint_columns,4,0.6767625730779974,5,1132,1152,5,ok
transductive,transductive,both_have_targets,overall,shared_protein_count,partial_spearman,n_proteins_a|n_proteins_b,unordered_minmax,0,0.6401946014931517,5,1135,1144,5,ok
transductive,transductive,both_have_targets,overall,shared_protein_count,partial_spearman,n_proteins_a|n_proteins_b,unordered_minmax,1,0.6614000646520503,5,1129,1145,5,ok
transductive,transductive,both_have_targets,overall,shared_protein_count,partial_spearman,n_proteins_a|n_proteins_b,unordered_minmax,2,0.6532047017797402,5,1129,1149,5,ok
transductive,transductive,both_have_targets,overall,shared_protein_count,partial_spearman,n_proteins_a|n_proteins_b,unordered_minmax,3,0.6557758729220619,5,1129,1148,5,ok
transductive,transductive,both_have_targets,overall,shared_protein_count,partial_spearman,n_proteins_a|n_proteins_b,unordered_minmax,4,0.6435101669017014,5,1132,1152,5,ok
transductive,transductive,both_have_targets,overall,shared_protein_count,spearman,none,none,0,0.7273715214281246,5,1135,1144,5,ok
transductive,transductive,both_have_targets,overall,shared_protein_count,spearman,none,none,1,0.7446202607728674,5,1129,1145,5,ok
transductive,transductive,both_have_targets,overall,shared_protein_count,spearman,none,none,2,0.7417274839481165,5,1129,1149,5,ok
transductive,transductive,both_have_targets,overall,shared_protein_count,spearman,none,none,3,0.7421075430237354,5,1129,1148,5,ok
transductive,transductive,both_have_targets,overall,shared_protein_count,spearman,none,none,4,0.7422827024953813,5,1132,1152,5,ok
transductive,transductive,both_have_targets,overall,shared_target_count,partial_spearman,n_targets_a|n_targets_b,endpoint_columns,0,0.3205936114803511,5,1135,1144,5,ok
transductive,transductive,both_have_targets,overall,shared_target_count,partial_spearman,n_targets_a|n_targets_b,endpoint_columns,1,0.3088499272034498,5,1129,1145,5,ok
transductive,transductive,both_have_targets,overall,shared_target_count,partial_spearman,n_targets_a|n_targets_b,endpoint_columns,2,0.3143478177931497,5,1129,1149,5,ok
transductive,transductive,both_have_targets,overall,shared_target_count,partial_spearman,n_targets_a|n_targets_b,endpoint_columns,3,0.3052033540606439,5,1129,1148,5,ok
transductive,transductive,both_have_targets,overall,shared_target_count,partial_spearman,n_targets_a|n_targets_b,endpoint_columns,4,0.3123366492317425,5,1132,1152,5,ok
transductive,transductive,both_have_targets,overall,shared_target_count,partial_spearman,n_targets_a|n_targets_b,unordered_minmax,0,0.3138908614955714,5,1135,1144,5,ok
transductive,transductive,both_have_targets,overall,shared_target_count,partial_spearman,n_targets_a|n_targets_b,unordered_minmax,1,0.3053836407894556,5,1129,1145,5,ok
transductive,transductive,both_have_targets,overall,shared_target_count,partial_spearman,n_targets_a|n_targets_b,unordered_minmax,2,0.3111129146808126,5,1129,1149,5,ok
transductive,transductive,both_have_targets,overall,shared_target_count,partial_spearman,n_targets_a|n_targets_b,unordered_minmax,3,0.3019830885433125,5,1129,1148,5,ok
transductive,transductive,both_have_targets,overall,shared_target_count,partial_spearman,n_targets_a|n_targets_b,unordered_minmax,4,0.306361485813041,5,1132,1152,5,ok
transductive,transductive,both_have_targets,overall,shared_target_count,spearman,none,none,0,0.3451260838552078,5,1135,1144,5,ok
transductive,transductive,both_have_targets,overall,shared_target_count,spearman,none,none,1,0.3439874702491113,5,1129,1145,5,ok
transductive,transductive,both_have_targets,overall,shared_target_count,spearman,none,none,2,0.3450115074579546,5,1129,1149,5,ok
transductive,transductive,both_have_targets,overall,shared_target_count,spearman,none,none,3,0.3317661479352021,5,1129,1148,5,ok
transductive,transductive,both_have_targets,overall,shared_target_count,spearman,none,none,4,0.3498781228559543,5,1132,1152,5,ok
transductive,transductive,both_have_targets,positive,biological_shared_protein_count,partial_spearman,n_biological_proteins_a|n_biological_proteins_b,endpoint_columns,0,0.0459880167153475,5,485,494,5,ok
transductive,transductive,both_have_targets,positive,biological_shared_protein_count,partial_spearman,n_biological_proteins_a|n_biological_proteins_b,endpoint_columns,1,0.018619348658513,5,479,495,5,ok
transductive,transductive,both_have_targets,positive,biological_shared_protein_count,partial_spearman,n_biological_proteins_a|n_biological_proteins_b,endpoint_columns,2,0.0363339248116602,5,479,499,5,ok
transductive,transductive,both_have_targets,positive,biological_shared_protein_count,partial_spearman,n_biological_proteins_a|n_biological_proteins_b,endpoint_columns,3,0.0309117919247041,5,479,498,5,ok
transductive,transductive,both_have_targets,positive,biological_shared_protein_count,partial_spearman,n_biological_proteins_a|n_biological_proteins_b,endpoint_columns,4,0.0418250877755323,5,482,502,5,ok
transductive,transductive,both_have_targets,positive,biological_shared_protein_count,partial_spearman,n_biological_proteins_a|n_biological_proteins_b,unordered_minmax,0,0.0540464768026808,5,485,494,5,ok
transductive,transductive,both_have_targets,positive,biological_shared_protein_count,partial_spearman,n_biological_proteins_a|n_biological_proteins_b,unordered_minmax,1,0.0366684058261372,5,479,495,5,ok
transductive,transductive,both_have_targets,positive,biological_shared_protein_count,partial_spearman,n_biological_proteins_a|n_biological_proteins_b,unordered_minmax,2,0.0540252997913594,5,479,499,5,ok
transductive,transductive,both_have_targets,positive,biological_shared_protein_count,partial_spearman,n_biological_proteins_a|n_biological_proteins_b,unordered_minmax,3,0.0351954533887315,5,479,498,5,ok
transductive,transductive,both_have_targets,positive,biological_shared_protein_count,partial_spearman,n_biological_proteins_a|n_biological_proteins_b,unordered_minmax,4,0.0502466155184253,5,482,502,5,ok
transductive,transductive,both_have_targets,positive,biological_shared_protein_count,spearman,none,none,0,-0.0102643169212273,5,485,494,5,ok
transductive,transductive,both_have_targets,positive,biological_shared_protein_count,spearman,none,none,1,-0.0176201690447788,5,479,495,5,ok
transductive,transductive,both_have_targets,positive,biological_shared_protein_count,spearman,none,none,2,-0.0148490181566412,5,479,499,5,ok
transductive,transductive,both_have_targets,positive,biological_shared_protein_count,spearman,none,none,3,-0.0595242012867684,5,479,498,5,ok
transductive,transductive,both_have_targets,positive,biological_shared_protein_count,spearman,none,none,4,0.0063445990228669,5,482,502,5,ok
transductive,transductive,both_have_targets,positive,protein_jaccard,spearman,none,none,0,0.2221317381742048,5,485,494,5,ok
transductive,transductive,both_have_targets,positive,protein_jaccard,spearman,none,none,1,0.2232716403343236,5,479,495,5,ok
transductive,transductive,both_have_targets,positive,protein_jaccard,spearman,none,none,2,0.2080059318118009,5,479,499,5,ok
transductive,transductive,both_have_targets,positive,protein_jaccard,spearman,none,none,3,0.2741007650276948,5,479,498,5,ok
transductive,transductive,both_have_targets,positive,protein_jaccard,spearman,none,none,4,0.2489862831508049,5,482,502,5,ok
transductive,transductive,both_have_targets,positive,protein_size_geomean,spearman,none,none,0,0.13211853229696,5,485,494,5,ok
transductive,transductive,both_have_targets,positive,protein_size_geomean,spearman,none,none,1,0.1418622404866631,5,479,495,5,ok
transductive,transductive,both_have_targets,positive,protein_size_geomean,spearman,none,none,2,0.1405576552070522,5,479,499,5,ok
transductive,transductive,both_have_targets,positive,protein_size_geomean,spearman,none,none,3,0.0930366760366718,5,479,498,5,ok
transductive,transductive,both_have_targets,positive,protein_size_geomean,spearman,none,none,4,0.1672217642864421,5,482,502,5,ok
transductive,transductive,both_have_targets,positive,shared_protein_count,partial_spearman,n_proteins_a|n_proteins_b,endpoint_columns,0,0.2315795363341604,5,485,494,5,ok
transductive,transductive,both_have_targets,positive,shared_protein_count,partial_spearman,n_proteins_a|n_proteins_b,endpoint_columns,1,0.2407725581242789,5,479,495,5,ok
transductive,transductive,both_have_targets,positive,shared_protein_count,partial_spearman,n_proteins_a|n_proteins_b,endpoint_columns,2,0.2281388560090374,5,479,499,5,ok
transductive,transductive,both_have_targets,positive,shared_protein_count,partial_spearman,n_proteins_a|n_proteins_b,endpoint_columns,3,0.276932587986189,5,479,498,5,ok
transductive,transductive,both_have_targets,positive,shared_protein_count,partial_spearman,n_proteins_a|n_proteins_b,endpoint_columns,4,0.258597028459105,5,482,502,5,ok
transductive,transductive,both_have_targets,positive,shared_protein_count,partial_spearman,n_proteins_a|n_proteins_b,unordered_minmax,0,0.2082374702582708,5,485,494,5,ok
transductive,transductive,both_have_targets,positive,shared_protein_count,partial_spearman,n_proteins_a|n_proteins_b,unordered_minmax,1,0.2434567529316691,5,479,495,5,ok
transductive,transductive,both_have_targets,positive,shared_protein_count,partial_spearman,n_proteins_a|n_proteins_b,unordered_minmax,2,0.2245340659041099,5,479,499,5,ok
transductive,transductive,both_have_targets,positive,shared_protein_count,partial_spearman,n_proteins_a|n_proteins_b,unordered_minmax,3,0.2532879294527568,5,479,498,5,ok
transductive,transductive,both_have_targets,positive,shared_protein_count,partial_spearman,n_proteins_a|n_proteins_b,unordered_minmax,4,0.2351961942426189,5,482,502,5,ok
transductive,transductive,both_have_targets,positive,shared_protein_count,spearman,none,none,0,0.2315037818542926,5,485,494,5,ok
transductive,transductive,both_have_targets,positive,shared_protein_count,spearman,none,none,1,0.2484924196514084,5,479,495,5,ok
transductive,transductive,both_have_targets,positive,shared_protein_count,spearman,none,none,2,0.2375682022319445,5,479,499,5,ok
transductive,transductive,both_have_targets,positive,shared_protein_count,spearman,none,none,3,0.2283455401688163,5,479,498,5,ok
transductive,transductive,both_have_targets,positive,shared_protein_count,spearman,none,none,4,0.2760125229365641,5,482,502,5,ok
transductive,transductive,both_have_targets,positive,shared_target_count,partial_spearman,n_targets_a|n_targets_b,endpoint_columns,0,0.1021033040602063,5,485,494,5,ok
transductive,transductive,both_have_targets,positive,shared_target_count,partial_spearman,n_targets_a|n_targets_b,endpoint_columns,1,0.0637985323667892,5,479,495,5,ok
transductive,transductive,both_have_targets,positive,shared_target_count,partial_spearman,n_targets_a|n_targets_b,endpoint_columns,2,0.0811329864396881,5,479,499,5,ok
transductive,transductive,both_have_targets,positive,shared_target_count,partial_spearman,n_targets_a|n_targets_b,endpoint_columns,3,0.063541814447952,5,479,498,5,ok
transductive,transductive,both_have_targets,positive,shared_target_count,partial_spearman,n_targets_a|n_targets_b,endpoint_columns,4,0.0806901627334124,5,482,502,5,ok
transductive,transductive,both_have_targets,positive,shared_target_count,partial_spearman,n_targets_a|n_targets_b,unordered_minmax,0,0.1203456640568735,5,485,494,5,ok
transductive,transductive,both_have_targets,positive,shared_target_count,partial_spearman,n_targets_a|n_targets_b,unordered_minmax,1,0.0952655163438226,5,479,495,5,ok
transductive,transductive,both_have_targets,positive,shared_target_count,partial_spearman,n_targets_a|n_targets_b,unordered_minmax,2,0.1088586364466269,5,479,499,5,ok
transductive,transductive,both_have_targets,positive,shared_target_count,partial_spearman,n_targets_a|n_targets_b,unordered_minmax,3,0.0866881165233201,5,479,498,5,ok
transductive,transductive,both_have_targets,positive,shared_target_count,partial_spearman,n_targets_a|n_targets_b,unordered_minmax,4,0.1003666218522026,5,482,502,5,ok
transductive,transductive,both_have_targets,positive,shared_target_count,spearman,none,none,0,0.0443923880628556,5,485,494,5,ok
transductive,transductive,both_have_targets,positive,shared_target_count,spearman,none,none,1,0.0351311699401585,5,479,495,5,ok
transductive,transductive,both_have_targets,positive,shared_target_count,spearman,none,none,2,0.0363044837680999,5,479,499,5,ok
transductive,transductive,both_have_targets,positive,shared_target_count,spearman,none,none,3,0.0009857012437234,5,479,498,5,ok
transductive,transductive,both_have_targets,positive,shared_target_count,spearman,none,none,4,0.0508627354054399,5,482,502,5,ok
inductive,seen_unseen,all_pairs,negative,biological_shared_protein_count,partial_spearman,n_biological_proteins_a|n_biological_proteins_b,endpoint_columns,0,-0.0030874132638495,3,1168,1168,3,ok
inductive,seen_unseen,all_pairs,negative,biological_shared_protein_count,partial_spearman,n_biological_proteins_a|n_biological_proteins_b,endpoint_columns,1,0.2418154562082067,3,755,755,3,ok
inductive,seen_unseen,all_pairs,negative,biological_shared_protein_count,partial_spearman,n_biological_proteins_a|n_biological_proteins_b,endpoint_columns,2,0.1363422374493715,3,595,595,3,ok
inductive,seen_unseen,all_pairs,negative,biological_shared_protein_count,partial_spearman,n_biological_proteins_a|n_biological_proteins_b,endpoint_columns,3,-0.073025924842184,3,932,932,3,ok
inductive,seen_unseen,all_pairs,negative,biological_shared_protein_count,partial_spearman,n_biological_proteins_a|n_biological_proteins_b,endpoint_columns,4,0.0390253445197061,3,869,869,3,ok
inductive,seen_unseen,all_pairs,negative,biological_shared_protein_count,partial_spearman,n_biological_proteins_a|n_biological_proteins_b,unordered_minmax,0,0.0320118028641079,3,1168,1168,3,ok
inductive,seen_unseen,all_pairs,negative,biological_shared_protein_count,partial_spearman,n_biological_proteins_a|n_biological_proteins_b,unordered_minmax,1,0.2197049171657596,3,755,755,3,ok
inductive,seen_unseen,all_pairs,negative,biological_shared_protein_count,partial_spearman,n_biological_proteins_a|n_biological_proteins_b,unordered_minmax,2,0.1516908647106582,3,595,595,3,ok
inductive,seen_unseen,all_pairs,negative,biological_shared_protein_count,partial_spearman,n_biological_proteins_a|n_biological_proteins_b,unordered_minmax,3,-0.0134598224569818,3,932,932,3,ok
inductive,seen_unseen,all_pairs,negative,biological_shared_protein_count,partial_spearman,n_biological_proteins_a|n_biological_proteins_b,unordered_minmax,4,0.0175203893145979,3,869,869,3,ok
inductive,seen_unseen,all_pairs,negative,biological_shared_protein_count,spearman,none,none,0,-0.1590952518299094,3,1168,1168,3,ok
inductive,seen_unseen,all_pairs,negative,biological_shared_protein_count,spearman,none,none,1,0.0990393328799353,3,755,755,3,ok
inductive,seen_unseen,all_pairs,negative,biological_shared_protein_count,spearman,none,none,2,-0.0006579532965489,3,595,595,3,ok
inductive,seen_unseen,all_pairs,negative,biological_shared_protein_count,spearman,none,none,3,-0.2172234357207511,3,932,932,3,ok
inductive,seen_unseen,all_pairs,negative,biological_shared_protein_count,spearman,none,none,4,0.2616573803017301,3,869,869,3,ok
inductive,seen_unseen,all_pairs,negative,protein_jaccard,spearman,none,none,0,-0.1006825794622888,3,1168,1168,3,ok
inductive,seen_unseen,all_pairs,negative,protein_jaccard,spearman,none,none,1,0.1956360591306383,3,755,755,3,ok
inductive,seen_unseen,all_pairs,negative,protein_jaccard,spearman,none,none,2,0.0707069001644156,3,595,595,3,ok
inductive,seen_unseen,all_pairs,negative,protein_jaccard,spearman,none,none,3,-0.1773877193925973,3,932,932,3,ok
inductive,seen_unseen,all_pairs,negative,protein_jaccard,spearman,none,none,4,0.1267576506618567,3,869,869,3,ok
inductive,seen_unseen,all_pairs,negative,protein_size_geomean,spearman,none,none,0,-0.240759553012257,3,1168,1168,3,ok
inductive,seen_unseen,all_pairs,negative,protein_size_geomean,spearman,none,none,1,-0.0252313018647174,3,755,755,3,ok
inductive,seen_unseen,all_pairs,negative,protein_size_geomean,spearman,none,none,2,-0.0639321304761129,3,595,595,3,ok
inductive,seen_unseen,all_pairs,negative,protein_size_geomean,spearman,none,none,3,-0.277397480951305,3,932,932,3,ok
inductive,seen_unseen,all_pairs,negative,protein_size_geomean,spearman,none,none,4,0.2961743733692878,3,869,869,3,ok
inductive,seen_unseen,all_pairs,negative,shared_protein_count,partial_spearman,n_proteins_a|n_proteins_b,endpoint_columns,0,-0.0030874132638495,3,1168,1168,3,ok
inductive,seen_unseen,all_pairs,negative,shared_protein_count,partial_spearman,n_proteins_a|n_proteins_b,endpoint_columns,1,0.2418154562082067,3,755,755,3,ok
inductive,seen_unseen,all_pairs,negative,shared_protein_count,partial_spearman,n_proteins_a|n_proteins_b,endpoint_columns,2,0.1363422374493715,3,595,595,3,ok
inductive,seen_unseen,all_pairs,negative,shared_protein_count,partial_spearman,n_proteins_a|n_proteins_b,endpoint_columns,3,-0.073025924842184,3,932,932,3,ok
inductive,seen_unseen,all_pairs,negative,shared_protein_count,partial_spearman,n_proteins_a|n_proteins_b,endpoint_columns,4,0.0390253445197061,3,869,869,3,ok
inductive,seen_unseen,all_pairs,negative,shared_protein_count,partial_spearman,n_proteins_a|n_proteins_b,unordered_minmax,0,0.0320118028641079,3,1168,1168,3,ok
inductive,seen_unseen,all_pairs,negative,shared_protein_count,partial_spearman,n_proteins_a|n_proteins_b,unordered_minmax,1,0.2197049171657596,3,755,755,3,ok
inductive,seen_unseen,all_pairs,negative,shared_protein_count,partial_spearman,n_proteins_a|n_proteins_b,unordered_minmax,2,0.1516908647106582,3,595,595,3,ok
inductive,seen_unseen,all_pairs,negative,shared_protein_count,partial_spearman,n_proteins_a|n_proteins_b,unordered_minmax,3,-0.0134598224569818,3,932,932,3,ok
inductive,seen_unseen,all_pairs,negative,shared_protein_count,partial_spearman,n_proteins_a|n_proteins_b,unordered_minmax,4,0.0175203893145979,3,869,869,3,ok
inductive,seen_unseen,all_pairs,negative,shared_protein_count,spearman,none,none,0,-0.1590952518299094,3,1168,1168,3,ok
inductive,seen_unseen,all_pairs,negative,shared_protein_count,spearman,none,none,1,0.0990393328799353,3,755,755,3,ok
inductive,seen_unseen,all_pairs,negative,shared_protein_count,spearman,none,none,2,-0.0006579532965489,3,595,595,3,ok
inductive,seen_unseen,all_pairs,negative,shared_protein_count,spearman,none,none,3,-0.2172234357207511,3,932,932,3,ok
inductive,seen_unseen,all_pairs,negative,shared_protein_count,spearman,none,none,4,0.2616573803017301,3,869,869,3,ok
inductive,seen_unseen,all_pairs,negative,shared_target_count,partial_spearman,n_targets_a|n_targets_b,endpoint_columns,0,0.2122971629500092,3,1168,1168,3,ok
inductive,seen_unseen,all_pairs,negative,shared_target_count,partial_spearman,n_targets_a|n_targets_b,endpoint_columns,1,0.2874514979469256,3,755,755,3,ok
inductive,seen_unseen,all_pairs,negative,shared_target_count,partial_spearman,n_targets_a|n_targets_b,endpoint_columns,2,0.2649429585030893,3,595,595,3,ok
inductive,seen_unseen,all_pairs,negative,shared_target_count,partial_spearman,n_targets_a|n_targets_b,endpoint_columns,3,0.0761381503485345,3,932,932,3,ok
inductive,seen_unseen,all_pairs,negative,shared_target_count,partial_spearman,n_targets_a|n_targets_b,endpoint_columns,4,0.1531684523809559,3,869,869,3,ok
inductive,seen_unseen,all_pairs,negative,shared_target_count,partial_spearman,n_targets_a|n_targets_b,unordered_minmax,0,0.218490083676459,3,1168,1168,3,ok
inductive,seen_unseen,all_pairs,negative,shared_target_count,partial_spearman,n_targets_a|n_targets_b,unordered_minmax,1,0.2763805080373554,3,755,755,3,ok
inductive,seen_unseen,all_pairs,negative,shared_target_count,partial_spearman,n_targets_a|n_targets_b,unordered_minmax,2,0.2441434738403148,3,595,595,3,ok
inductive,seen_unseen,all_pairs,negative,shared_target_count,partial_spearman,n_targets_a|n_targets_b,unordered_minmax,3,0.0863694613520225,3,932,932,3,ok
inductive,seen_unseen,all_pairs,negative,shared_target_count,partial_spearman,n_targets_a|n_targets_b,unordered_minmax,4,0.1232466875539496,3,869,869,3,ok
inductive,seen_unseen,all_pairs,negative,shared_target_count,spearman,none,none,0,0.149700516490224,3,1168,1168,3,ok
inductive,seen_unseen,all_pairs,negative,shared_target_count,spearman,none,none,1,0.3136455072603878,3,755,755,3,ok
inductive,seen_unseen,all_pairs,negative,shared_target_count,spearman,none,none,2,0.261924812984116,3,595,595,3,ok
inductive,seen_unseen,all_pairs,negative,shared_target_count,spearman,none,none,3,0.0687200262956648,3,932,932,3,ok
inductive,seen_unseen,all_pairs,negative,shared_target_count,spearman,none,none,4,0.1335756427834992,3,869,869,3,ok
inductive,seen_unseen,all_pairs,overall,biological_shared_protein_count,partial_spearman,n_biological_proteins_a|n_biological_proteins_b,endpoint_columns,0,0.0411298575556582,3,2336,2336,3,ok
inductive,seen_unseen,all_pairs,overall,biological_shared_protein_count,partial_spearman,n_biological_proteins_a|n_biological_proteins_b,endpoint_columns,1,0.1052260845959088,3,1510,1510,3,ok
inductive,seen_unseen,all_pairs,overall,biological_shared_protein_count,partial_spearman,n_biological_proteins_a|n_biological_proteins_b,endpoint_columns,2,0.0840951630349844,3,1190,1190,3,ok
inductive,seen_unseen,all_pairs,overall,biological_shared_protein_count,partial_spearman,n_biological_proteins_a|n_biological_proteins_b,endpoint_columns,3,0.0547094946446638,3,1864,1864,3,ok
inductive,seen_unseen,all_pairs,overall,biological_shared_protein_count,partial_spearman,n_biological_proteins_a|n_biological_proteins_b,endpoint_columns,4,0.0433458733413681,3,1738,1738,3,ok
inductive,seen_unseen,all_pairs,overall,biological_shared_protein_count,partial_spearman,n_biological_proteins_a|n_biological_proteins_b,unordered_minmax,0,0.1989109182019758,3,2336,2336,3,ok
inductive,seen_unseen,all_pairs,overall,biological_shared_protein_count,partial_spearman,n_biological_proteins_a|n_biological_proteins_b,unordered_minmax,1,0.2311374046098311,3,1510,1510,3,ok
inductive,seen_unseen,all_pairs,overall,biological_shared_protein_count,partial_spearman,n_biological_proteins_a|n_biological_proteins_b,unordered_minmax,2,0.2323591765791743,3,1190,1190,3,ok
inductive,seen_unseen,all_pairs,overall,biological_shared_protein_count,partial_spearman,n_biological_proteins_a|n_biological_proteins_b,unordered_minmax,3,0.2012096843244521,3,1864,1864,3,ok
inductive,seen_unseen,all_pairs,overall,biological_shared_protein_count,partial_spearman,n_biological_proteins_a|n_biological_proteins_b,unordered_minmax,4,0.2002937097754449,3,1738,1738,3,ok
inductive,seen_unseen,all_pairs,overall,biological_shared_protein_count,partial_spearman,n_biological_proteins_a|n_biological_proteins_b|either_biological_size_zero,endpoint_columns_plus_zero,0,0.1517974890627413,3,2336,2336,3,ok
inductive,seen_unseen,all_pairs,overall,biological_shared_protein_count,partial_spearman,n_biological_proteins_a|n_biological_proteins_b|either_biological_size_zero,endpoint_columns_plus_zero,1,0.3026184657886899,3,1510,1510,3,ok
inductive,seen_unseen,all_pairs,overall,biological_shared_protein_count,partial_spearman,n_biological_proteins_a|n_biological_proteins_b|either_biological_size_zero,endpoint_columns_plus_zero,2,0.2433392983939819,3,1190,1190,3,ok
inductive,seen_unseen,all_pairs,overall,biological_shared_protein_count,partial_spearman,n_biological_proteins_a|n_biological_proteins_b|either_biological_size_zero,endpoint_columns_plus_zero,3,0.1320766011934714,3,1864,1864,3,ok
inductive,seen_unseen,all_pairs,overall,biological_shared_protein_count,partial_spearman,n_biological_proteins_a|n_biological_proteins_b|either_biological_size_zero,endpoint_columns_plus_zero,4,0.2679402836931467,3,1738,1738,3,ok
inductive,seen_unseen,all_pairs,overall,biological_shared_protein_count,partial_spearman,n_biological_proteins_a|n_biological_proteins_b|either_biological_size_zero,unordered_minmax_plus_zero,0,0.1979356514592259,3,2336,2336,3,ok
inductive,seen_unseen,all_pairs,overall,biological_shared_protein_count,partial_spearman,n_biological_proteins_a|n_biological_proteins_b|either_biological_size_zero,unordered_minmax_plus_zero,1,0.3260293502002948,3,1510,1510,3,ok
inductive,seen_unseen,all_pairs,overall,biological_shared_protein_count,partial_spearman,n_biological_proteins_a|n_biological_proteins_b|either_biological_size_zero,unordered_minmax_plus_zero,2,0.2881156923378489,3,1190,1190,3,ok
inductive,seen_unseen,all_pairs,overall,biological_shared_protein_count,partial_spearman,n_biological_proteins_a|n_biological_proteins_b|either_biological_size_zero,unordered_minmax_plus_zero,3,0.2051185066869256,3,1864,1864,3,ok
inductive,seen_unseen,all_pairs,overall,biological_shared_protein_count,partial_spearman,n_biological_proteins_a|n_biological_proteins_b|either_biological_size_zero,unordered_minmax_plus_zero,4,0.2808778661282488,3,1738,1738,3,ok
inductive,seen_unseen,all_pairs,overall,biological_shared_protein_count,spearman,none,none,0,-0.2248092916558093,3,2336,2336,3,ok
inductive,seen_unseen,all_pairs,overall,biological_shared_protein_count,spearman,none,none,1,-0.1593237934322414,3,1510,1510,3,ok
inductive,seen_unseen,all_pairs,overall,biological_shared_protein_count,spearman,none,none,2,-0.1799091553019902,3,1190,1190,3,ok
inductive,seen_unseen,all_pairs,overall,biological_shared_protein_count,spearman,none,none,3,-0.2171948380392331,3,1864,1864,3,ok
inductive,seen_unseen,all_pairs,overall,biological_shared_protein_count,spearman,none,none,4,-0.0744093327230758,3,1738,1738,3,ok
inductive,seen_unseen,all_pairs,overall,protein_jaccard,spearman,none,none,0,-0.1749417844358791,3,2316,2316,3,ok
inductive,seen_unseen,all_pairs,overall,protein_jaccard,spearman,none,none,1,-0.0787998022480375,3,1484,1484,3,ok
inductive,seen_unseen,all_pairs,overall,protein_jaccard,spearman,none,none,2,-0.1347705214021501,3,1183,1183,3,ok
inductive,seen_unseen,all_pairs,overall,protein_jaccard,spearman,none,none,3,-0.1689492424116229,3,1844,1844,3,ok
inductive,seen_unseen,all_pairs,overall,protein_jaccard,spearman,none,none,4,-0.072134468639733,3,1717,1717,3,ok
inductive,seen_unseen,all_pairs,overall,protein_size_geomean,spearman,none,none,0,-0.3699838172324968,3,2336,2336,3,ok
inductive,seen_unseen,all_pairs,overall,protein_size_geomean,spearman,none,none,1,-0.3270199221321391,3,1510,1510,3,ok
inductive,seen_unseen,all_pairs,overall,protein_size_geomean,spearman,none,none,2,-0.3226824524135599,3,1190,1190,3,ok
inductive,seen_unseen,all_pairs,overall,protein_size_geomean,spearman,none,none,3,-0.3695788196586785,3,1864,1864,3,ok
inductive,seen_unseen,all_pairs,overall,protein_size_geomean,spearman,none,none,4,-0.1965208861506982,3,1738,1738,3,ok
inductive,seen_unseen,all_pairs,overall,shared_protein_count,partial_spearman,n_proteins_a|n_proteins_b,endpoint_columns,0,0.0411298575556582,3,2336,2336,3,ok
inductive,seen_unseen,all_pairs,overall,shared_protein_count,partial_spearman,n_proteins_a|n_proteins_b,endpoint_columns,1,0.1052260845959088,3,1510,1510,3,ok
inductive,seen_unseen,all_pairs,overall,shared_protein_count,partial_spearman,n_proteins_a|n_proteins_b,endpoint_columns,2,0.0840951630349844,3,1190,1190,3,ok
inductive,seen_unseen,all_pairs,overall,shared_protein_count,partial_spearman,n_proteins_a|n_proteins_b,endpoint_columns,3,0.0547094946446638,3,1864,1864,3,ok
inductive,seen_unseen,all_pairs,overall,shared_protein_count,partial_spearman,n_proteins_a|n_proteins_b,endpoint_columns,4,0.0433458733413681,3,1738,1738,3,ok
inductive,seen_unseen,all_pairs,overall,shared_protein_count,partial_spearman,n_proteins_a|n_proteins_b,unordered_minmax,0,0.1989109182019758,3,2336,2336,3,ok
inductive,seen_unseen,all_pairs,overall,shared_protein_count,partial_spearman,n_proteins_a|n_proteins_b,unordered_minmax,1,0.2311374046098311,3,1510,1510,3,ok
inductive,seen_unseen,all_pairs,overall,shared_protein_count,partial_spearman,n_proteins_a|n_proteins_b,unordered_minmax,2,0.2323591765791743,3,1190,1190,3,ok
inductive,seen_unseen,all_pairs,overall,shared_protein_count,partial_spearman,n_proteins_a|n_proteins_b,unordered_minmax,3,0.2012096843244521,3,1864,1864,3,ok
inductive,seen_unseen,all_pairs,overall,shared_protein_count,partial_spearman,n_proteins_a|n_proteins_b,unordered_minmax,4,0.2002937097754449,3,1738,1738,3,ok
inductive,seen_unseen,all_pairs,overall,shared_protein_count,spearman,none,none,0,-0.2248092916558093,3,2336,2336,3,ok
inductive,seen_unseen,all_pairs,overall,shared_protein_count,spearman,none,none,1,-0.1593237934322414,3,1510,1510,3,ok
inductive,seen_unseen,all_pairs,overall,shared_protein_count,spearman,none,none,2,-0.1799091553019902,3,1190,1190,3,ok
inductive,seen_unseen,all_pairs,overall,shared_protein_count,spearman,none,none,3,-0.2171948380392331,3,1864,1864,3,ok
inductive,seen_unseen,all_pairs,overall,shared_protein_count,spearman,none,none,4,-0.0744093327230758,3,1738,1738,3,ok
inductive,seen_unseen,all_pairs,overall,shared_target_count,partial_spearman,n_targets_a|n_targets_b,endpoint_columns,0,0.3572174100640195,3,2336,2336,3,ok
inductive,seen_unseen,all_pairs,overall,shared_target_count,partial_spearman,n_targets_a|n_targets_b,endpoint_columns,1,0.3088557067504505,3,1510,1510,3,ok
inductive,seen_unseen,all_pairs,overall,shared_target_count,partial_spearman,n_targets_a|n_targets_b,endpoint_columns,2,0.3287791798861476,3,1190,1190,3,ok
inductive,seen_unseen,all_pairs,overall,shared_target_count,partial_spearman,n_targets_a|n_targets_b,endpoint_columns,3,0.235152285158628,3,1864,1864,3,ok
inductive,seen_unseen,all_pairs,overall,shared_target_count,partial_spearman,n_targets_a|n_targets_b,endpoint_columns,4,0.3095636529295453,3,1738,1738,3,ok
inductive,seen_unseen,all_pairs,overall,shared_target_count,partial_spearman,n_targets_a|n_targets_b,unordered_minmax,0,0.4146812440636235,3,2336,2336,3,ok
inductive,seen_unseen,all_pairs,overall,shared_target_count,partial_spearman,n_targets_a|n_targets_b,unordered_minmax,1,0.3530105034828661,3,1510,1510,3,ok
inductive,seen_unseen,all_pairs,overall,shared_target_count,partial_spearman,n_targets_a|n_targets_b,unordered_minmax,2,0.3806497358286029,3,1190,1190,3,ok
inductive,seen_unseen,all_pairs,overall,shared_target_count,partial_spearman,n_targets_a|n_targets_b,unordered_minmax,3,0.2789690254854741,3,1864,1864,3,ok
inductive,seen_unseen,all_pairs,overall,shared_target_count,partial_spearman,n_targets_a|n_targets_b,unordered_minmax,4,0.3519075835735442,3,1738,1738,3,ok
inductive,seen_unseen,all_pairs,overall,shared_target_count,spearman,none,none,0,0.159794688946325,3,2336,2336,3,ok
inductive,seen_unseen,all_pairs,overall,shared_target_count,spearman,none,none,1,0.1918923051820076,3,1510,1510,3,ok
inductive,seen_unseen,all_pairs,overall,shared_target_count,spearman,none,none,2,0.1852080059994962,3,1190,1190,3,ok
inductive,seen_unseen,all_pairs,overall,shared_target_count,spearman,none,none,3,0.1315039693005015,3,1864,1864,3,ok
inductive,seen_unseen,all_pairs,overall,shared_target_count,spearman,none,none,4,0.1718218623481071,3,1738,1738,3,ok
inductive,seen_unseen,all_pairs,positive,biological_shared_protein_count,partial_spearman,n_biological_proteins_a|n_biological_proteins_b,endpoint_columns,0,-0.0279821492481798,3,1168,1168,3,ok
inductive,seen_unseen,all_pairs,positive,biological_shared_protein_count,partial_spearman,n_biological_proteins_a|n_biological_proteins_b,endpoint_columns,1,-0.0339175592261489,3,755,755,3,ok
inductive,seen_unseen,all_pairs,positive,biological_shared_protein_count,partial_spearman,n_biological_proteins_a|n_biological_proteins_b,endpoint_columns,2,-0.0434781628678358,3,595,595,3,ok
inductive,seen_unseen,all_pairs,positive,biological_shared_protein_count,partial_spearman,n_biological_proteins_a|n_biological_proteins_b,endpoint_columns,3,0.0780578805300069,3,932,932,3,ok
inductive,seen_unseen,all_pairs,positive,biological_shared_protein_count,partial_spearman,n_biological_proteins_a|n_biological_proteins_b,endpoint_columns,4,-0.0948761520942219,3,869,869,3,ok
inductive,seen_unseen,all_pairs,positive,biological_shared_protein_count,partial_spearman,n_biological_proteins_a|n_biological_proteins_b,unordered_minmax,0,0.2237650198970312,3,1168,1168,3,ok
inductive,seen_unseen,all_pairs,positive,biological_shared_protein_count,partial_spearman,n_biological_proteins_a|n_biological_proteins_b,unordered_minmax,1,0.2565223988897722,3,755,755,3,ok
inductive,seen_unseen,all_pairs,positive,biological_shared_protein_count,partial_spearman,n_biological_proteins_a|n_biological_proteins_b,unordered_minmax,2,0.2382860105068741,3,595,595,3,ok
inductive,seen_unseen,all_pairs,positive,biological_shared_protein_count,partial_spearman,n_biological_proteins_a|n_biological_proteins_b,unordered_minmax,3,0.2825506229362198,3,932,932,3,ok
inductive,seen_unseen,all_pairs,positive,biological_shared_protein_count,partial_spearman,n_biological_proteins_a|n_biological_proteins_b,unordered_minmax,4,0.1995065833811401,3,869,869,3,ok
inductive,seen_unseen,all_pairs,positive,biological_shared_protein_count,spearman,none,none,0,-0.3734463478919796,3,1168,1168,3,ok
inductive,seen_unseen,all_pairs,positive,biological_shared_protein_count,spearman,none,none,1,-0.4223519495641286,3,755,755,3,ok
inductive,seen_unseen,all_pairs,positive,biological_shared_protein_count,spearman,none,none,2,-0.4028189305749634,3,595,595,3,ok
inductive,seen_unseen,all_pairs,positive,biological_shared_protein_count,spearman,none,none,3,-0.3167908882232605,3,932,932,3,ok
inductive,seen_unseen,all_pairs,positive,biological_shared_protein_count,spearman,none,none,4,-0.3964833135010324,3,869,869,3,ok
inductive,seen_unseen,all_pairs,positive,protein_jaccard,spearman,none,none,0,-0.3491097562711642,3,1148,1148,3,ok
inductive,seen_unseen,all_pairs,positive,protein_jaccard,spearman,none,none,1,-0.3697367384984629,3,729,729,3,ok
inductive,seen_unseen,all_pairs,positive,protein_jaccard,spearman,none,none,2,-0.3870980761451706,3,588,588,3,ok
inductive,seen_unseen,all_pairs,positive,protein_jaccard,spearman,none,none,3,-0.2724315977001266,3,912,912,3,ok
inductive,seen_unseen,all_pairs,positive,protein_jaccard,spearman,none,none,4,-0.35662796495681,3,848,848,3,ok
inductive,seen_unseen,all_pairs,positive,protein_size_geomean,spearman,none,none,0,-0.507946266801906,3,1168,1168,3,ok
inductive,seen_unseen,all_pairs,positive,protein_size_geomean,spearman,none,none,1,-0.5706188566287644,3,755,755,3,ok
inductive,seen_unseen,all_pairs,positive,protein_size_geomean,spearman,none,none,2,-0.527672358765016,3,595,595,3,ok
inductive,seen_unseen,all_pairs,positive,protein_size_geomean,spearman,none,none,3,-0.4836663238641048,3,932,932,3,ok
inductive,seen_unseen,all_pairs,positive,protein_size_geomean,spearman,none,none,4,-0.5285835104877806,3,869,869,3,ok
inductive,seen_unseen,all_pairs,positive,shared_protein_count,partial_spearman,n_proteins_a|n_proteins_b,endpoint_columns,0,-0.0279821492481798,3,1168,1168,3,ok
inductive,seen_unseen,all_pairs,positive,shared_protein_count,partial_spearman,n_proteins_a|n_proteins_b,endpoint_columns,1,-0.0339175592261489,3,755,755,3,ok
inductive,seen_unseen,all_pairs,positive,shared_protein_count,partial_spearman,n_proteins_a|n_proteins_b,endpoint_columns,2,-0.0434781628678358,3,595,595,3,ok
inductive,seen_unseen,all_pairs,positive,shared_protein_count,partial_spearman,n_proteins_a|n_proteins_b,endpoint_columns,3,0.0780578805300069,3,932,932,3,ok
inductive,seen_unseen,all_pairs,positive,shared_protein_count,partial_spearman,n_proteins_a|n_proteins_b,endpoint_columns,4,-0.0948761520942219,3,869,869,3,ok
inductive,seen_unseen,all_pairs,positive,shared_protein_count,partial_spearman,n_proteins_a|n_proteins_b,unordered_minmax,0,0.2237650198970312,3,1168,1168,3,ok
inductive,seen_unseen,all_pairs,positive,shared_protein_count,partial_spearman,n_proteins_a|n_proteins_b,unordered_minmax,1,0.2565223988897722,3,755,755,3,ok
inductive,seen_unseen,all_pairs,positive,shared_protein_count,partial_spearman,n_proteins_a|n_proteins_b,unordered_minmax,2,0.2382860105068741,3,595,595,3,ok
inductive,seen_unseen,all_pairs,positive,shared_protein_count,partial_spearman,n_proteins_a|n_proteins_b,unordered_minmax,3,0.2825506229362198,3,932,932,3,ok
inductive,seen_unseen,all_pairs,positive,shared_protein_count,partial_spearman,n_proteins_a|n_proteins_b,unordered_minmax,4,0.1995065833811401,3,869,869,3,ok
inductive,seen_unseen,all_pairs,positive,shared_protein_count,spearman,none,none,0,-0.3734463478919796,3,1168,1168,3,ok
inductive,seen_unseen,all_pairs,positive,shared_protein_count,spearman,none,none,1,-0.4223519495641286,3,755,755,3,ok
inductive,seen_unseen,all_pairs,positive,shared_protein_count,spearman,none,none,2,-0.4028189305749634,3,595,595,3,ok
inductive,seen_unseen,all_pairs,positive,shared_protein_count,spearman,none,none,3,-0.3167908882232605,3,932,932,3,ok
inductive,seen_unseen,all_pairs,positive,shared_protein_count,spearman,none,none,4,-0.3964833135010324,3,869,869,3,ok
inductive,seen_unseen,all_pairs,positive,shared_target_count,partial_spearman,n_targets_a|n_targets_b,endpoint_columns,0,0.3604729254770211,3,1168,1168,3,ok
inductive,seen_unseen,all_pairs,positive,shared_target_count,partial_spearman,n_targets_a|n_targets_b,endpoint_columns,1,0.2615611720267619,3,755,755,3,ok
inductive,seen_unseen,all_pairs,positive,shared_target_count,partial_spearman,n_targets_a|n_targets_b,endpoint_columns,2,0.2820568481394587,3,595,595,3,ok
inductive,seen_unseen,all_pairs,positive,shared_target_count,partial_spearman,n_targets_a|n_targets_b,endpoint_columns,3,0.2486640187412298,3,932,932,3,ok
inductive,seen_unseen,all_pairs,positive,shared_target_count,partial_spearman,n_targets_a|n_targets_b,endpoint_columns,4,0.268913659763875,3,869,869,3,ok
inductive,seen_unseen,all_pairs,positive,shared_target_count,partial_spearman,n_targets_a|n_targets_b,unordered_minmax,0,0.4749158893103513,3,1168,1168,3,ok
inductive,seen_unseen,all_pairs,positive,shared_target_count,partial_spearman,n_targets_a|n_targets_b,unordered_minmax,1,0.4101019856775122,3,755,755,3,ok
inductive,seen_unseen,all_pairs,positive,shared_target_count,partial_spearman,n_targets_a|n_targets_b,unordered_minmax,2,0.4423714174480795,3,595,595,3,ok
inductive,seen_unseen,all_pairs,positive,shared_target_count,partial_spearman,n_targets_a|n_targets_b,unordered_minmax,3,0.349828944470367,3,932,932,3,ok
inductive,seen_unseen,all_pairs,positive,shared_target_count,partial_spearman,n_targets_a|n_targets_b,unordered_minmax,4,0.406470198687354,3,869,869,3,ok
inductive,seen_unseen,all_pairs,positive,shared_target_count,spearman,none,none,0,-0.0412035214097608,3,1168,1168,3,ok
inductive,seen_unseen,all_pairs,positive,shared_target_count,spearman,none,none,1,-0.1091969654168634,3,755,755,3,ok
inductive,seen_unseen,all_pairs,positive,shared_target_count,spearman,none,none,2,-0.0890746286968715,3,595,595,3,ok
inductive,seen_unseen,all_pairs,positive,shared_target_count,spearman,none,none,3,-0.0053851694167783,3,932,932,3,ok
inductive,seen_unseen,all_pairs,positive,shared_target_count,spearman,none,none,4,-0.0738233746505924,3,869,869,3,ok
inductive,seen_unseen,both_have_targets,negative,biological_shared_protein_count,partial_spearman,n_biological_proteins_a|n_biological_proteins_b,endpoint_columns,0,-0.0030874132638495,3,1168,1168,3,ok
inductive,seen_unseen,both_have_targets,negative,biological_shared_protein_count,partial_spearman,n_biological_proteins_a|n_biological_proteins_b,endpoint_columns,1,0.2418154562082067,3,755,755,3,ok
inductive,seen_unseen,both_have_targets,negative,biological_shared_protein_count,partial_spearman,n_biological_proteins_a|n_biological_proteins_b,endpoint_columns,2,0.1363422374493715,3,595,595,3,ok
inductive,seen_unseen,both_have_targets,negative,biological_shared_protein_count,partial_spearman,n_biological_proteins_a|n_biological_proteins_b,endpoint_columns,3,-0.073025924842184,3,932,932,3,ok
inductive,seen_unseen,both_have_targets,negative,biological_shared_protein_count,partial_spearman,n_biological_proteins_a|n_biological_proteins_b,endpoint_columns,4,0.0390253445197061,3,869,869,3,ok
inductive,seen_unseen,both_have_targets,negative,biological_shared_protein_count,partial_spearman,n_biological_proteins_a|n_biological_proteins_b,unordered_minmax,0,0.0320118028641079,3,1168,1168,3,ok
inductive,seen_unseen,both_have_targets,negative,biological_shared_protein_count,partial_spearman,n_biological_proteins_a|n_biological_proteins_b,unordered_minmax,1,0.2197049171657596,3,755,755,3,ok
inductive,seen_unseen,both_have_targets,negative,biological_shared_protein_count,partial_spearman,n_biological_proteins_a|n_biological_proteins_b,unordered_minmax,2,0.1516908647106582,3,595,595,3,ok
inductive,seen_unseen,both_have_targets,negative,biological_shared_protein_count,partial_spearman,n_biological_proteins_a|n_biological_proteins_b,unordered_minmax,3,-0.0134598224569818,3,932,932,3,ok
inductive,seen_unseen,both_have_targets,negative,biological_shared_protein_count,partial_spearman,n_biological_proteins_a|n_biological_proteins_b,unordered_minmax,4,0.0175203893145979,3,869,869,3,ok
inductive,seen_unseen,both_have_targets,negative,biological_shared_protein_count,spearman,none,none,0,-0.1590952518299094,3,1168,1168,3,ok
inductive,seen_unseen,both_have_targets,negative,biological_shared_protein_count,spearman,none,none,1,0.0990393328799353,3,755,755,3,ok
inductive,seen_unseen,both_have_targets,negative,biological_shared_protein_count,spearman,none,none,2,-0.0006579532965489,3,595,595,3,ok
inductive,seen_unseen,both_have_targets,negative,biological_shared_protein_count,spearman,none,none,3,-0.2172234357207511,3,932,932,3,ok
inductive,seen_unseen,both_have_targets,negative,biological_shared_protein_count,spearman,none,none,4,0.2616573803017301,3,869,869,3,ok
inductive,seen_unseen,both_have_targets,negative,protein_jaccard,spearman,none,none,0,-0.1006825794622888,3,1168,1168,3,ok
inductive,seen_unseen,both_have_targets,negative,protein_jaccard,spearman,none,none,1,0.1956360591306383,3,755,755,3,ok
inductive,seen_unseen,both_have_targets,negative,protein_jaccard,spearman,none,none,2,0.0707069001644156,3,595,595,3,ok
inductive,seen_unseen,both_have_targets,negative,protein_jaccard,spearman,none,none,3,-0.1773877193925973,3,932,932,3,ok
inductive,seen_unseen,both_have_targets,negative,protein_jaccard,spearman,none,none,4,0.1267576506618567,3,869,869,3,ok
inductive,seen_unseen,both_have_targets,negative,protein_size_geomean,spearman,none,none,0,-0.240759553012257,3,1168,1168,3,ok
inductive,seen_unseen,both_have_targets,negative,protein_size_geomean,spearman,none,none,1,-0.0252313018647174,3,755,755,3,ok
inductive,seen_unseen,both_have_targets,negative,protein_size_geomean,spearman,none,none,2,-0.0639321304761129,3,595,595,3,ok
inductive,seen_unseen,both_have_targets,negative,protein_size_geomean,spearman,none,none,3,-0.277397480951305,3,932,932,3,ok
inductive,seen_unseen,both_have_targets,negative,protein_size_geomean,spearman,none,none,4,0.2961743733692878,3,869,869,3,ok
inductive,seen_unseen,both_have_targets,negative,shared_protein_count,partial_spearman,n_proteins_a|n_proteins_b,endpoint_columns,0,-0.0030874132638495,3,1168,1168,3,ok
inductive,seen_unseen,both_have_targets,negative,shared_protein_count,partial_spearman,n_proteins_a|n_proteins_b,endpoint_columns,1,0.2418154562082067,3,755,755,3,ok
inductive,seen_unseen,both_have_targets,negative,shared_protein_count,partial_spearman,n_proteins_a|n_proteins_b,endpoint_columns,2,0.1363422374493715,3,595,595,3,ok
inductive,seen_unseen,both_have_targets,negative,shared_protein_count,partial_spearman,n_proteins_a|n_proteins_b,endpoint_columns,3,-0.073025924842184,3,932,932,3,ok
inductive,seen_unseen,both_have_targets,negative,shared_protein_count,partial_spearman,n_proteins_a|n_proteins_b,endpoint_columns,4,0.0390253445197061,3,869,869,3,ok
inductive,seen_unseen,both_have_targets,negative,shared_protein_count,partial_spearman,n_proteins_a|n_proteins_b,unordered_minmax,0,0.0320118028641079,3,1168,1168,3,ok
inductive,seen_unseen,both_have_targets,negative,shared_protein_count,partial_spearman,n_proteins_a|n_proteins_b,unordered_minmax,1,0.2197049171657596,3,755,755,3,ok
inductive,seen_unseen,both_have_targets,negative,shared_protein_count,partial_spearman,n_proteins_a|n_proteins_b,unordered_minmax,2,0.1516908647106582,3,595,595,3,ok
inductive,seen_unseen,both_have_targets,negative,shared_protein_count,partial_spearman,n_proteins_a|n_proteins_b,unordered_minmax,3,-0.0134598224569818,3,932,932,3,ok
inductive,seen_unseen,both_have_targets,negative,shared_protein_count,partial_spearman,n_proteins_a|n_proteins_b,unordered_minmax,4,0.0175203893145979,3,869,869,3,ok
inductive,seen_unseen,both_have_targets,negative,shared_protein_count,spearman,none,none,0,-0.1590952518299094,3,1168,1168,3,ok
inductive,seen_unseen,both_have_targets,negative,shared_protein_count,spearman,none,none,1,0.0990393328799353,3,755,755,3,ok
inductive,seen_unseen,both_have_targets,negative,shared_protein_count,spearman,none,none,2,-0.0006579532965489,3,595,595,3,ok
inductive,seen_unseen,both_have_targets,negative,shared_protein_count,spearman,none,none,3,-0.2172234357207511,3,932,932,3,ok
inductive,seen_unseen,both_have_targets,negative,shared_protein_count,spearman,none,none,4,0.2616573803017301,3,869,869,3,ok
inductive,seen_unseen,both_have_targets,negative,shared_target_count,partial_spearman,n_targets_a|n_targets_b,endpoint_columns,0,0.2122971629500092,3,1168,1168,3,ok
inductive,seen_unseen,both_have_targets,negative,shared_target_count,partial_spearman,n_targets_a|n_targets_b,endpoint_columns,1,0.2874514979469256,3,755,755,3,ok
inductive,seen_unseen,both_have_targets,negative,shared_target_count,partial_spearman,n_targets_a|n_targets_b,endpoint_columns,2,0.2649429585030893,3,595,595,3,ok
inductive,seen_unseen,both_have_targets,negative,shared_target_count,partial_spearman,n_targets_a|n_targets_b,endpoint_columns,3,0.0761381503485345,3,932,932,3,ok
inductive,seen_unseen,both_have_targets,negative,shared_target_count,partial_spearman,n_targets_a|n_targets_b,endpoint_columns,4,0.1531684523809559,3,869,869,3,ok
inductive,seen_unseen,both_have_targets,negative,shared_target_count,partial_spearman,n_targets_a|n_targets_b,unordered_minmax,0,0.218490083676459,3,1168,1168,3,ok
inductive,seen_unseen,both_have_targets,negative,shared_target_count,partial_spearman,n_targets_a|n_targets_b,unordered_minmax,1,0.2763805080373554,3,755,755,3,ok
inductive,seen_unseen,both_have_targets,negative,shared_target_count,partial_spearman,n_targets_a|n_targets_b,unordered_minmax,2,0.2441434738403148,3,595,595,3,ok
inductive,seen_unseen,both_have_targets,negative,shared_target_count,partial_spearman,n_targets_a|n_targets_b,unordered_minmax,3,0.0863694613520225,3,932,932,3,ok
inductive,seen_unseen,both_have_targets,negative,shared_target_count,partial_spearman,n_targets_a|n_targets_b,unordered_minmax,4,0.1232466875539496,3,869,869,3,ok
inductive,seen_unseen,both_have_targets,negative,shared_target_count,spearman,none,none,0,0.149700516490224,3,1168,1168,3,ok
inductive,seen_unseen,both_have_targets,negative,shared_target_count,spearman,none,none,1,0.3136455072603878,3,755,755,3,ok
inductive,seen_unseen,both_have_targets,negative,shared_target_count,spearman,none,none,2,0.261924812984116,3,595,595,3,ok
inductive,seen_unseen,both_have_targets,negative,shared_target_count,spearman,none,none,3,0.0687200262956648,3,932,932,3,ok
inductive,seen_unseen,both_have_targets,negative,shared_target_count,spearman,none,none,4,0.1335756427834992,3,869,869,3,ok
inductive,seen_unseen,both_have_targets,overall,biological_shared_protein_count,partial_spearman,n_biological_proteins_a|n_biological_proteins_b,endpoint_columns,0,0.190243094185669,3,2048,2048,3,ok
inductive,seen_unseen,both_have_targets,overall,biological_shared_protein_count,partial_spearman,n_biological_proteins_a|n_biological_proteins_b,endpoint_columns,1,0.3301241689783137,3,1297,1297,3,ok
inductive,seen_unseen,both_have_targets,overall,biological_shared_protein_count,partial_spearman,n_biological_proteins_a|n_biological_proteins_b,endpoint_columns,2,0.2738914980897741,3,1031,1031,3,ok
inductive,seen_unseen,both_have_targets,overall,biological_shared_protein_count,partial_spearman,n_biological_proteins_a|n_biological_proteins_b,endpoint_columns,3,0.1645267075060267,3,1662,1662,3,ok
inductive,seen_unseen,both_have_targets,overall,biological_shared_protein_count,partial_spearman,n_biological_proteins_a|n_biological_proteins_b,endpoint_columns,4,0.2736808882653558,3,1512,1512,3,ok
inductive,seen_unseen,both_have_targets,overall,biological_shared_protein_count,partial_spearman,n_biological_proteins_a|n_biological_proteins_b,unordered_minmax,0,0.2357196908875335,3,2048,2048,3,ok
inductive,seen_unseen,both_have_targets,overall,biological_shared_protein_count,partial_spearman,n_biological_proteins_a|n_biological_proteins_b,unordered_minmax,1,0.3415380403553066,3,1297,1297,3,ok
inductive,seen_unseen,both_have_targets,overall,biological_shared_protein_count,partial_spearman,n_biological_proteins_a|n_biological_proteins_b,unordered_minmax,2,0.3117976901637027,3,1031,1031,3,ok
inductive,seen_unseen,both_have_targets,overall,biological_shared_protein_count,partial_spearman,n_biological_proteins_a|n_biological_proteins_b,unordered_minmax,3,0.2298915842965248,3,1662,1662,3,ok
inductive,seen_unseen,both_have_targets,overall,biological_shared_protein_count,partial_spearman,n_biological_proteins_a|n_biological_proteins_b,unordered_minmax,4,0.2853102849765849,3,1512,1512,3,ok
inductive,seen_unseen,both_have_targets,overall,biological_shared_protein_count,spearman,none,none,0,0.0756960864859377,3,2048,2048,3,ok
inductive,seen_unseen,both_have_targets,overall,biological_shared_protein_count,spearman,none,none,1,0.243977953387873,3,1297,1297,3,ok
inductive,seen_unseen,both_have_targets,overall,biological_shared_protein_count,spearman,none,none,2,0.1765652285862993,3,1031,1031,3,ok
inductive,seen_unseen,both_have_targets,overall,biological_shared_protein_count,spearman,none,none,3,0.0386257977745138,3,1662,1662,3,ok
inductive,seen_unseen,both_have_targets,overall,biological_shared_protein_count,spearman,none,none,4,0.3247057366820076,3,1512,1512,3,ok
inductive,seen_unseen,both_have_targets,overall,protein_jaccard,spearman,none,none,0,0.124031017404979,3,2048,2048,3,ok
inductive,seen_unseen,both_have_targets,overall,protein_jaccard,spearman,none,none,1,0.3080698834939813,3,1297,1297,3,ok
inductive,seen_unseen,both_have_targets,overall,protein_jaccard,spearman,none,none,2,0.2265929573168291,3,1031,1031,3,ok
inductive,seen_unseen,both_have_targets,overall,protein_jaccard,spearman,none,none,3,0.076164994212621,3,1662,1662,3,ok
inductive,seen_unseen,both_have_targets,overall,protein_jaccard,spearman,none,none,4,0.2862583333773557,3,1512,1512,3,ok
inductive,seen_unseen,both_have_targets,overall,protein_size_geomean,spearman,none,none,0,-0.0705523352993869,3,2048,2048,3,ok
inductive,seen_unseen,both_have_targets,overall,protein_size_geomean,spearman,none,none,1,0.0558491031560627,3,1297,1297,3,ok
inductive,seen_unseen,both_have_targets,overall,protein_size_geomean,spearman,none,none,2,0.03407551123424,3,1031,1031,3,ok
inductive,seen_unseen,both_have_targets,overall,protein_size_geomean,spearman,none,none,3,-0.1120102407317323,3,1662,1662,3,ok
inductive,seen_unseen,both_have_targets,overall,protein_size_geomean,spearman,none,none,4,0.2171156748439014,3,1512,1512,3,ok
inductive,seen_unseen,both_have_targets,overall,shared_protein_count,partial_spearman,n_proteins_a|n_proteins_b,endpoint_columns,0,0.190243094185669,3,2048,2048,3,ok
inductive,seen_unseen,both_have_targets,overall,shared_protein_count,partial_spearman,n_proteins_a|n_proteins_b,endpoint_columns,1,0.3301241689783137,3,1297,1297,3,ok
inductive,seen_unseen,both_have_targets,overall,shared_protein_count,partial_spearman,n_proteins_a|n_proteins_b,endpoint_columns,2,0.2738914980897741,3,1031,1031,3,ok
inductive,seen_unseen,both_have_targets,overall,shared_protein_count,partial_spearman,n_proteins_a|n_proteins_b,endpoint_columns,3,0.1645267075060267,3,1662,1662,3,ok
inductive,seen_unseen,both_have_targets,overall,shared_protein_count,partial_spearman,n_proteins_a|n_proteins_b,endpoint_columns,4,0.2736808882653558,3,1512,1512,3,ok
inductive,seen_unseen,both_have_targets,overall,shared_protein_count,partial_spearman,n_proteins_a|n_proteins_b,unordered_minmax,0,0.2357196908875335,3,2048,2048,3,ok
inductive,seen_unseen,both_have_targets,overall,shared_protein_count,partial_spearman,n_proteins_a|n_proteins_b,unordered_minmax,1,0.3415380403553066,3,1297,1297,3,ok
inductive,seen_unseen,both_have_targets,overall,shared_protein_count,partial_spearman,n_proteins_a|n_proteins_b,unordered_minmax,2,0.3117976901637027,3,1031,1031,3,ok
inductive,seen_unseen,both_have_targets,overall,shared_protein_count,partial_spearman,n_proteins_a|n_proteins_b,unordered_minmax,3,0.2298915842965248,3,1662,1662,3,ok
inductive,seen_unseen,both_have_targets,overall,shared_protein_count,partial_spearman,n_proteins_a|n_proteins_b,unordered_minmax,4,0.2853102849765849,3,1512,1512,3,ok
inductive,seen_unseen,both_have_targets,overall,shared_protein_count,spearman,none,none,0,0.0756960864859377,3,2048,2048,3,ok
inductive,seen_unseen,both_have_targets,overall,shared_protein_count,spearman,none,none,1,0.243977953387873,3,1297,1297,3,ok
inductive,seen_unseen,both_have_targets,overall,shared_protein_count,spearman,none,none,2,0.1765652285862993,3,1031,1031,3,ok
inductive,seen_unseen,both_have_targets,overall,shared_protein_count,spearman,none,none,3,0.0386257977745138,3,1662,1662,3,ok
inductive,seen_unseen,both_have_targets,overall,shared_protein_count,spearman,none,none,4,0.3247057366820076,3,1512,1512,3,ok
inductive,seen_unseen,both_have_targets,overall,shared_target_count,partial_spearman,n_targets_a|n_targets_b,endpoint_columns,0,0.4034206267961862,3,2048,2048,3,ok
inductive,seen_unseen,both_have_targets,overall,shared_target_count,partial_spearman,n_targets_a|n_targets_b,endpoint_columns,1,0.4150250283937464,3,1297,1297,3,ok
inductive,seen_unseen,both_have_targets,overall,shared_target_count,partial_spearman,n_targets_a|n_targets_b,endpoint_columns,2,0.4094873067968109,3,1031,1031,3,ok
inductive,seen_unseen,both_have_targets,overall,shared_target_count,partial_spearman,n_targets_a|n_targets_b,endpoint_columns,3,0.2851587699969575,3,1662,1662,3,ok
inductive,seen_unseen,both_have_targets,overall,shared_target_count,partial_spearman,n_targets_a|n_targets_b,endpoint_columns,4,0.3843658484645365,3,1512,1512,3,ok
inductive,seen_unseen,both_have_targets,overall,shared_target_count,partial_spearman,n_targets_a|n_targets_b,unordered_minmax,0,0.4163454147337247,3,2048,2048,3,ok
inductive,seen_unseen,both_have_targets,overall,shared_target_count,partial_spearman,n_targets_a|n_targets_b,unordered_minmax,1,0.4123222430054063,3,1297,1297,3,ok
inductive,seen_unseen,both_have_targets,overall,shared_target_count,partial_spearman,n_targets_a|n_targets_b,unordered_minmax,2,0.4060923952179397,3,1031,1031,3,ok
inductive,seen_unseen,both_have_targets,overall,shared_target_count,partial_spearman,n_targets_a|n_targets_b,unordered_minmax,3,0.2978008559332913,3,1662,1662,3,ok
inductive,seen_unseen,both_have_targets,overall,shared_target_count,partial_spearman,n_targets_a|n_targets_b,unordered_minmax,4,0.368766533193217,3,1512,1512,3,ok
inductive,seen_unseen,both_have_targets,overall,shared_target_count,spearman,none,none,0,0.3596764582849734,3,2048,2048,3,ok
inductive,seen_unseen,both_have_targets,overall,shared_target_count,spearman,none,none,1,0.453467993771298,3,1297,1297,3,ok
inductive,seen_unseen,both_have_targets,overall,shared_target_count,spearman,none,none,2,0.4205258277371492,3,1031,1031,3,ok
inductive,seen_unseen,both_have_targets,overall,shared_target_count,spearman,none,none,3,0.3010226065886368,3,1662,1662,3,ok
inductive,seen_unseen,both_have_targets,overall,shared_target_count,spearman,none,none,4,0.3960763232865673,3,1512,1512,3,ok
inductive,seen_unseen,both_have_targets,positive,biological_shared_protein_count,partial_spearman,n_biological_proteins_a|n_biological_proteins_b,endpoint_columns,0,0.3152719225893852,3,880,880,3,ok
inductive,seen_unseen,both_have_targets,positive,biological_shared_protein_count,partial_spearman,n_biological_proteins_a|n_biological_proteins_b,endpoint_columns,1,0.3451407153753818,3,542,542,3,ok
inductive,seen_unseen,both_have_targets,positive,biological_shared_protein_count,partial_spearman,n_biological_proteins_a|n_biological_proteins_b,endpoint_columns,2,0.2723957542585626,3,436,436,3,ok
inductive,seen_unseen,both_have_targets,positive,biological_shared_protein_count,partial_spearman,n_biological_proteins_a|n_biological_proteins_b,endpoint_columns,3,0.3245143043776883,3,730,730,3,ok
inductive,seen_unseen,both_have_targets,positive,biological_shared_protein_count,partial_spearman,n_biological_proteins_a|n_biological_proteins_b,endpoint_columns,4,0.3659005273690594,3,643,643,3,ok
inductive,seen_unseen,both_have_targets,positive,biological_shared_protein_count,partial_spearman,n_biological_proteins_a|n_biological_proteins_b,unordered_minmax,0,0.3627378268883967,3,880,880,3,ok
inductive,seen_unseen,both_have_targets,positive,biological_shared_protein_count,partial_spearman,n_biological_proteins_a|n_biological_proteins_b,unordered_minmax,1,0.3922229765746426,3,542,542,3,ok
inductive,seen_unseen,both_have_targets,positive,biological_shared_protein_count,partial_spearman,n_biological_proteins_a|n_biological_proteins_b,unordered_minmax,2,0.3411669051350769,3,436,436,3,ok
inductive,seen_unseen,both_have_targets,positive,biological_shared_protein_count,partial_spearman,n_biological_proteins_a|n_biological_proteins_b,unordered_minmax,3,0.373191090565008,3,730,730,3,ok
inductive,seen_unseen,both_have_targets,positive,biological_shared_protein_count,partial_spearman,n_biological_proteins_a|n_biological_proteins_b,unordered_minmax,4,0.3949488485161589,3,643,643,3,ok
inductive,seen_unseen,both_have_targets,positive,biological_shared_protein_count,spearman,none,none,0,0.2825991700302118,3,880,880,3,ok
inductive,seen_unseen,both_have_targets,positive,biological_shared_protein_count,spearman,none,none,1,0.3136350350653631,3,542,542,3,ok
inductive,seen_unseen,both_have_targets,positive,biological_shared_protein_count,spearman,none,none,2,0.2833689138221582,3,436,436,3,ok
inductive,seen_unseen,both_have_targets,positive,biological_shared_protein_count,spearman,none,none,3,0.26201392439963,3,730,730,3,ok
inductive,seen_unseen,both_have_targets,positive,biological_shared_protein_count,spearman,none,none,4,0.3341737648466296,3,643,643,3,ok
inductive,seen_unseen,both_have_targets,positive,protein_jaccard,spearman,none,none,0,0.2800592074017712,3,880,880,3,ok
inductive,seen_unseen,both_have_targets,positive,protein_jaccard,spearman,none,none,1,0.3244296243339634,3,542,542,3,ok
inductive,seen_unseen,both_have_targets,positive,protein_jaccard,spearman,none,none,2,0.2841709190435221,3,436,436,3,ok
inductive,seen_unseen,both_have_targets,positive,protein_jaccard,spearman,none,none,3,0.2781585176111254,3,730,730,3,ok
inductive,seen_unseen,both_have_targets,positive,protein_jaccard,spearman,none,none,4,0.3396880006337633,3,643,643,3,ok
inductive,seen_unseen,both_have_targets,positive,protein_size_geomean,spearman,none,none,0,0.1123928830113588,3,880,880,3,ok
inductive,seen_unseen,both_have_targets,positive,protein_size_geomean,spearman,none,none,1,0.1144101326021279,3,542,542,3,ok
inductive,seen_unseen,both_have_targets,positive,protein_size_geomean,spearman,none,none,2,0.1473579434480758,3,436,436,3,ok
inductive,seen_unseen,both_have_targets,positive,protein_size_geomean,spearman,none,none,3,0.0602356993244031,3,730,730,3,ok
inductive,seen_unseen,both_have_targets,positive,protein_size_geomean,spearman,none,none,4,0.1398466743962802,3,643,643,3,ok
inductive,seen_unseen,both_have_targets,positive,shared_protein_count,partial_spearman,n_proteins_a|n_proteins_b,endpoint_columns,0,0.3152719225893852,3,880,880,3,ok
inductive,seen_unseen,both_have_targets,positive,shared_protein_count,partial_spearman,n_proteins_a|n_proteins_b,endpoint_columns,1,0.3451407153753818,3,542,542,3,ok
inductive,seen_unseen,both_have_targets,positive,shared_protein_count,partial_spearman,n_proteins_a|n_proteins_b,endpoint_columns,2,0.2723957542585626,3,436,436,3,ok
inductive,seen_unseen,both_have_targets,positive,shared_protein_count,partial_spearman,n_proteins_a|n_proteins_b,endpoint_columns,3,0.3245143043776883,3,730,730,3,ok
inductive,seen_unseen,both_have_targets,positive,shared_protein_count,partial_spearman,n_proteins_a|n_proteins_b,endpoint_columns,4,0.3659005273690594,3,643,643,3,ok
inductive,seen_unseen,both_have_targets,positive,shared_protein_count,partial_spearman,n_proteins_a|n_proteins_b,unordered_minmax,0,0.3627378268883967,3,880,880,3,ok
inductive,seen_unseen,both_have_targets,positive,shared_protein_count,partial_spearman,n_proteins_a|n_proteins_b,unordered_minmax,1,0.3922229765746426,3,542,542,3,ok
inductive,seen_unseen,both_have_targets,positive,shared_protein_count,partial_spearman,n_proteins_a|n_proteins_b,unordered_minmax,2,0.3411669051350769,3,436,436,3,ok
inductive,seen_unseen,both_have_targets,positive,shared_protein_count,partial_spearman,n_proteins_a|n_proteins_b,unordered_minmax,3,0.373191090565008,3,730,730,3,ok
inductive,seen_unseen,both_have_targets,positive,shared_protein_count,partial_spearman,n_proteins_a|n_proteins_b,unordered_minmax,4,0.3949488485161589,3,643,643,3,ok
inductive,seen_unseen,both_have_targets,positive,shared_protein_count,spearman,none,none,0,0.2825991700302118,3,880,880,3,ok
inductive,seen_unseen,both_have_targets,positive,shared_protein_count,spearman,none,none,1,0.3136350350653631,3,542,542,3,ok
inductive,seen_unseen,both_have_targets,positive,shared_protein_count,spearman,none,none,2,0.2833689138221582,3,436,436,3,ok
inductive,seen_unseen,both_have_targets,positive,shared_protein_count,spearman,none,none,3,0.26201392439963,3,730,730,3,ok
inductive,seen_unseen,both_have_targets,positive,shared_protein_count,spearman,none,none,4,0.3341737648466296,3,643,643,3,ok
inductive,seen_unseen,both_have_targets,positive,shared_target_count,partial_spearman,n_targets_a|n_targets_b,endpoint_columns,0,0.4890343552744672,3,880,880,3,ok
inductive,seen_unseen,both_have_targets,positive,shared_target_count,partial_spearman,n_targets_a|n_targets_b,endpoint_columns,1,0.3990860535909664,3,542,542,3,ok
inductive,seen_unseen,both_have_targets,positive,shared_target_count,partial_spearman,n_targets_a|n_targets_b,endpoint_columns,2,0.3962911653402283,3,436,436,3,ok
inductive,seen_unseen,both_have_targets,positive,shared_target_count,partial_spearman,n_targets_a|n_targets_b,endpoint_columns,3,0.351418360157915,3,730,730,3,ok
inductive,seen_unseen,both_have_targets,positive,shared_target_count,partial_spearman,n_targets_a|n_targets_b,endpoint_columns,4,0.436131722292048,3,643,643,3,ok
inductive,seen_unseen,both_have_targets,positive,shared_target_count,partial_spearman,n_targets_a|n_targets_b,unordered_minmax,0,0.5099439170912621,3,880,880,3,ok
inductive,seen_unseen,both_have_targets,positive,shared_target_count,partial_spearman,n_targets_a|n_targets_b,unordered_minmax,1,0.4153939210632462,3,542,542,3,ok
inductive,seen_unseen,both_have_targets,positive,shared_target_count,partial_spearman,n_targets_a|n_targets_b,unordered_minmax,2,0.4200156659551428,3,436,436,3,ok
inductive,seen_unseen,both_have_targets,positive,shared_target_count,partial_spearman,n_targets_a|n_targets_b,unordered_minmax,3,0.3552259102097448,3,730,730,3,ok
inductive,seen_unseen,both_have_targets,positive,shared_target_count,partial_spearman,n_targets_a|n_targets_b,unordered_minmax,4,0.428756096642487,3,643,643,3,ok
inductive,seen_unseen,both_have_targets,positive,shared_target_count,spearman,none,none,0,0.4530753009430987,3,880,880,3,ok
inductive,seen_unseen,both_have_targets,positive,shared_target_count,spearman,none,none,1,0.4366188733704177,3,542,542,3,ok
inductive,seen_unseen,both_have_targets,positive,shared_target_count,spearman,none,none,2,0.4226214403501103,3,436,436,3,ok
inductive,seen_unseen,both_have_targets,positive,shared_target_count,spearman,none,none,3,0.4319965362327336,3,730,730,3,ok
inductive,seen_unseen,both_have_targets,positive,shared_target_count,spearman,none,none,4,0.4779264741762777,3,643,643,3,ok
inductive,unseen_unseen,all_pairs,negative,biological_shared_protein_count,partial_spearman,n_biological_proteins_a|n_biological_proteins_b,endpoint_columns,0,-0.1391318342464727,3,138,138,3,ok
inductive,unseen_unseen,all_pairs,negative,biological_shared_protein_count,partial_spearman,n_biological_proteins_a|n_biological_proteins_b,endpoint_columns,1,0.2866895526439403,3,59,59,3,ok
inductive,unseen_unseen,all_pairs,negative,biological_shared_protein_count,partial_spearman,n_biological_proteins_a|n_biological_proteins_b,endpoint_columns,2,0.0302489608506141,3,32,32,3,ok
inductive,unseen_unseen,all_pairs,negative,biological_shared_protein_count,partial_spearman,n_biological_proteins_a|n_biological_proteins_b,endpoint_columns,3,0.0772185426318306,3,103,103,3,ok
inductive,unseen_unseen,all_pairs,negative,biological_shared_protein_count,partial_spearman,n_biological_proteins_a|n_biological_proteins_b,endpoint_columns,4,-0.0442086097109238,3,66,66,3,ok
inductive,unseen_unseen,all_pairs,negative,biological_shared_protein_count,partial_spearman,n_biological_proteins_a|n_biological_proteins_b,unordered_minmax,0,-0.0658822921943347,3,138,138,3,ok
inductive,unseen_unseen,all_pairs,negative,biological_shared_protein_count,partial_spearman,n_biological_proteins_a|n_biological_proteins_b,unordered_minmax,1,0.2879572858691868,3,59,59,3,ok
inductive,unseen_unseen,all_pairs,negative,biological_shared_protein_count,partial_spearman,n_biological_proteins_a|n_biological_proteins_b,unordered_minmax,2,0.164922507348125,3,32,32,3,ok
inductive,unseen_unseen,all_pairs,negative,biological_shared_protein_count,partial_spearman,n_biological_proteins_a|n_biological_proteins_b,unordered_minmax,3,0.1873257949842474,3,103,103,3,ok
inductive,unseen_unseen,all_pairs,negative,biological_shared_protein_count,partial_spearman,n_biological_proteins_a|n_biological_proteins_b,unordered_minmax,4,-0.0357236636300572,3,66,66,3,ok
inductive,unseen_unseen,all_pairs,negative,biological_shared_protein_count,spearman,none,none,0,-0.1655829389773321,3,138,138,3,ok
inductive,unseen_unseen,all_pairs,negative,biological_shared_protein_count,spearman,none,none,1,0.2359916190793047,3,59,59,3,ok
inductive,unseen_unseen,all_pairs,negative,biological_shared_protein_count,spearman,none,none,2,0.3368575252591346,3,32,32,3,ok
inductive,unseen_unseen,all_pairs,negative,biological_shared_protein_count,spearman,none,none,3,-0.2292487615350957,3,103,103,3,ok
inductive,unseen_unseen,all_pairs,negative,biological_shared_protein_count,spearman,none,none,4,0.5475716947687319,3,66,66,3,ok
inductive,unseen_unseen,all_pairs,negative,protein_jaccard,spearman,none,none,0,-0.1334095048115769,3,138,138,3,ok
inductive,unseen_unseen,all_pairs,negative,protein_jaccard,spearman,none,none,1,0.2911288542276374,3,59,59,3,ok
inductive,unseen_unseen,all_pairs,negative,protein_jaccard,spearman,none,none,2,0.2167955668526167,3,32,32,3,ok
inductive,unseen_unseen,all_pairs,negative,protein_jaccard,spearman,none,none,3,-0.1866944610772045,3,103,103,3,ok
inductive,unseen_unseen,all_pairs,negative,protein_jaccard,spearman,none,none,4,0.2747873815530502,3,66,66,3,ok
inductive,unseen_unseen,all_pairs,negative,protein_size_geomean,spearman,none,none,0,-0.2000729851736375,3,138,138,3,ok
inductive,unseen_unseen,all_pairs,negative,protein_size_geomean,spearman,none,none,1,0.1368984999025911,3,59,59,3,ok
inductive,unseen_unseen,all_pairs,negative,protein_size_geomean,spearman,none,none,2,0.4638318670576735,3,32,32,3,ok
inductive,unseen_unseen,all_pairs,negative,protein_size_geomean,spearman,none,none,3,-0.3919115816602967,3,103,103,3,ok
inductive,unseen_unseen,all_pairs,negative,protein_size_geomean,spearman,none,none,4,0.6326201162022058,3,66,66,3,ok
inductive,unseen_unseen,all_pairs,negative,shared_protein_count,partial_spearman,n_proteins_a|n_proteins_b,endpoint_columns,0,-0.1391318342464727,3,138,138,3,ok
inductive,unseen_unseen,all_pairs,negative,shared_protein_count,partial_spearman,n_proteins_a|n_proteins_b,endpoint_columns,1,0.2866895526439403,3,59,59,3,ok
inductive,unseen_unseen,all_pairs,negative,shared_protein_count,partial_spearman,n_proteins_a|n_proteins_b,endpoint_columns,2,0.0302489608506141,3,32,32,3,ok
inductive,unseen_unseen,all_pairs,negative,shared_protein_count,partial_spearman,n_proteins_a|n_proteins_b,endpoint_columns,3,0.0772185426318306,3,103,103,3,ok
inductive,unseen_unseen,all_pairs,negative,shared_protein_count,partial_spearman,n_proteins_a|n_proteins_b,endpoint_columns,4,-0.0442086097109238,3,66,66,3,ok
inductive,unseen_unseen,all_pairs,negative,shared_protein_count,partial_spearman,n_proteins_a|n_proteins_b,unordered_minmax,0,-0.0658822921943347,3,138,138,3,ok
inductive,unseen_unseen,all_pairs,negative,shared_protein_count,partial_spearman,n_proteins_a|n_proteins_b,unordered_minmax,1,0.2879572858691868,3,59,59,3,ok
inductive,unseen_unseen,all_pairs,negative,shared_protein_count,partial_spearman,n_proteins_a|n_proteins_b,unordered_minmax,2,0.164922507348125,3,32,32,3,ok
inductive,unseen_unseen,all_pairs,negative,shared_protein_count,partial_spearman,n_proteins_a|n_proteins_b,unordered_minmax,3,0.1873257949842474,3,103,103,3,ok
inductive,unseen_unseen,all_pairs,negative,shared_protein_count,partial_spearman,n_proteins_a|n_proteins_b,unordered_minmax,4,-0.0357236636300572,3,66,66,3,ok
inductive,unseen_unseen,all_pairs,negative,shared_protein_count,spearman,none,none,0,-0.1655829389773321,3,138,138,3,ok
inductive,unseen_unseen,all_pairs,negative,shared_protein_count,spearman,none,none,1,0.2359916190793047,3,59,59,3,ok
inductive,unseen_unseen,all_pairs,negative,shared_protein_count,spearman,none,none,2,0.3368575252591346,3,32,32,3,ok
inductive,unseen_unseen,all_pairs,negative,shared_protein_count,spearman,none,none,3,-0.2292487615350957,3,103,103,3,ok
inductive,unseen_unseen,all_pairs,negative,shared_protein_count,spearman,none,none,4,0.5475716947687319,3,66,66,3,ok
inductive,unseen_unseen,all_pairs,negative,shared_target_count,partial_spearman,n_targets_a|n_targets_b,endpoint_columns,0,0.1671228452480068,3,138,138,3,ok
inductive,unseen_unseen,all_pairs,negative,shared_target_count,partial_spearman,n_targets_a|n_targets_b,endpoint_columns,1,0.514288632300525,3,59,59,3,ok
inductive,unseen_unseen,all_pairs,negative,shared_target_count,partial_spearman,n_targets_a|n_targets_b,endpoint_columns,2,0.35967224962099,3,32,32,3,ok
inductive,unseen_unseen,all_pairs,negative,shared_target_count,partial_spearman,n_targets_a|n_targets_b,endpoint_columns,3,0.1400125491746633,3,103,103,3,ok
inductive,unseen_unseen,all_pairs,negative,shared_target_count,partial_spearman,n_targets_a|n_targets_b,endpoint_columns,4,0.1114546120749564,3,66,66,3,ok
inductive,unseen_unseen,all_pairs,negative,shared_target_count,partial_spearman,n_targets_a|n_targets_b,unordered_minmax,0,0.1656181477175795,3,138,138,3,ok
inductive,unseen_unseen,all_pairs,negative,shared_target_count,partial_spearman,n_targets_a|n_targets_b,unordered_minmax,1,0.503207799326019,3,59,59,3,ok
inductive,unseen_unseen,all_pairs,negative,shared_target_count,partial_spearman,n_targets_a|n_targets_b,unordered_minmax,2,0.3905788840728852,3,32,32,3,ok
inductive,unseen_unseen,all_pairs,negative,shared_target_count,partial_spearman,n_targets_a|n_targets_b,unordered_minmax,3,0.1288730963349599,3,103,103,3,ok
inductive,unseen_unseen,all_pairs,negative,shared_target_count,partial_spearman,n_targets_a|n_targets_b,unordered_minmax,4,0.069787821271118,3,66,66,3,ok
inductive,unseen_unseen,all_pairs,negative,shared_target_count,spearman,none,none,0,0.0763575140714101,3,138,138,3,ok
inductive,unseen_unseen,all_pairs,negative,shared_target_count,spearman,none,none,1,0.4961718287039907,3,59,59,3,ok
inductive,unseen_unseen,all_pairs,negative,shared_target_count,spearman,none,none,2,0.4600887092191843,3,32,32,3,ok
inductive,unseen_unseen,all_pairs,negative,shared_target_count,spearman,none,none,3,0.1479557508845362,3,103,103,3,ok
inductive,unseen_unseen,all_pairs,negative,shared_target_count,spearman,none,none,4,0.1131763292464802,3,66,66,3,ok
inductive,unseen_unseen,all_pairs,overall,biological_shared_protein_count,partial_spearman,n_biological_proteins_a|n_biological_proteins_b,endpoint_columns,0,-0.0444886510862474,3,276,276,3,ok
inductive,unseen_unseen,all_pairs,overall,biological_shared_protein_count,partial_spearman,n_biological_proteins_a|n_biological_proteins_b,endpoint_columns,1,0.1843672242839537,3,118,118,3,ok
inductive,unseen_unseen,all_pairs,overall,biological_shared_protein_count,partial_spearman,n_biological_proteins_a|n_biological_proteins_b,endpoint_columns,2,-0.0118302272700884,3,64,64,3,ok
inductive,unseen_unseen,all_pairs,overall,biological_shared_protein_count,partial_spearman,n_biological_proteins_a|n_biological_proteins_b,endpoint_columns,3,0.0581243037417083,3,206,206,3,ok
inductive,unseen_unseen,all_pairs,overall,biological_shared_protein_count,partial_spearman,n_biological_proteins_a|n_biological_proteins_b,endpoint_columns,4,0.0429847855473676,3,132,132,3,ok
inductive,unseen_unseen,all_pairs,overall,biological_shared_protein_count,partial_spearman,n_biological_proteins_a|n_biological_proteins_b,unordered_minmax,0,0.1713733697993921,3,276,276,3,ok
inductive,unseen_unseen,all_pairs,overall,biological_shared_protein_count,partial_spearman,n_biological_proteins_a|n_biological_proteins_b,unordered_minmax,1,0.2604810025603173,3,118,118,3,ok
inductive,unseen_unseen,all_pairs,overall,biological_shared_protein_count,partial_spearman,n_biological_proteins_a|n_biological_proteins_b,unordered_minmax,2,0.0301360374508486,3,64,64,3,ok
inductive,unseen_unseen,all_pairs,overall,biological_shared_protein_count,partial_spearman,n_biological_proteins_a|n_biological_proteins_b,unordered_minmax,3,0.2287359803487072,3,206,206,3,ok
inductive,unseen_unseen,all_pairs,overall,biological_shared_protein_count,partial_spearman,n_biological_proteins_a|n_biological_proteins_b,unordered_minmax,4,0.1945840877209138,3,132,132,3,ok
inductive,unseen_unseen,all_pairs,overall,biological_shared_protein_count,partial_spearman,n_biological_proteins_a|n_biological_proteins_b|either_biological_size_zero,endpoint_columns_plus_zero,0,0.0820315827969614,3,276,276,3,ok
inductive,unseen_unseen,all_pairs,overall,biological_shared_protein_count,partial_spearman,n_biological_proteins_a|n_biological_proteins_b|either_biological_size_zero,endpoint_columns_plus_zero,1,0.3179787414091149,3,118,118,3,ok
inductive,unseen_unseen,all_pairs,overall,biological_shared_protein_count,partial_spearman,n_biological_proteins_a|n_biological_proteins_b|either_biological_size_zero,endpoint_columns_plus_zero,2,0.1719250081868182,3,64,64,3,ok
inductive,unseen_unseen,all_pairs,overall,biological_shared_protein_count,partial_spearman,n_biological_proteins_a|n_biological_proteins_b|either_biological_size_zero,endpoint_columns_plus_zero,3,0.1667747369775715,3,206,206,3,ok
inductive,unseen_unseen,all_pairs,overall,biological_shared_protein_count,partial_spearman,n_biological_proteins_a|n_biological_proteins_b|either_biological_size_zero,endpoint_columns_plus_zero,4,0.2587560416174224,3,132,132,3,ok
inductive,unseen_unseen,all_pairs,overall,biological_shared_protein_count,partial_spearman,n_biological_proteins_a|n_biological_proteins_b|either_biological_size_zero,unordered_minmax_plus_zero,0,0.1625895001177735,3,276,276,3,ok
inductive,unseen_unseen,all_pairs,overall,biological_shared_protein_count,partial_spearman,n_biological_proteins_a|n_biological_proteins_b|either_biological_size_zero,unordered_minmax_plus_zero,1,0.3660757685371436,3,118,118,3,ok
inductive,unseen_unseen,all_pairs,overall,biological_shared_protein_count,partial_spearman,n_biological_proteins_a|n_biological_proteins_b|either_biological_size_zero,unordered_minmax_plus_zero,2,0.1406100219921024,3,64,64,3,ok
inductive,unseen_unseen,all_pairs,overall,biological_shared_protein_count,partial_spearman,n_biological_proteins_a|n_biological_proteins_b|either_biological_size_zero,unordered_minmax_plus_zero,3,0.2763439387720942,3,206,206,3,ok
inductive,unseen_unseen,all_pairs,overall,biological_shared_protein_count,partial_spearman,n_biological_proteins_a|n_biological_proteins_b|either_biological_size_zero,unordered_minmax_plus_zero,4,0.2402404887604888,3,132,132,3,ok
inductive,unseen_unseen,all_pairs,overall,biological_shared_protein_count,spearman,none,none,0,-0.231599296396891,3,276,276,3,ok
inductive,unseen_unseen,all_pairs,overall,biological_shared_protein_count,spearman,none,none,1,-0.1223958383494491,3,118,118,3,ok
inductive,unseen_unseen,all_pairs,overall,biological_shared_protein_count,spearman,none,none,2,0.0860295306864964,3,64,64,3,ok
inductive,unseen_unseen,all_pairs,overall,biological_shared_protein_count,spearman,none,none,3,-0.2397060419991557,3,206,206,3,ok
inductive,unseen_unseen,all_pairs,overall,biological_shared_protein_count,spearman,none,none,4,0.0601400398908592,3,132,132,3,ok
inductive,unseen_unseen,all_pairs,overall,protein_jaccard,spearman,none,none,0,-0.1827287853941795,3,273,273,3,ok
inductive,unseen_unseen,all_pairs,overall,protein_jaccard,spearman,none,none,1,-0.0838394628274133,3,117,117,3,ok
inductive,unseen_unseen,all_pairs,overall,protein_jaccard,spearman,none,none,2,-0.0052707499124637,3,64,64,3,ok
inductive,unseen_unseen,all_pairs,overall,protein_jaccard,spearman,none,none,3,-0.1636874470088372,3,202,202,3,ok
inductive,unseen_unseen,all_pairs,overall,protein_jaccard,spearman,none,none,4,0.0271025789862607,3,130,130,3,ok
inductive,unseen_unseen,all_pairs,overall,protein_size_geomean,spearman,none,none,0,-0.3747963569460091,3,276,276,3,ok
inductive,unseen_unseen,all_pairs,overall,protein_size_geomean,spearman,none,none,1,-0.2506445142913993,3,118,118,3,ok
inductive,unseen_unseen,all_pairs,overall,protein_size_geomean,spearman,none,none,2,0.0660142864799954,3,64,64,3,ok
inductive,unseen_unseen,all_pairs,overall,protein_size_geomean,spearman,none,none,3,-0.433765341962603,3,206,206,3,ok
inductive,unseen_unseen,all_pairs,overall,protein_size_geomean,spearman,none,none,4,-0.0334824901129185,3,132,132,3,ok
inductive,unseen_unseen,all_pairs,overall,shared_protein_count,partial_spearman,n_proteins_a|n_proteins_b,endpoint_columns,0,-0.0444886510862474,3,276,276,3,ok
inductive,unseen_unseen,all_pairs,overall,shared_protein_count,partial_spearman,n_proteins_a|n_proteins_b,endpoint_columns,1,0.1843672242839537,3,118,118,3,ok
inductive,unseen_unseen,all_pairs,overall,shared_protein_count,partial_spearman,n_proteins_a|n_proteins_b,endpoint_columns,2,-0.0118302272700884,3,64,64,3,ok
inductive,unseen_unseen,all_pairs,overall,shared_protein_count,partial_spearman,n_proteins_a|n_proteins_b,endpoint_columns,3,0.0581243037417083,3,206,206,3,ok
inductive,unseen_unseen,all_pairs,overall,shared_protein_count,partial_spearman,n_proteins_a|n_proteins_b,endpoint_columns,4,0.0429847855473676,3,132,132,3,ok
inductive,unseen_unseen,all_pairs,overall,shared_protein_count,partial_spearman,n_proteins_a|n_proteins_b,unordered_minmax,0,0.1713733697993921,3,276,276,3,ok
inductive,unseen_unseen,all_pairs,overall,shared_protein_count,partial_spearman,n_proteins_a|n_proteins_b,unordered_minmax,1,0.2604810025603173,3,118,118,3,ok
inductive,unseen_unseen,all_pairs,overall,shared_protein_count,partial_spearman,n_proteins_a|n_proteins_b,unordered_minmax,2,0.0301360374508486,3,64,64,3,ok
inductive,unseen_unseen,all_pairs,overall,shared_protein_count,partial_spearman,n_proteins_a|n_proteins_b,unordered_minmax,3,0.2287359803487072,3,206,206,3,ok
inductive,unseen_unseen,all_pairs,overall,shared_protein_count,partial_spearman,n_proteins_a|n_proteins_b,unordered_minmax,4,0.1945840877209138,3,132,132,3,ok
inductive,unseen_unseen,all_pairs,overall,shared_protein_count,spearman,none,none,0,-0.231599296396891,3,276,276,3,ok
inductive,unseen_unseen,all_pairs,overall,shared_protein_count,spearman,none,none,1,-0.1223958383494491,3,118,118,3,ok
inductive,unseen_unseen,all_pairs,overall,shared_protein_count,spearman,none,none,2,0.0860295306864964,3,64,64,3,ok
inductive,unseen_unseen,all_pairs,overall,shared_protein_count,spearman,none,none,3,-0.2397060419991557,3,206,206,3,ok
inductive,unseen_unseen,all_pairs,overall,shared_protein_count,spearman,none,none,4,0.0601400398908592,3,132,132,3,ok
inductive,unseen_unseen,all_pairs,overall,shared_target_count,partial_spearman,n_targets_a|n_targets_b,endpoint_columns,0,0.2980526418488715,3,276,276,3,ok
inductive,unseen_unseen,all_pairs,overall,shared_target_count,partial_spearman,n_targets_a|n_targets_b,endpoint_columns,1,0.365686189327925,3,118,118,3,ok
inductive,unseen_unseen,all_pairs,overall,shared_target_count,partial_spearman,n_targets_a|n_targets_b,endpoint_columns,2,0.199649574701532,3,64,64,3,ok
inductive,unseen_unseen,all_pairs,overall,shared_target_count,partial_spearman,n_targets_a|n_targets_b,endpoint_columns,3,0.2265376930965215,3,206,206,3,ok
inductive,unseen_unseen,all_pairs,overall,shared_target_count,partial_spearman,n_targets_a|n_targets_b,endpoint_columns,4,0.3301359057192556,3,132,132,3,ok
inductive,unseen_unseen,all_pairs,overall,shared_target_count,partial_spearman,n_targets_a|n_targets_b,unordered_minmax,0,0.3913969644506787,3,276,276,3,ok
inductive,unseen_unseen,all_pairs,overall,shared_target_count,partial_spearman,n_targets_a|n_targets_b,unordered_minmax,1,0.3595992294631827,3,118,118,3,ok
inductive,unseen_unseen,all_pairs,overall,shared_target_count,partial_spearman,n_targets_a|n_targets_b,unordered_minmax,2,0.2932224312907371,3,64,64,3,ok
inductive,unseen_unseen,all_pairs,overall,shared_target_count,partial_spearman,n_targets_a|n_targets_b,unordered_minmax,3,0.2890472289491422,3,206,206,3,ok
inductive,unseen_unseen,all_pairs,overall,shared_target_count,partial_spearman,n_targets_a|n_targets_b,unordered_minmax,4,0.3478833249309563,3,132,132,3,ok
inductive,unseen_unseen,all_pairs,overall,shared_target_count,spearman,none,none,0,0.1341263529920519,3,276,276,3,ok
inductive,unseen_unseen,all_pairs,overall,shared_target_count,spearman,none,none,1,0.174364274563046,3,118,118,3,ok
inductive,unseen_unseen,all_pairs,overall,shared_target_count,spearman,none,none,2,0.2839358937553913,3,64,64,3,ok
inductive,unseen_unseen,all_pairs,overall,shared_target_count,spearman,none,none,3,0.1743832857727605,3,206,206,3,ok
inductive,unseen_unseen,all_pairs,overall,shared_target_count,spearman,none,none,4,0.2337072394801146,3,132,132,3,ok
inductive,unseen_unseen,all_pairs,positive,biological_shared_protein_count,partial_spearman,n_biological_proteins_a|n_biological_proteins_b,endpoint_columns,0,-0.0502190378528628,3,138,138,3,ok
inductive,unseen_unseen,all_pairs,positive,biological_shared_protein_count,partial_spearman,n_biological_proteins_a|n_biological_proteins_b,endpoint_columns,1,0.1133227496979127,3,59,59,3,ok
inductive,unseen_unseen,all_pairs,positive,biological_shared_protein_count,partial_spearman,n_biological_proteins_a|n_biological_proteins_b,endpoint_columns,2,-0.0889825396528098,3,32,32,3,ok
inductive,unseen_unseen,all_pairs,positive,biological_shared_protein_count,partial_spearman,n_biological_proteins_a|n_biological_proteins_b,endpoint_columns,3,0.0565001643545379,3,103,103,3,ok
inductive,unseen_unseen,all_pairs,positive,biological_shared_protein_count,partial_spearman,n_biological_proteins_a|n_biological_proteins_b,endpoint_columns,4,0.0712691298044043,3,66,66,3,ok
inductive,unseen_unseen,all_pairs,positive,biological_shared_protein_count,partial_spearman,n_biological_proteins_a|n_biological_proteins_b,unordered_minmax,0,0.2677257586966965,3,138,138,3,ok
inductive,unseen_unseen,all_pairs,positive,biological_shared_protein_count,partial_spearman,n_biological_proteins_a|n_biological_proteins_b,unordered_minmax,1,0.2830683798382326,3,59,59,3,ok
inductive,unseen_unseen,all_pairs,positive,biological_shared_protein_count,partial_spearman,n_biological_proteins_a|n_biological_proteins_b,unordered_minmax,2,-0.0273737391000908,3,32,32,3,ok
inductive,unseen_unseen,all_pairs,positive,biological_shared_protein_count,partial_spearman,n_biological_proteins_a|n_biological_proteins_b,unordered_minmax,3,0.2660856917884089,3,103,103,3,ok
inductive,unseen_unseen,all_pairs,positive,biological_shared_protein_count,partial_spearman,n_biological_proteins_a|n_biological_proteins_b,unordered_minmax,4,0.2989129762017872,3,66,66,3,ok
inductive,unseen_unseen,all_pairs,positive,biological_shared_protein_count,spearman,none,none,0,-0.3205154953702914,3,138,138,3,ok
inductive,unseen_unseen,all_pairs,positive,biological_shared_protein_count,spearman,none,none,1,-0.4160705799098442,3,59,59,3,ok
inductive,unseen_unseen,all_pairs,positive,biological_shared_protein_count,spearman,none,none,2,-0.197757213546161,3,32,32,3,ok
inductive,unseen_unseen,all_pairs,positive,biological_shared_protein_count,spearman,none,none,3,-0.2985036360725553,3,103,103,3,ok
inductive,unseen_unseen,all_pairs,positive,biological_shared_protein_count,spearman,none,none,4,-0.3095446438541628,3,66,66,3,ok
inductive,unseen_unseen,all_pairs,positive,protein_jaccard,spearman,none,none,0,-0.2807698911444847,3,135,135,3,ok
inductive,unseen_unseen,all_pairs,positive,protein_jaccard,spearman,none,none,1,-0.3825623965329576,3,58,58,3,ok
inductive,unseen_unseen,all_pairs,positive,protein_jaccard,spearman,none,none,2,-0.2657295869892744,3,32,32,3,ok
inductive,unseen_unseen,all_pairs,positive,protein_jaccard,spearman,none,none,3,-0.2096131473892165,3,99,99,3,ok
inductive,unseen_unseen,all_pairs,positive,protein_jaccard,spearman,none,none,4,-0.2538473146541242,3,64,64,3,ok
inductive,unseen_unseen,all_pairs,positive,protein_size_geomean,spearman,none,none,0,-0.497506939794994,3,138,138,3,ok
inductive,unseen_unseen,all_pairs,positive,protein_size_geomean,spearman,none,none,1,-0.5451798847147685,3,59,59,3,ok
inductive,unseen_unseen,all_pairs,positive,protein_size_geomean,spearman,none,none,2,-0.2735736078400858,3,32,32,3,ok
inductive,unseen_unseen,all_pairs,positive,protein_size_geomean,spearman,none,none,3,-0.49864661760223,3,103,103,3,ok
inductive,unseen_unseen,all_pairs,positive,protein_size_geomean,spearman,none,none,4,-0.4945965731089938,3,66,66,3,ok
inductive,unseen_unseen,all_pairs,positive,shared_protein_count,partial_spearman,n_proteins_a|n_proteins_b,endpoint_columns,0,-0.0502190378528628,3,138,138,3,ok
inductive,unseen_unseen,all_pairs,positive,shared_protein_count,partial_spearman,n_proteins_a|n_proteins_b,endpoint_columns,1,0.1133227496979127,3,59,59,3,ok
inductive,unseen_unseen,all_pairs,positive,shared_protein_count,partial_spearman,n_proteins_a|n_proteins_b,endpoint_columns,2,-0.0889825396528098,3,32,32,3,ok
inductive,unseen_unseen,all_pairs,positive,shared_protein_count,partial_spearman,n_proteins_a|n_proteins_b,endpoint_columns,3,0.0565001643545379,3,103,103,3,ok
inductive,unseen_unseen,all_pairs,positive,shared_protein_count,partial_spearman,n_proteins_a|n_proteins_b,endpoint_columns,4,0.0712691298044043,3,66,66,3,ok
inductive,unseen_unseen,all_pairs,positive,shared_protein_count,partial_spearman,n_proteins_a|n_proteins_b,unordered_minmax,0,0.2677257586966965,3,138,138,3,ok
inductive,unseen_unseen,all_pairs,positive,shared_protein_count,partial_spearman,n_proteins_a|n_proteins_b,unordered_minmax,1,0.2830683798382326,3,59,59,3,ok
inductive,unseen_unseen,all_pairs,positive,shared_protein_count,partial_spearman,n_proteins_a|n_proteins_b,unordered_minmax,2,-0.0273737391000908,3,32,32,3,ok
inductive,unseen_unseen,all_pairs,positive,shared_protein_count,partial_spearman,n_proteins_a|n_proteins_b,unordered_minmax,3,0.2660856917884089,3,103,103,3,ok
inductive,unseen_unseen,all_pairs,positive,shared_protein_count,partial_spearman,n_proteins_a|n_proteins_b,unordered_minmax,4,0.2989129762017872,3,66,66,3,ok
inductive,unseen_unseen,all_pairs,positive,shared_protein_count,spearman,none,none,0,-0.3205154953702914,3,138,138,3,ok
inductive,unseen_unseen,all_pairs,positive,shared_protein_count,spearman,none,none,1,-0.4160705799098442,3,59,59,3,ok
inductive,unseen_unseen,all_pairs,positive,shared_protein_count,spearman,none,none,2,-0.197757213546161,3,32,32,3,ok
inductive,unseen_unseen,all_pairs,positive,shared_protein_count,spearman,none,none,3,-0.2985036360725553,3,103,103,3,ok
inductive,unseen_unseen,all_pairs,positive,shared_protein_count,spearman,none,none,4,-0.3095446438541628,3,66,66,3,ok
inductive,unseen_unseen,all_pairs,positive,shared_target_count,partial_spearman,n_targets_a|n_targets_b,endpoint_columns,0,0.3055666416551552,3,138,138,3,ok
inductive,unseen_unseen,all_pairs,positive,shared_target_count,partial_spearman,n_targets_a|n_targets_b,endpoint_columns,1,0.2474504847966219,3,59,59,3,ok
inductive,unseen_unseen,all_pairs,positive,shared_target_count,partial_spearman,n_targets_a|n_targets_b,endpoint_columns,2,-0.0324291385916578,3,32,32,3,ok
inductive,unseen_unseen,all_pairs,positive,shared_target_count,partial_spearman,n_targets_a|n_targets_b,endpoint_columns,3,0.3167420952665268,3,103,103,3,ok
inductive,unseen_unseen,all_pairs,positive,shared_target_count,partial_spearman,n_targets_a|n_targets_b,endpoint_columns,4,0.3718488491875815,3,66,66,3,ok
inductive,unseen_unseen,all_pairs,positive,shared_target_count,partial_spearman,n_targets_a|n_targets_b,unordered_minmax,0,0.5001223261832157,3,138,138,3,ok
inductive,unseen_unseen,all_pairs,positive,shared_target_count,partial_spearman,n_targets_a|n_targets_b,unordered_minmax,1,0.3051416518165367,3,59,59,3,ok
inductive,unseen_unseen,all_pairs,positive,shared_target_count,partial_spearman,n_targets_a|n_targets_b,unordered_minmax,2,0.1564080865046552,3,32,32,3,ok
inductive,unseen_unseen,all_pairs,positive,shared_target_count,partial_spearman,n_targets_a|n_targets_b,unordered_minmax,3,0.4657551486219797,3,103,103,3,ok
inductive,unseen_unseen,all_pairs,positive,shared_target_count,partial_spearman,n_targets_a|n_targets_b,unordered_minmax,4,0.4162811654510898,3,66,66,3,ok
inductive,unseen_unseen,all_pairs,positive,shared_target_count,spearman,none,none,0,0.0182371839828535,3,138,138,3,ok
inductive,unseen_unseen,all_pairs,positive,shared_target_count,spearman,none,none,1,-0.188217467636807,3,59,59,3,ok
inductive,unseen_unseen,all_pairs,positive,shared_target_count,spearman,none,none,2,-0.0022585673968596,3,32,32,3,ok
inductive,unseen_unseen,all_pairs,positive,shared_target_count,spearman,none,none,3,0.0896639835371785,3,103,103,3,ok
inductive,unseen_unseen,all_pairs,positive,shared_target_count,spearman,none,none,4,0.0908191719791479,3,66,66,3,ok
inductive,unseen_unseen,both_have_targets,negative,biological_shared_protein_count,partial_spearman,n_biological_proteins_a|n_biological_proteins_b,endpoint_columns,0,-0.1391318342464727,3,138,138,3,ok
inductive,unseen_unseen,both_have_targets,negative,biological_shared_protein_count,partial_spearman,n_biological_proteins_a|n_biological_proteins_b,endpoint_columns,1,0.2866895526439403,3,59,59,3,ok
inductive,unseen_unseen,both_have_targets,negative,biological_shared_protein_count,partial_spearman,n_biological_proteins_a|n_biological_proteins_b,endpoint_columns,2,0.0302489608506141,3,32,32,3,ok
inductive,unseen_unseen,both_have_targets,negative,biological_shared_protein_count,partial_spearman,n_biological_proteins_a|n_biological_proteins_b,endpoint_columns,3,0.0772185426318306,3,103,103,3,ok
inductive,unseen_unseen,both_have_targets,negative,biological_shared_protein_count,partial_spearman,n_biological_proteins_a|n_biological_proteins_b,endpoint_columns,4,-0.0442086097109238,3,66,66,3,ok
inductive,unseen_unseen,both_have_targets,negative,biological_shared_protein_count,partial_spearman,n_biological_proteins_a|n_biological_proteins_b,unordered_minmax,0,-0.0658822921943347,3,138,138,3,ok
inductive,unseen_unseen,both_have_targets,negative,biological_shared_protein_count,partial_spearman,n_biological_proteins_a|n_biological_proteins_b,unordered_minmax,1,0.2879572858691868,3,59,59,3,ok
inductive,unseen_unseen,both_have_targets,negative,biological_shared_protein_count,partial_spearman,n_biological_proteins_a|n_biological_proteins_b,unordered_minmax,2,0.164922507348125,3,32,32,3,ok
inductive,unseen_unseen,both_have_targets,negative,biological_shared_protein_count,partial_spearman,n_biological_proteins_a|n_biological_proteins_b,unordered_minmax,3,0.1873257949842474,3,103,103,3,ok
inductive,unseen_unseen,both_have_targets,negative,biological_shared_protein_count,partial_spearman,n_biological_proteins_a|n_biological_proteins_b,unordered_minmax,4,-0.0357236636300572,3,66,66,3,ok
inductive,unseen_unseen,both_have_targets,negative,biological_shared_protein_count,spearman,none,none,0,-0.1655829389773321,3,138,138,3,ok
inductive,unseen_unseen,both_have_targets,negative,biological_shared_protein_count,spearman,none,none,1,0.2359916190793047,3,59,59,3,ok
inductive,unseen_unseen,both_have_targets,negative,biological_shared_protein_count,spearman,none,none,2,0.3368575252591346,3,32,32,3,ok
inductive,unseen_unseen,both_have_targets,negative,biological_shared_protein_count,spearman,none,none,3,-0.2292487615350957,3,103,103,3,ok
inductive,unseen_unseen,both_have_targets,negative,biological_shared_protein_count,spearman,none,none,4,0.5475716947687319,3,66,66,3,ok
inductive,unseen_unseen,both_have_targets,negative,protein_jaccard,spearman,none,none,0,-0.1334095048115769,3,138,138,3,ok
inductive,unseen_unseen,both_have_targets,negative,protein_jaccard,spearman,none,none,1,0.2911288542276374,3,59,59,3,ok
inductive,unseen_unseen,both_have_targets,negative,protein_jaccard,spearman,none,none,2,0.2167955668526167,3,32,32,3,ok
inductive,unseen_unseen,both_have_targets,negative,protein_jaccard,spearman,none,none,3,-0.1866944610772045,3,103,103,3,ok
inductive,unseen_unseen,both_have_targets,negative,protein_jaccard,spearman,none,none,4,0.2747873815530502,3,66,66,3,ok
inductive,unseen_unseen,both_have_targets,negative,protein_size_geomean,spearman,none,none,0,-0.2000729851736375,3,138,138,3,ok
inductive,unseen_unseen,both_have_targets,negative,protein_size_geomean,spearman,none,none,1,0.1368984999025911,3,59,59,3,ok
inductive,unseen_unseen,both_have_targets,negative,protein_size_geomean,spearman,none,none,2,0.4638318670576735,3,32,32,3,ok
inductive,unseen_unseen,both_have_targets,negative,protein_size_geomean,spearman,none,none,3,-0.3919115816602967,3,103,103,3,ok
inductive,unseen_unseen,both_have_targets,negative,protein_size_geomean,spearman,none,none,4,0.6326201162022058,3,66,66,3,ok
inductive,unseen_unseen,both_have_targets,negative,shared_protein_count,partial_spearman,n_proteins_a|n_proteins_b,endpoint_columns,0,-0.1391318342464727,3,138,138,3,ok
inductive,unseen_unseen,both_have_targets,negative,shared_protein_count,partial_spearman,n_proteins_a|n_proteins_b,endpoint_columns,1,0.2866895526439403,3,59,59,3,ok
inductive,unseen_unseen,both_have_targets,negative,shared_protein_count,partial_spearman,n_proteins_a|n_proteins_b,endpoint_columns,2,0.0302489608506141,3,32,32,3,ok
inductive,unseen_unseen,both_have_targets,negative,shared_protein_count,partial_spearman,n_proteins_a|n_proteins_b,endpoint_columns,3,0.0772185426318306,3,103,103,3,ok
inductive,unseen_unseen,both_have_targets,negative,shared_protein_count,partial_spearman,n_proteins_a|n_proteins_b,endpoint_columns,4,-0.0442086097109238,3,66,66,3,ok
inductive,unseen_unseen,both_have_targets,negative,shared_protein_count,partial_spearman,n_proteins_a|n_proteins_b,unordered_minmax,0,-0.0658822921943347,3,138,138,3,ok
inductive,unseen_unseen,both_have_targets,negative,shared_protein_count,partial_spearman,n_proteins_a|n_proteins_b,unordered_minmax,1,0.2879572858691868,3,59,59,3,ok
inductive,unseen_unseen,both_have_targets,negative,shared_protein_count,partial_spearman,n_proteins_a|n_proteins_b,unordered_minmax,2,0.164922507348125,3,32,32,3,ok
inductive,unseen_unseen,both_have_targets,negative,shared_protein_count,partial_spearman,n_proteins_a|n_proteins_b,unordered_minmax,3,0.1873257949842474,3,103,103,3,ok
inductive,unseen_unseen,both_have_targets,negative,shared_protein_count,partial_spearman,n_proteins_a|n_proteins_b,unordered_minmax,4,-0.0357236636300572,3,66,66,3,ok
inductive,unseen_unseen,both_have_targets,negative,shared_protein_count,spearman,none,none,0,-0.1655829389773321,3,138,138,3,ok
inductive,unseen_unseen,both_have_targets,negative,shared_protein_count,spearman,none,none,1,0.2359916190793047,3,59,59,3,ok
inductive,unseen_unseen,both_have_targets,negative,shared_protein_count,spearman,none,none,2,0.3368575252591346,3,32,32,3,ok
inductive,unseen_unseen,both_have_targets,negative,shared_protein_count,spearman,none,none,3,-0.2292487615350957,3,103,103,3,ok
inductive,unseen_unseen,both_have_targets,negative,shared_protein_count,spearman,none,none,4,0.5475716947687319,3,66,66,3,ok
inductive,unseen_unseen,both_have_targets,negative,shared_target_count,partial_spearman,n_targets_a|n_targets_b,endpoint_columns,0,0.1671228452480068,3,138,138,3,ok
inductive,unseen_unseen,both_have_targets,negative,shared_target_count,partial_spearman,n_targets_a|n_targets_b,endpoint_columns,1,0.514288632300525,3,59,59,3,ok
inductive,unseen_unseen,both_have_targets,negative,shared_target_count,partial_spearman,n_targets_a|n_targets_b,endpoint_columns,2,0.35967224962099,3,32,32,3,ok
inductive,unseen_unseen,both_have_targets,negative,shared_target_count,partial_spearman,n_targets_a|n_targets_b,endpoint_columns,3,0.1400125491746633,3,103,103,3,ok
inductive,unseen_unseen,both_have_targets,negative,shared_target_count,partial_spearman,n_targets_a|n_targets_b,endpoint_columns,4,0.1114546120749564,3,66,66,3,ok
inductive,unseen_unseen,both_have_targets,negative,shared_target_count,partial_spearman,n_targets_a|n_targets_b,unordered_minmax,0,0.1656181477175795,3,138,138,3,ok
inductive,unseen_unseen,both_have_targets,negative,shared_target_count,partial_spearman,n_targets_a|n_targets_b,unordered_minmax,1,0.503207799326019,3,59,59,3,ok
inductive,unseen_unseen,both_have_targets,negative,shared_target_count,partial_spearman,n_targets_a|n_targets_b,unordered_minmax,2,0.3905788840728852,3,32,32,3,ok
inductive,unseen_unseen,both_have_targets,negative,shared_target_count,partial_spearman,n_targets_a|n_targets_b,unordered_minmax,3,0.1288730963349599,3,103,103,3,ok
inductive,unseen_unseen,both_have_targets,negative,shared_target_count,partial_spearman,n_targets_a|n_targets_b,unordered_minmax,4,0.069787821271118,3,66,66,3,ok
inductive,unseen_unseen,both_have_targets,negative,shared_target_count,spearman,none,none,0,0.0763575140714101,3,138,138,3,ok
inductive,unseen_unseen,both_have_targets,negative,shared_target_count,spearman,none,none,1,0.4961718287039907,3,59,59,3,ok
inductive,unseen_unseen,both_have_targets,negative,shared_target_count,spearman,none,none,2,0.4600887092191843,3,32,32,3,ok
inductive,unseen_unseen,both_have_targets,negative,shared_target_count,spearman,none,none,3,0.1479557508845362,3,103,103,3,ok
inductive,unseen_unseen,both_have_targets,negative,shared_target_count,spearman,none,none,4,0.1131763292464802,3,66,66,3,ok
inductive,unseen_unseen,both_have_targets,overall,biological_shared_protein_count,partial_spearman,n_biological_proteins_a|n_biological_proteins_b,endpoint_columns,0,0.1139630210768441,3,245,245,3,ok
inductive,unseen_unseen,both_have_targets,overall,biological_shared_protein_count,partial_spearman,n_biological_proteins_a|n_biological_proteins_b,endpoint_columns,1,0.3269023161752252,3,102,102,3,ok
inductive,unseen_unseen,both_have_targets,overall,biological_shared_protein_count,partial_spearman,n_biological_proteins_a|n_biological_proteins_b,endpoint_columns,2,0.1614711238271873,3,57,57,3,ok
inductive,unseen_unseen,both_have_targets,overall,biological_shared_protein_count,partial_spearman,n_biological_proteins_a|n_biological_proteins_b,endpoint_columns,3,0.2276828277016233,3,183,183,3,ok
inductive,unseen_unseen,both_have_targets,overall,biological_shared_protein_count,partial_spearman,n_biological_proteins_a|n_biological_proteins_b,endpoint_columns,4,0.2152157128816957,3,116,116,3,ok
inductive,unseen_unseen,both_have_targets,overall,biological_shared_protein_count,partial_spearman,n_biological_proteins_a|n_biological_proteins_b,unordered_minmax,0,0.1924624022432783,3,245,245,3,ok
inductive,unseen_unseen,both_have_targets,overall,biological_shared_protein_count,partial_spearman,n_biological_proteins_a|n_biological_proteins_b,unordered_minmax,1,0.3743281587382279,3,102,102,3,ok
inductive,unseen_unseen,both_have_targets,overall,biological_shared_protein_count,partial_spearman,n_biological_proteins_a|n_biological_proteins_b,unordered_minmax,2,0.1476881789747293,3,57,57,3,ok
inductive,unseen_unseen,both_have_targets,overall,biological_shared_protein_count,partial_spearman,n_biological_proteins_a|n_biological_proteins_b,unordered_minmax,3,0.3157316059767658,3,183,183,3,ok
inductive,unseen_unseen,both_have_targets,overall,biological_shared_protein_count,partial_spearman,n_biological_proteins_a|n_biological_proteins_b,unordered_minmax,4,0.2386742093045759,3,116,116,3,ok
inductive,unseen_unseen,both_have_targets,overall,biological_shared_protein_count,spearman,none,none,0,0.0213892784447294,3,245,245,3,ok
inductive,unseen_unseen,both_have_targets,overall,biological_shared_protein_count,spearman,none,none,1,0.3048953468508386,3,102,102,3,ok
inductive,unseen_unseen,both_have_targets,overall,biological_shared_protein_count,spearman,none,none,2,0.469242368830905,3,57,57,3,ok
inductive,unseen_unseen,both_have_targets,overall,biological_shared_protein_count,spearman,none,none,3,0.025697603090109,3,183,183,3,ok
inductive,unseen_unseen,both_have_targets,overall,biological_shared_protein_count,spearman,none,none,4,0.4765307749394806,3,116,116,3,ok
inductive,unseen_unseen,both_have_targets,overall,protein_jaccard,spearman,none,none,0,0.0616485511555305,3,245,245,3,ok
inductive,unseen_unseen,both_have_targets,overall,protein_jaccard,spearman,none,none,1,0.3322699445485471,3,102,102,3,ok
inductive,unseen_unseen,both_have_targets,overall,protein_jaccard,spearman,none,none,2,0.3392419460789265,3,57,57,3,ok
inductive,unseen_unseen,both_have_targets,overall,protein_jaccard,spearman,none,none,3,0.0770107805128384,3,183,183,3,ok
inductive,unseen_unseen,both_have_targets,overall,protein_jaccard,spearman,none,none,4,0.3721354222524873,3,116,116,3,ok
inductive,unseen_unseen,both_have_targets,overall,protein_size_geomean,spearman,none,none,0,-0.1102251486809528,3,245,245,3,ok
inductive,unseen_unseen,both_have_targets,overall,protein_size_geomean,spearman,none,none,1,0.1573494750280296,3,102,102,3,ok
inductive,unseen_unseen,both_have_targets,overall,protein_size_geomean,spearman,none,none,2,0.5014392637456714,3,57,57,3,ok
inductive,unseen_unseen,both_have_targets,overall,protein_size_geomean,spearman,none,none,3,-0.1936965206326455,3,183,183,3,ok
inductive,unseen_unseen,both_have_targets,overall,protein_size_geomean,spearman,none,none,4,0.4190545752764643,3,116,116,3,ok
inductive,unseen_unseen,both_have_targets,overall,shared_protein_count,partial_spearman,n_proteins_a|n_proteins_b,endpoint_columns,0,0.1139630210768441,3,245,245,3,ok
inductive,unseen_unseen,both_have_targets,overall,shared_protein_count,partial_spearman,n_proteins_a|n_proteins_b,endpoint_columns,1,0.3269023161752252,3,102,102,3,ok
inductive,unseen_unseen,both_have_targets,overall,shared_protein_count,partial_spearman,n_proteins_a|n_proteins_b,endpoint_columns,2,0.1614711238271873,3,57,57,3,ok
inductive,unseen_unseen,both_have_targets,overall,shared_protein_count,partial_spearman,n_proteins_a|n_proteins_b,endpoint_columns,3,0.2276828277016233,3,183,183,3,ok
inductive,unseen_unseen,both_have_targets,overall,shared_protein_count,partial_spearman,n_proteins_a|n_proteins_b,endpoint_columns,4,0.2152157128816957,3,116,116,3,ok
inductive,unseen_unseen,both_have_targets,overall,shared_protein_count,partial_spearman,n_proteins_a|n_proteins_b,unordered_minmax,0,0.1924624022432783,3,245,245,3,ok
inductive,unseen_unseen,both_have_targets,overall,shared_protein_count,partial_spearman,n_proteins_a|n_proteins_b,unordered_minmax,1,0.3743281587382279,3,102,102,3,ok
inductive,unseen_unseen,both_have_targets,overall,shared_protein_count,partial_spearman,n_proteins_a|n_proteins_b,unordered_minmax,2,0.1476881789747293,3,57,57,3,ok
inductive,unseen_unseen,both_have_targets,overall,shared_protein_count,partial_spearman,n_proteins_a|n_proteins_b,unordered_minmax,3,0.3157316059767658,3,183,183,3,ok
inductive,unseen_unseen,both_have_targets,overall,shared_protein_count,partial_spearman,n_proteins_a|n_proteins_b,unordered_minmax,4,0.2386742093045759,3,116,116,3,ok
inductive,unseen_unseen,both_have_targets,overall,shared_protein_count,spearman,none,none,0,0.0213892784447294,3,245,245,3,ok
inductive,unseen_unseen,both_have_targets,overall,shared_protein_count,spearman,none,none,1,0.3048953468508386,3,102,102,3,ok
inductive,unseen_unseen,both_have_targets,overall,shared_protein_count,spearman,none,none,2,0.469242368830905,3,57,57,3,ok
inductive,unseen_unseen,both_have_targets,overall,shared_protein_count,spearman,none,none,3,0.025697603090109,3,183,183,3,ok
inductive,unseen_unseen,both_have_targets,overall,shared_protein_count,spearman,none,none,4,0.4765307749394806,3,116,116,3,ok
inductive,unseen_unseen,both_have_targets,overall,shared_target_count,partial_spearman,n_targets_a|n_targets_b,endpoint_columns,0,0.3681490413556338,3,245,245,3,ok
inductive,unseen_unseen,both_have_targets,overall,shared_target_count,partial_spearman,n_targets_a|n_targets_b,endpoint_columns,1,0.4719952269883631,3,102,102,3,ok
inductive,unseen_unseen,both_have_targets,overall,shared_target_count,partial_spearman,n_targets_a|n_targets_b,endpoint_columns,2,0.3259969389866506,3,57,57,3,ok
inductive,unseen_unseen,both_have_targets,overall,shared_target_count,partial_spearman,n_targets_a|n_targets_b,endpoint_columns,3,0.2945835693499173,3,183,183,3,ok
inductive,unseen_unseen,both_have_targets,overall,shared_target_count,partial_spearman,n_targets_a|n_targets_b,endpoint_columns,4,0.3932996219774487,3,116,116,3,ok
inductive,unseen_unseen,both_have_targets,overall,shared_target_count,partial_spearman,n_targets_a|n_targets_b,unordered_minmax,0,0.3918531324636816,3,245,245,3,ok
inductive,unseen_unseen,both_have_targets,overall,shared_target_count,partial_spearman,n_targets_a|n_targets_b,unordered_minmax,1,0.473082115626377,3,102,102,3,ok
inductive,unseen_unseen,both_have_targets,overall,shared_target_count,partial_spearman,n_targets_a|n_targets_b,unordered_minmax,2,0.3529857361533207,3,57,57,3,ok
inductive,unseen_unseen,both_have_targets,overall,shared_target_count,partial_spearman,n_targets_a|n_targets_b,unordered_minmax,3,0.3305582769823993,3,183,183,3,ok
inductive,unseen_unseen,both_have_targets,overall,shared_target_count,partial_spearman,n_targets_a|n_targets_b,unordered_minmax,4,0.3583038567418121,3,116,116,3,ok
inductive,unseen_unseen,both_have_targets,overall,shared_target_count,spearman,none,none,0,0.3021469905800661,3,245,245,3,ok
inductive,unseen_unseen,both_have_targets,overall,shared_target_count,spearman,none,none,1,0.4471398937014712,3,102,102,3,ok
inductive,unseen_unseen,both_have_targets,overall,shared_target_count,spearman,none,none,2,0.4745716722875241,3,57,57,3,ok
inductive,unseen_unseen,both_have_targets,overall,shared_target_count,spearman,none,none,3,0.3487254886477223,3,183,183,3,ok
inductive,unseen_unseen,both_have_targets,overall,shared_target_count,spearman,none,none,4,0.4132328927663606,3,116,116,3,ok
inductive,unseen_unseen,both_have_targets,positive,biological_shared_protein_count,partial_spearman,n_biological_proteins_a|n_biological_proteins_b,endpoint_columns,0,0.350114642229609,3,107,107,3,ok
inductive,unseen_unseen,both_have_targets,positive,biological_shared_protein_count,partial_spearman,n_biological_proteins_a|n_biological_proteins_b,endpoint_columns,1,0.3024366233066818,3,43,43,3,ok
inductive,unseen_unseen,both_have_targets,positive,biological_shared_protein_count,partial_spearman,n_biological_proteins_a|n_biological_proteins_b,endpoint_columns,2,0.2413789923386059,3,25,25,3,ok
inductive,unseen_unseen,both_have_targets,positive,biological_shared_protein_count,partial_spearman,n_biological_proteins_a|n_biological_proteins_b,endpoint_columns,3,0.3787941354453659,3,80,80,3,ok
inductive,unseen_unseen,both_have_targets,positive,biological_shared_protein_count,partial_spearman,n_biological_proteins_a|n_biological_proteins_b,endpoint_columns,4,0.4432823600143718,3,50,50,3,ok
inductive,unseen_unseen,both_have_targets,positive,biological_shared_protein_count,partial_spearman,n_biological_proteins_a|n_biological_proteins_b,unordered_minmax,0,0.4060524339084676,3,107,107,3,ok
inductive,unseen_unseen,both_have_targets,positive,biological_shared_protein_count,partial_spearman,n_biological_proteins_a|n_biological_proteins_b,unordered_minmax,1,0.4144972119627994,3,43,43,3,ok
inductive,unseen_unseen,both_have_targets,positive,biological_shared_protein_count,partial_spearman,n_biological_proteins_a|n_biological_proteins_b,unordered_minmax,2,0.10842637029859,3,25,25,3,ok
inductive,unseen_unseen,both_have_targets,positive,biological_shared_protein_count,partial_spearman,n_biological_proteins_a|n_biological_proteins_b,unordered_minmax,3,0.4302335074938521,3,80,80,3,ok
inductive,unseen_unseen,both_have_targets,positive,biological_shared_protein_count,partial_spearman,n_biological_proteins_a|n_biological_proteins_b,unordered_minmax,4,0.4605261389864886,3,50,50,3,ok
inductive,unseen_unseen,both_have_targets,positive,biological_shared_protein_count,spearman,none,none,0,0.278934992009955,3,107,107,3,ok
inductive,unseen_unseen,both_have_targets,positive,biological_shared_protein_count,spearman,none,none,1,0.3378299657302923,3,43,43,3,ok
inductive,unseen_unseen,both_have_targets,positive,biological_shared_protein_count,spearman,none,none,2,0.4829786211157236,3,25,25,3,ok
inductive,unseen_unseen,both_have_targets,positive,biological_shared_protein_count,spearman,none,none,3,0.3213972649010497,3,80,80,3,ok
inductive,unseen_unseen,both_have_targets,positive,biological_shared_protein_count,spearman,none,none,4,0.4035953804589942,3,50,50,3,ok
inductive,unseen_unseen,both_have_targets,positive,protein_jaccard,spearman,none,none,0,0.2887521248255406,3,107,107,3,ok
inductive,unseen_unseen,both_have_targets,positive,protein_jaccard,spearman,none,none,1,0.3576499059067743,3,43,43,3,ok
inductive,unseen_unseen,both_have_targets,positive,protein_jaccard,spearman,none,none,2,0.3415689184736439,3,25,25,3,ok
inductive,unseen_unseen,both_have_targets,positive,protein_jaccard,spearman,none,none,3,0.3591100344940885,3,80,80,3,ok
inductive,unseen_unseen,both_have_targets,positive,protein_jaccard,spearman,none,none,4,0.4110337570990443,3,50,50,3,ok
inductive,unseen_unseen,both_have_targets,positive,protein_size_geomean,spearman,none,none,0,0.050068085357605,3,107,107,3,ok
inductive,unseen_unseen,both_have_targets,positive,protein_size_geomean,spearman,none,none,1,0.151817175072989,3,43,43,3,ok
inductive,unseen_unseen,both_have_targets,positive,protein_size_geomean,spearman,none,none,2,0.476568573775258,3,25,25,3,ok
inductive,unseen_unseen,both_have_targets,positive,protein_size_geomean,spearman,none,none,3,0.0544896213035783,3,80,80,3,ok
inductive,unseen_unseen,both_have_targets,positive,protein_size_geomean,spearman,none,none,4,0.1295078031212485,3,50,50,3,ok
inductive,unseen_unseen,both_have_targets,positive,shared_protein_count,partial_spearman,n_proteins_a|n_proteins_b,endpoint_columns,0,0.350114642229609,3,107,107,3,ok
inductive,unseen_unseen,both_have_targets,positive,shared_protein_count,partial_spearman,n_proteins_a|n_proteins_b,endpoint_columns,1,0.3024366233066818,3,43,43,3,ok
inductive,unseen_unseen,both_have_targets,positive,shared_protein_count,partial_spearman,n_proteins_a|n_proteins_b,endpoint_columns,2,0.2413789923386059,3,25,25,3,ok
inductive,unseen_unseen,both_have_targets,positive,shared_protein_count,partial_spearman,n_proteins_a|n_proteins_b,endpoint_columns,3,0.3787941354453659,3,80,80,3,ok
inductive,unseen_unseen,both_have_targets,positive,shared_protein_count,partial_spearman,n_proteins_a|n_proteins_b,endpoint_columns,4,0.4432823600143718,3,50,50,3,ok
inductive,unseen_unseen,both_have_targets,positive,shared_protein_count,partial_spearman,n_proteins_a|n_proteins_b,unordered_minmax,0,0.4060524339084676,3,107,107,3,ok
inductive,unseen_unseen,both_have_targets,positive,shared_protein_count,partial_spearman,n_proteins_a|n_proteins_b,unordered_minmax,1,0.4144972119627994,3,43,43,3,ok
inductive,unseen_unseen,both_have_targets,positive,shared_protein_count,partial_spearman,n_proteins_a|n_proteins_b,unordered_minmax,2,0.10842637029859,3,25,25,3,ok
inductive,unseen_unseen,both_have_targets,positive,shared_protein_count,partial_spearman,n_proteins_a|n_proteins_b,unordered_minmax,3,0.4302335074938521,3,80,80,3,ok
inductive,unseen_unseen,both_have_targets,positive,shared_protein_count,partial_spearman,n_proteins_a|n_proteins_b,unordered_minmax,4,0.4605261389864886,3,50,50,3,ok
inductive,unseen_unseen,both_have_targets,positive,shared_protein_count,spearman,none,none,0,0.278934992009955,3,107,107,3,ok
inductive,unseen_unseen,both_have_targets,positive,shared_protein_count,spearman,none,none,1,0.3378299657302923,3,43,43,3,ok
inductive,unseen_unseen,both_have_targets,positive,shared_protein_count,spearman,none,none,2,0.4829786211157236,3,25,25,3,ok
inductive,unseen_unseen,both_have_targets,positive,shared_protein_count,spearman,none,none,3,0.3213972649010497,3,80,80,3,ok
inductive,unseen_unseen,both_have_targets,positive,shared_protein_count,spearman,none,none,4,0.4035953804589942,3,50,50,3,ok
inductive,unseen_unseen,both_have_targets,positive,shared_target_count,partial_spearman,n_targets_a|n_targets_b,endpoint_columns,0,0.5228704930257381,3,107,107,3,ok
inductive,unseen_unseen,both_have_targets,positive,shared_target_count,partial_spearman,n_targets_a|n_targets_b,endpoint_columns,1,0.3310832099673488,3,43,43,3,ok
inductive,unseen_unseen,both_have_targets,positive,shared_target_count,partial_spearman,n_targets_a|n_targets_b,endpoint_columns,2,0.1836809121430017,3,25,25,3,ok
inductive,unseen_unseen,both_have_targets,positive,shared_target_count,partial_spearman,n_targets_a|n_targets_b,endpoint_columns,3,0.4220841276996361,3,80,80,3,ok
inductive,unseen_unseen,both_have_targets,positive,shared_target_count,partial_spearman,n_targets_a|n_targets_b,endpoint_columns,4,0.5580602059480347,3,50,50,3,ok
inductive,unseen_unseen,both_have_targets,positive,shared_target_count,partial_spearman,n_targets_a|n_targets_b,unordered_minmax,0,0.5645608771780587,3,107,107,3,ok
inductive,unseen_unseen,both_have_targets,positive,shared_target_count,partial_spearman,n_targets_a|n_targets_b,unordered_minmax,1,0.3341170272197253,3,43,43,3,ok
inductive,unseen_unseen,both_have_targets,positive,shared_target_count,partial_spearman,n_targets_a|n_targets_b,unordered_minmax,2,0.124083964586083,3,25,25,3,ok
inductive,unseen_unseen,both_have_targets,positive,shared_target_count,partial_spearman,n_targets_a|n_targets_b,unordered_minmax,3,0.4446683040308258,3,80,80,3,ok
inductive,unseen_unseen,both_have_targets,positive,shared_target_count,partial_spearman,n_targets_a|n_targets_b,unordered_minmax,4,0.530744582118142,3,50,50,3,ok
inductive,unseen_unseen,both_have_targets,positive,shared_target_count,spearman,none,none,0,0.4737719681725987,3,107,107,3,ok
inductive,unseen_unseen,both_have_targets,positive,shared_target_count,spearman,none,none,1,0.3231168734239558,3,43,43,3,ok
inductive,unseen_unseen,both_have_targets,positive,shared_target_count,spearman,none,none,2,0.3753823879592012,3,25,25,3,ok
inductive,unseen_unseen,both_have_targets,positive,shared_target_count,spearman,none,none,3,0.5712561768484252,3,80,80,3,ok
inductive,unseen_unseen,both_have_targets,positive,shared_target_count,spearman,none,none,4,0.5751560343049121,3,50,50,3,ok
