model,category,split_repeat,fold,training_seed,inference_protocol,n_outer_train,n_outer_test,auc,f1,prec,rec,acc
full_fusion,overall,0,0,42000000000,cv,5200,1300,0.9878579881656804,0.9538702111024238,0.9697933227344993,0.9384615384615383,0.9546153846153846
full_fusion,low_level-low_level,0,0,42000000000,cv,5200,1300,0.9548872180451128,0.926829268292683,0.95,0.9047619047619048,0.925
full_fusion,low_level-mid_level,0,0,42000000000,cv,5200,1300,0.9896921260557624,0.9437229437229436,0.990909090909091,0.9008264462809916,0.9570957095709572
full_fusion,low_level-deep_level,0,0,42000000000,cv,5200,1300,0.987697039600154,0.9306930693069309,0.94,0.9215686274509804,0.931372549019608
full_fusion,mid_level-mid_level,0,0,42000000000,cv,5200,1300,0.9920585487387108,0.9568788501026694,0.9708333333333332,0.9433198380566802,0.9585798816568049
full_fusion,mid_level-deep_level,0,0,42000000000,cv,5200,1300,0.9841933139534884,0.9593023255813954,0.9593023255813954,0.9593023255813954,0.9533333333333334
full_fusion,deep_level-deep_level,0,0,42000000000,cv,5200,1300,0.9815789473684212,0.9866666666666668,1.0,0.9736842105263158,0.9791666666666666
full_topo_only,overall,0,0,42000000000,cv,5200,1300,0.944698224852071,0.8584980237154151,0.8829268292682927,0.8353846153846154,0.8623076923076923
full_topo_only,low_level-low_level,0,0,42000000000,cv,5200,1300,0.9699248120300752,0.8947368421052632,1.0,0.8095238095238095,0.9
full_topo_only,low_level-mid_level,0,0,42000000000,cv,5200,1300,0.9528653165016802,0.8170212765957446,0.8421052631578947,0.7933884297520661,0.858085808580858
full_topo_only,low_level-deep_level,0,0,42000000000,cv,5200,1300,0.9646289888504422,0.8910891089108911,0.9,0.8823529411764706,0.8921568627450981
full_topo_only,mid_level-mid_level,0,0,42000000000,cv,5200,1300,0.9326066645904704,0.8488612836438924,0.8686440677966102,0.8299595141700404,0.8560157790927022
full_topo_only,mid_level-deep_level,0,0,42000000000,cv,5200,1300,0.9391351744186048,0.8783382789317508,0.896969696969697,0.8604651162790697,0.8633333333333333
full_topo_only,deep_level-deep_level,0,0,42000000000,cv,5200,1300,0.9710526315789472,0.9014084507042254,0.9696969696969696,0.8421052631578947,0.8541666666666666
no_ddi_fusion,overall,0,0,42000000000,cv,5200,1300,0.9910994082840237,0.963302752293578,0.9574468085106383,0.9692307692307692,0.963076923076923
no_ddi_fusion,low_level-low_level,0,0,42000000000,cv,5200,1300,0.9799498746867168,0.9523809523809524,0.9523809523809524,0.9523809523809524,0.95
no_ddi_fusion,low_level-mid_level,0,0,42000000000,cv,5200,1300,0.9915539006448096,0.9661016949152542,0.991304347826087,0.9421487603305784,0.9735973597359736
no_ddi_fusion,low_level-deep_level,0,0,42000000000,cv,5200,1300,0.983852364475202,0.9230769230769232,0.9056603773584906,0.9411764705882352,0.9215686274509804
no_ddi_fusion,mid_level-mid_level,0,0,42000000000,cv,5200,1300,0.9923232637807536,0.9619238476953909,0.9523809523809524,0.97165991902834,0.9625246548323472
no_ddi_fusion,mid_level-deep_level,0,0,42000000000,cv,5200,1300,0.9925054505813954,0.9771428571428572,0.9606741573033708,0.994186046511628,0.9733333333333334
no_ddi_fusion,deep_level-deep_level,0,0,42000000000,cv,5200,1300,0.9921052631578948,0.961038961038961,0.9487179487179488,0.9736842105263158,0.9375
no_ddi_topo_only,overall,0,0,42000000000,cv,5200,1300,0.8640875739644971,0.7578253706754531,0.8156028368794326,0.7076923076923077,0.7738461538461539
no_ddi_topo_only,low_level-low_level,0,0,42000000000,cv,5200,1300,0.8045112781954887,0.7272727272727273,1.0,0.5714285714285714,0.775
no_ddi_topo_only,low_level-mid_level,0,0,42000000000,cv,5200,1300,0.8574153119607666,0.7014218009478673,0.8222222222222222,0.6115702479338843,0.7920792079207921
no_ddi_topo_only,low_level-deep_level,0,0,42000000000,cv,5200,1300,0.8727412533640908,0.7692307692307693,0.875,0.6862745098039216,0.7941176470588235
no_ddi_topo_only,mid_level-mid_level,0,0,42000000000,cv,5200,1300,0.8638118966054189,0.7391304347826086,0.7981220657276995,0.6882591093117408,0.7633136094674556
no_ddi_topo_only,mid_level-deep_level,0,0,42000000000,cv,5200,1300,0.8341660610465117,0.7884057971014493,0.7861271676300579,0.7906976744186046,0.7566666666666667
no_ddi_topo_only,deep_level-deep_level,0,0,42000000000,cv,5200,1300,0.9157894736842104,0.8918918918918919,0.9166666666666666,0.868421052631579,0.8333333333333334
ddi_only_fusion,overall,0,0,42000000000,cv,5200,1300,0.9900307692307692,0.963302752293578,0.9574468085106383,0.9692307692307692,0.963076923076923
ddi_only_fusion,low_level-low_level,0,0,42000000000,cv,5200,1300,0.9624060150375938,0.926829268292683,0.95,0.9047619047619048,0.925
ddi_only_fusion,low_level-mid_level,0,0,42000000000,cv,5200,1300,0.9920988102806284,0.9707112970711296,0.9830508474576272,0.9586776859504132,0.976897689768977
ddi_only_fusion,low_level-deep_level,0,0,42000000000,cv,5200,1300,0.9957708573625528,0.9803921568627452,0.9803921568627452,0.9803921568627452,0.9803921568627452
ddi_only_fusion,mid_level-mid_level,0,0,42000000000,cv,5200,1300,0.9941762690750544,0.9616161616161616,0.9596774193548387,0.9635627530364372,0.9625246548323472
ddi_only_fusion,mid_level-deep_level,0,0,42000000000,cv,5200,1300,0.9880995639534884,0.96045197740113,0.934065934065934,0.9883720930232558,0.9533333333333334
ddi_only_fusion,deep_level-deep_level,0,0,42000000000,cv,5200,1300,0.9578947368421054,0.961038961038961,0.9487179487179488,0.9736842105263158,0.9375
ddi_only_topo_only,overall,0,0,42000000000,cv,5200,1300,0.930463905325444,0.8549501151189562,0.8529862174578867,0.8569230769230769,0.8546153846153847
ddi_only_topo_only,low_level-low_level,0,0,42000000000,cv,5200,1300,0.9674185463659148,0.95,1.0,0.9047619047619048,0.95
ddi_only_topo_only,low_level-mid_level,0,0,42000000000,cv,5200,1300,0.930887294523658,0.8099173553719008,0.8099173553719008,0.8099173553719008,0.8481848184818482
ddi_only_topo_only,low_level-deep_level,0,0,42000000000,cv,5200,1300,0.924644367550942,0.8623853211009175,0.8103448275862069,0.9215686274509804,0.8529411764705882
ddi_only_topo_only,mid_level-mid_level,0,0,42000000000,cv,5200,1300,0.9245094985985672,0.8502994011976048,0.8385826771653543,0.8623481781376519,0.8520710059171598
ddi_only_topo_only,mid_level-deep_level,0,0,42000000000,cv,5200,1300,0.9246002906976744,0.8537313432835821,0.8773006134969326,0.8313953488372093,0.8366666666666667
ddi_only_topo_only,deep_level-deep_level,0,0,42000000000,cv,5200,1300,0.9605263157894736,0.9736842105263158,0.9736842105263158,0.9736842105263158,0.9583333333333334
mesh_only,overall,0,0,42000000000,cv,5200,1300,0.9687100591715976,0.9067077872012336,0.9088098918083464,0.9046153846153846,0.9069230769230768
mesh_only,low_level-low_level,0,0,42000000000,cv,5200,1300,0.962406015037594,0.9,0.9473684210526316,0.8571428571428571,0.9
mesh_only,low_level-mid_level,0,0,42000000000,cv,5200,1300,0.9639451457633276,0.8632478632478633,0.8938053097345132,0.8347107438016529,0.8943894389438944
mesh_only,low_level-deep_level,0,0,42000000000,cv,5200,1300,0.9554017685505576,0.8737864077669902,0.8653846153846154,0.8823529411764706,0.8725490196078431
mesh_only,mid_level-mid_level,0,0,42000000000,cv,5200,1300,0.9796480847088134,0.9178356713426854,0.9087301587301588,0.9271255060728744,0.9191321499013808
mesh_only,mid_level-deep_level,0,0,42000000000,cv,5200,1300,0.9659338662790696,0.9279538904899136,0.92,0.936046511627907,0.9166666666666666
mesh_only,deep_level-deep_level,0,0,42000000000,cv,5200,1300,0.9421052631578948,0.918918918918919,0.9444444444444444,0.8947368421052632,0.875
common_neighbors,overall,0,0,42000000000,cv,5200,1300,0.9026733727810652,0.8214027476500362,0.7748976807639836,0.8738461538461538,0.81
common_neighbors,low_level-low_level,0,0,42000000000,cv,5200,1300,0.9398496240601504,0.8333333333333334,1.0,0.7142857142857143,0.85
common_neighbors,low_level-mid_level,0,0,42000000000,cv,5200,1300,0.8801198801198801,0.7692307692307693,0.753968253968254,0.7851239669421488,0.8118811881188119
common_neighbors,low_level-deep_level,0,0,42000000000,cv,5200,1300,0.8998462129950019,0.831858407079646,0.7580645161290323,0.9215686274509804,0.8137254901960784
common_neighbors,mid_level-mid_level,0,0,42000000000,cv,5200,1300,0.903480224229212,0.811214953271028,0.7534722222222222,0.8785425101214575,0.8007889546351085
common_neighbors,mid_level-deep_level,0,0,42000000000,cv,5200,1300,0.9084529433139537,0.8449197860962567,0.7821782178217822,0.9186046511627908,0.8066666666666666
common_neighbors,deep_level-deep_level,0,0,42000000000,cv,5200,1300,0.925,0.9230769230769232,0.9,0.9473684210526316,0.875
degree_product,overall,0,0,42000000000,cv,5200,1300,0.7883218934911242,0.7407903549899532,0.6559905100830368,0.8507692307692307,0.7023076923076923
degree_product,low_level-low_level,0,0,42000000000,cv,5200,1300,0.8671679197994988,0.7428571428571429,0.9285714285714286,0.6190476190476191,0.775
degree_product,low_level-mid_level,0,0,42000000000,cv,5200,1300,0.7601035328308056,0.644927536231884,0.5741935483870968,0.7355371900826446,0.6765676567656765
degree_product,low_level-deep_level,0,0,42000000000,cv,5200,1300,0.740484429065744,0.7226890756302521,0.6323529411764706,0.8431372549019608,0.6764705882352942
degree_product,mid_level-mid_level,0,0,42000000000,cv,5200,1300,0.7882746807848022,0.7300509337860781,0.6286549707602339,0.8704453441295547,0.6863905325443787
degree_product,mid_level-deep_level,0,0,42000000000,cv,5200,1300,0.7943768168604651,0.7949367088607595,0.7040358744394619,0.9127906976744186,0.73
degree_product,deep_level-deep_level,0,0,42000000000,cv,5200,1300,0.8105263157894737,0.9113924050632912,0.8780487804878049,0.9473684210526316,0.8541666666666666
negative_count,overall,0,0,42000000000,cv,5200,1300,0.9858023668639052,0.9491790461297888,0.9650238473767886,0.933846153846154,0.95
negative_count,low_level-low_level,0,0,42000000000,cv,5200,1300,0.9799498746867168,0.9047619047619048,0.9047619047619048,0.9047619047619048,0.9
negative_count,low_level-mid_level,0,0,42000000000,cv,5200,1300,0.9815411860866404,0.9396551724137931,0.981981981981982,0.9008264462809916,0.9537953795379538
negative_count,low_level-deep_level,0,0,42000000000,cv,5200,1300,0.9505959246443676,0.9278350515463918,0.9782608695652174,0.8823529411764706,0.931372549019608
negative_count,mid_level-mid_level,0,0,42000000000,cv,5200,1300,0.990587044534413,0.948875255623722,0.9586776859504132,0.9392712550607288,0.95069033530572
negative_count,mid_level-deep_level,0,0,42000000000,cv,5200,1300,0.9923691860465116,0.9681159420289857,0.9653179190751444,0.9709302325581396,0.9633333333333334
negative_count,deep_level-deep_level,0,0,42000000000,cv,5200,1300,0.9815789473684212,0.945945945945946,0.9722222222222222,0.9210526315789472,0.9166666666666666
full_fusion,overall,0,1,42001000000,cv,5200,1300,0.991894674556213,0.9552012148823082,0.9430284857571214,0.9676923076923076,0.9546153846153846
full_fusion,low_level-low_level,0,1,42001000000,cv,5200,1300,0.9953216374269006,0.9473684210526316,0.9473684210526316,0.9473684210526316,0.96875
full_fusion,low_level-mid_level,0,1,42001000000,cv,5200,1300,0.9950759342766808,0.9400921658986175,0.9444444444444444,0.9357798165137616,0.9545454545454546
full_fusion,low_level-deep_level,0,1,42001000000,cv,5200,1300,1.0,0.9850746268656716,0.9705882352941176,1.0,0.988095238095238
full_fusion,mid_level-mid_level,0,1,42001000000,cv,5200,1300,0.9915404533040116,0.9452332657200812,0.9282868525896414,0.962809917355372,0.943157894736842
full_fusion,mid_level-deep_level,0,1,42001000000,cv,5200,1300,0.9880799345565034,0.9655172413793104,0.9468599033816424,0.984924623115578,0.9573170731707316
full_fusion,deep_level-deep_level,0,1,42001000000,cv,5200,1300,0.9819444444444444,0.9791666666666666,0.9791666666666666,0.9791666666666666,0.9682539682539684
full_topo_only,overall,0,1,42001000000,cv,5200,1300,0.9309917159763312,0.8518518518518519,0.8544891640866873,0.8492307692307692,0.8523076923076923
full_topo_only,low_level-low_level,0,1,42001000000,cv,5200,1300,0.9719298245614034,0.8780487804878049,0.8181818181818182,0.9473684210526316,0.921875
full_topo_only,low_level-mid_level,0,1,42001000000,cv,5200,1300,0.905146944487638,0.7853881278538812,0.7818181818181819,0.7889908256880734,0.8356643356643356
full_topo_only,low_level-deep_level,0,1,42001000000,cv,5200,1300,0.9263220439691028,0.84375,0.8709677419354839,0.8181818181818182,0.8809523809523809
full_topo_only,mid_level-mid_level,0,1,42001000000,cv,5200,1300,0.9333522505586492,0.8477366255144033,0.8442622950819673,0.8512396694214877,0.8442105263157895
full_topo_only,mid_level-deep_level,0,1,42001000000,cv,5200,1300,0.9248568423512912,0.8804071246819338,0.8917525773195877,0.8693467336683417,0.8567073170731707
full_topo_only,deep_level-deep_level,0,1,42001000000,cv,5200,1300,0.9430555555555556,0.9032258064516128,0.9333333333333332,0.875,0.8571428571428571
no_ddi_fusion,overall,0,1,42001000000,cv,5200,1300,0.9851692307692308,0.9403341288782816,0.9736408566721582,0.9092307692307692,0.9423076923076924
no_ddi_fusion,low_level-low_level,0,1,42001000000,cv,5200,1300,0.9801169590643276,0.9142857142857144,1.0,0.8421052631578947,0.953125
no_ddi_fusion,low_level-mid_level,0,1,42001000000,cv,5200,1300,0.985694293266988,0.9178743961352656,0.9693877551020408,0.8715596330275229,0.9405594405594404
no_ddi_fusion,low_level-deep_level,0,1,42001000000,cv,5200,1300,0.9988116458704692,0.9705882352941176,0.9428571428571428,1.0,0.9761904761904762
no_ddi_fusion,mid_level-mid_level,0,1,42001000000,cv,5200,1300,0.9847125172915264,0.9444444444444444,0.9778761061946902,0.9132231404958676,0.9452631578947368
no_ddi_fusion,mid_level-deep_level,0,1,42001000000,cv,5200,1300,0.9786140002337268,0.935064935064935,0.967741935483871,0.9045226130653268,0.923780487804878
no_ddi_fusion,deep_level-deep_level,0,1,42001000000,cv,5200,1300,0.9958333333333332,0.9787234042553192,1.0,0.9583333333333334,0.9682539682539684
no_ddi_topo_only,overall,0,1,42001000000,cv,5200,1300,0.8717621301775148,0.7630453378956373,0.859344894026975,0.6861538461538461,0.786923076923077
no_ddi_topo_only,low_level-low_level,0,1,42001000000,cv,5200,1300,0.7812865497076024,0.6451612903225806,0.8333333333333334,0.5263157894736842,0.828125
no_ddi_topo_only,low_level-mid_level,0,1,42001000000,cv,5200,1300,0.8523816928419633,0.6842105263157895,0.8024691358024691,0.5963302752293578,0.7902097902097902
no_ddi_topo_only,low_level-deep_level,0,1,42001000000,cv,5200,1300,0.8758169934640523,0.78125,0.8064516129032258,0.7575757575757576,0.8333333333333334
no_ddi_topo_only,mid_level-mid_level,0,1,42001000000,cv,5200,1300,0.8772922356613343,0.7713004484304933,0.8431372549019608,0.7107438016528925,0.7852631578947369
no_ddi_topo_only,mid_level-deep_level,0,1,42001000000,cv,5200,1300,0.8762416734836975,0.7853107344632768,0.896774193548387,0.6984924623115578,0.7682926829268293
no_ddi_topo_only,deep_level-deep_level,0,1,42001000000,cv,5200,1300,0.9013888888888888,0.8333333333333334,0.9722222222222222,0.7291666666666666,0.7777777777777778
ddi_only_fusion,overall,0,1,42001000000,cv,5200,1300,0.9903905325443788,0.9434850863422292,0.9631410256410255,0.9246153846153846,0.9446153846153846
ddi_only_fusion,low_level-low_level,0,1,42001000000,cv,5200,1300,0.9894736842105264,0.9473684210526316,0.9473684210526316,0.9473684210526316,0.96875
ddi_only_fusion,low_level-mid_level,0,1,42001000000,cv,5200,1300,0.9896853781164152,0.9230769230769232,0.9696969696969696,0.8807339449541285,0.944055944055944
ddi_only_fusion,low_level-deep_level,0,1,42001000000,cv,5200,1300,0.9988116458704694,0.9552238805970148,0.9411764705882352,0.9696969696969696,0.9642857142857144
ddi_only_fusion,mid_level-mid_level,0,1,42001000000,cv,5200,1300,0.9917000673926152,0.9561586638830898,0.9662447257383966,0.9462809917355371,0.9557894736842104
ddi_only_fusion,mid_level-deep_level,0,1,42001000000,cv,5200,1300,0.986249074831522,0.93573264781491,0.9578947368421052,0.914572864321608,0.923780487804878
ddi_only_fusion,deep_level-deep_level,0,1,42001000000,cv,5200,1300,0.9875,0.946236559139785,0.9777777777777776,0.9166666666666666,0.9206349206349206
ddi_only_topo_only,overall,0,1,42001000000,cv,5200,1300,0.9393254437869822,0.8704268292682927,0.8625377643504532,0.8784615384615385,0.8692307692307693
ddi_only_topo_only,low_level-low_level,0,1,42001000000,cv,5200,1300,0.9883040935672514,0.9,0.8571428571428571,0.9473684210526316,0.9375
ddi_only_topo_only,low_level-mid_level,0,1,42001000000,cv,5200,1300,0.9316332348520188,0.8,0.8541666666666666,0.7522935779816514,0.8566433566433567
ddi_only_topo_only,low_level-deep_level,0,1,42001000000,cv,5200,1300,0.9215686274509804,0.8285714285714286,0.7837837837837838,0.8787878787878788,0.8571428571428571
ddi_only_topo_only,mid_level-mid_level,0,1,42001000000,cv,5200,1300,0.9533749512290284,0.8806584362139918,0.8770491803278688,0.8842975206611571,0.8778947368421053
ddi_only_topo_only,mid_level-deep_level,0,1,42001000000,cv,5200,1300,0.8975497643255035,0.8846153846153846,0.847926267281106,0.9246231155778896,0.8536585365853658
ddi_only_topo_only,deep_level-deep_level,0,1,42001000000,cv,5200,1300,0.95,0.9263157894736842,0.9361702127659576,0.9166666666666666,0.8888888888888888
mesh_only,overall,0,1,42001000000,cv,5200,1300,0.9684686390532544,0.9128816083395384,0.8845598845598845,0.943076923076923,0.91
mesh_only,low_level-low_level,0,1,42001000000,cv,5200,1300,0.9298245614035088,0.8205128205128205,0.8,0.8421052631578947,0.890625
mesh_only,low_level-mid_level,0,1,42001000000,cv,5200,1300,0.9524698077022754,0.8636363636363636,0.8558558558558559,0.8715596330275229,0.8951048951048951
mesh_only,low_level-deep_level,0,1,42001000000,cv,5200,1300,0.988116458704694,0.9142857142857144,0.8648648648648649,0.9696969696969696,0.9285714285714286
mesh_only,mid_level-mid_level,0,1,42001000000,cv,5200,1300,0.9761997658993368,0.9224652087475148,0.8888888888888888,0.9586776859504132,0.9178947368421052
mesh_only,mid_level-deep_level,0,1,42001000000,cv,5200,1300,0.9575785906275563,0.927536231884058,0.8930232558139535,0.964824120603015,0.9085365853658536
mesh_only,deep_level-deep_level,0,1,42001000000,cv,5200,1300,0.9805555555555556,0.9484536082474226,0.9387755102040816,0.9583333333333334,0.9206349206349206
common_neighbors,overall,0,1,42001000000,cv,5200,1300,0.9069443786982248,0.8159420289855073,0.7712328767123288,0.8661538461538462,0.8046153846153846
common_neighbors,low_level-low_level,0,1,42001000000,cv,5200,1300,0.95906432748538,0.7804878048780488,0.7272727272727273,0.8421052631578947,0.859375
common_neighbors,low_level-mid_level,0,1,42001000000,cv,5200,1300,0.8827035712434562,0.7288888888888889,0.7068965517241379,0.7522935779816514,0.7867132867132867
common_neighbors,low_level-deep_level,0,1,42001000000,cv,5200,1300,0.8496732026143791,0.7027027027027027,0.6341463414634146,0.7878787878787878,0.7380952380952381
common_neighbors,mid_level-mid_level,0,1,42001000000,cv,5200,1300,0.9176834675274004,0.8297455968688845,0.7881040892193308,0.8760330578512396,0.8168421052631579
common_neighbors,mid_level-deep_level,0,1,42001000000,cv,5200,1300,0.8850843364107358,0.8425925925925926,0.7811158798283262,0.914572864321608,0.7926829268292683
common_neighbors,deep_level-deep_level,0,1,42001000000,cv,5200,1300,0.9416666666666668,0.9278350515463918,0.9183673469387756,0.9375,0.8888888888888888
degree_product,overall,0,1,42001000000,cv,5200,1300,0.8070295857988166,0.7343857240905971,0.6629491945477075,0.823076923076923,0.7023076923076923
degree_product,low_level-low_level,0,1,42001000000,cv,5200,1300,0.8128654970760233,0.5909090909090909,0.52,0.6842105263157895,0.71875
degree_product,low_level-mid_level,0,1,42001000000,cv,5200,1300,0.7541595397294356,0.6065573770491803,0.5481481481481482,0.6788990825688074,0.6643356643356644
degree_product,low_level-deep_level,0,1,42001000000,cv,5200,1300,0.6714200831847891,0.5432098765432098,0.4583333333333333,0.6666666666666666,0.5595238095238095
degree_product,mid_level-mid_level,0,1,42001000000,cv,5200,1300,0.8319795693966587,0.7407407407407407,0.6711409395973155,0.8264462809917356,0.7052631578947368
degree_product,mid_level-deep_level,0,1,42001000000,cv,5200,1300,0.7841533247633516,0.8079470198675497,0.7204724409448819,0.9195979899497488,0.7347560975609756
degree_product,deep_level-deep_level,0,1,42001000000,cv,5200,1300,0.8388888888888889,0.9052631578947368,0.9148936170212766,0.8958333333333334,0.8571428571428571
negative_count,overall,0,1,42001000000,cv,5200,1300,0.9890792899408284,0.9542280837858804,0.9624413145539906,0.946153846153846,0.9546153846153846
negative_count,low_level-low_level,0,1,42001000000,cv,5200,1300,0.9637426900584796,0.972972972972973,1.0,0.9473684210526316,0.984375
negative_count,low_level-mid_level,0,1,42001000000,cv,5200,1300,0.9866791064116518,0.9389671361502347,0.9615384615384616,0.9174311926605504,0.9545454545454546
negative_count,low_level-deep_level,0,1,42001000000,cv,5200,1300,1.0,1.0,1.0,1.0,1.0
negative_count,mid_level-mid_level,0,1,42001000000,cv,5200,1300,0.9920725002660234,0.9525773195876288,0.9506172839506172,0.9545454545454546,0.9515789473684212
negative_count,mid_level-deep_level,0,1,42001000000,cv,5200,1300,0.9804059054964748,0.9465648854961832,0.9587628865979382,0.9346733668341708,0.9359756097560976
negative_count,deep_level-deep_level,0,1,42001000000,cv,5200,1300,0.9986111111111112,0.9894736842105264,1.0,0.9791666666666666,0.984126984126984
full_fusion,overall,0,2,42002000000,cv,5200,1300,0.9836887573964496,0.9357366771159876,0.9536741214057508,0.9184615384615384,0.936923076923077
full_fusion,low_level-low_level,0,2,42002000000,cv,5200,1300,1.0,1.0,1.0,1.0,1.0
full_fusion,low_level-mid_level,0,2,42002000000,cv,5200,1300,0.9835707146426786,0.9273743016759776,0.9540229885057472,0.9021739130434784,0.9511278195488722
full_fusion,low_level-deep_level,0,2,42002000000,cv,5200,1300,0.9807098765432098,0.9130434782608696,0.9545454545454546,0.875,0.9215686274509804
full_fusion,mid_level-mid_level,0,2,42002000000,cv,5200,1300,0.9815201671219668,0.928,0.943089430894309,0.9133858267716536,0.9278557114228456
full_fusion,mid_level-deep_level,0,2,42002000000,cv,5200,1300,0.979591049382716,0.9365079365079364,0.9516129032258064,0.921875,0.926605504587156
full_fusion,deep_level-deep_level,0,2,42002000000,cv,5200,1300,1.0,0.9882352941176472,1.0,0.9767441860465116,0.9818181818181818
full_topo_only,overall,0,2,42002000000,cv,5200,1300,0.9465065088757396,0.8749052312357847,0.8624813153961136,0.8876923076923077,0.8730769230769231
full_topo_only,low_level-low_level,0,2,42002000000,cv,5200,1300,0.938095238095238,0.8717948717948718,0.9444444444444444,0.8095238095238095,0.9019607843137256
full_topo_only,low_level-mid_level,0,2,42002000000,cv,5200,1300,0.9430909545227386,0.8080808080808081,0.7547169811320755,0.8695652173913043,0.8571428571428571
full_topo_only,low_level-deep_level,0,2,42002000000,cv,5200,1300,0.9278549382716048,0.8842105263157894,0.8936170212765957,0.875,0.8921568627450981
full_topo_only,mid_level-mid_level,0,2,42002000000,cv,5200,1300,0.9409770207295516,0.8643410852713178,0.851145038167939,0.8779527559055118,0.8597194388777555
full_topo_only,mid_level-deep_level,0,2,42002000000,cv,5200,1300,0.955054012345679,0.9067357512953368,0.9020618556701032,0.9114583333333334,0.8899082568807339
full_topo_only,deep_level-deep_level,0,2,42002000000,cv,5200,1300,0.9670542635658916,0.9411764705882352,0.9523809523809524,0.9302325581395348,0.9090909090909092
no_ddi_fusion,overall,0,2,42002000000,cv,5200,1300,0.9868047337278106,0.9419847328244276,0.9348484848484848,0.9492307692307692,0.9415384615384615
no_ddi_fusion,low_level-low_level,0,2,42002000000,cv,5200,1300,0.9984126984126984,0.9545454545454546,0.9130434782608696,1.0,0.9607843137254902
no_ddi_fusion,low_level-mid_level,0,2,42002000000,cv,5200,1300,0.9960019990004996,0.9473684210526316,0.9183673469387756,0.9782608695652174,0.962406015037594
no_ddi_fusion,low_level-deep_level,0,2,42002000000,cv,5200,1300,0.96875,0.8958333333333334,0.8958333333333334,0.8958333333333334,0.9019607843137256
no_ddi_fusion,mid_level-mid_level,0,2,42002000000,cv,5200,1300,0.9856660774546038,0.9367588932806324,0.9404761904761904,0.9330708661417324,0.935871743486974
no_ddi_fusion,mid_level-deep_level,0,2,42002000000,cv,5200,1300,0.9831404320987654,0.9457364341085271,0.9384615384615383,0.953125,0.9357798165137616
no_ddi_fusion,deep_level-deep_level,0,2,42002000000,cv,5200,1300,0.996124031007752,0.9885057471264368,0.9772727272727272,1.0,0.9818181818181818
no_ddi_topo_only,overall,0,2,42002000000,cv,5200,1300,0.8620544378698225,0.7734806629834254,0.7941653160453809,0.7538461538461538,0.7792307692307693
no_ddi_topo_only,low_level-low_level,0,2,42002000000,cv,5200,1300,0.8746031746031747,0.7894736842105263,0.8823529411764706,0.7142857142857143,0.8431372549019608
no_ddi_topo_only,low_level-mid_level,0,2,42002000000,cv,5200,1300,0.8186531734132932,0.6666666666666666,0.6818181818181818,0.6521739130434783,0.7744360902255639
no_ddi_topo_only,low_level-deep_level,0,2,42002000000,cv,5200,1300,0.8850308641975309,0.8444444444444444,0.9047619047619048,0.7916666666666666,0.8627450980392157
no_ddi_topo_only,mid_level-mid_level,0,2,42002000000,cv,5200,1300,0.8685842841073437,0.782608695652174,0.7857142857142857,0.7795275590551181,0.779559118236473
no_ddi_topo_only,mid_level-deep_level,0,2,42002000000,cv,5200,1300,0.8470293209876543,0.7774798927613941,0.8011049723756906,0.7552083333333334,0.746177370030581
no_ddi_topo_only,deep_level-deep_level,0,2,42002000000,cv,5200,1300,0.8643410852713178,0.85,0.918918918918919,0.7906976744186046,0.7818181818181819
ddi_only_fusion,overall,0,2,42002000000,cv,5200,1300,0.9855467455621304,0.946319018404908,0.9434250764525994,0.9492307692307692,0.946153846153846
ddi_only_fusion,low_level-low_level,0,2,42002000000,cv,5200,1300,1.0,0.975609756097561,1.0,0.9523809523809524,0.9803921568627452
ddi_only_fusion,low_level-mid_level,0,2,42002000000,cv,5200,1300,0.9892553723138432,0.9411764705882352,0.9263157894736842,0.9565217391304348,0.9586466165413534
ddi_only_fusion,low_level-deep_level,0,2,42002000000,cv,5200,1300,0.9602623456790124,0.875,0.875,0.875,0.8823529411764706
ddi_only_fusion,mid_level-mid_level,0,2,42002000000,cv,5200,1300,0.989490599389362,0.9467455621301776,0.9486166007905138,0.9448818897637796,0.9458917835671342
ddi_only_fusion,mid_level-deep_level,0,2,42002000000,cv,5200,1300,0.9778935185185184,0.9533678756476685,0.9484536082474226,0.9583333333333334,0.944954128440367
ddi_only_fusion,deep_level-deep_level,0,2,42002000000,cv,5200,1300,0.9767441860465116,0.9885057471264368,0.9772727272727272,1.0,0.9818181818181818
ddi_only_topo_only,overall,0,2,42002000000,cv,5200,1300,0.9415313609467456,0.8686408504176157,0.8575712143928036,0.88,0.8669230769230769
ddi_only_topo_only,low_level-low_level,0,2,42002000000,cv,5200,1300,0.9333333333333332,0.8,0.8421052631578947,0.7619047619047619,0.8431372549019608
ddi_only_topo_only,low_level-mid_level,0,2,42002000000,cv,5200,1300,0.936031984007996,0.8125,0.78,0.8478260869565217,0.8646616541353384
ddi_only_topo_only,low_level-deep_level,0,2,42002000000,cv,5200,1300,0.9197530864197532,0.8125,0.8125,0.8125,0.8235294117647058
ddi_only_topo_only,mid_level-mid_level,0,2,42002000000,cv,5200,1300,0.94472119556484,0.8793774319066148,0.8692307692307693,0.889763779527559,0.875751503006012
ddi_only_topo_only,mid_level-deep_level,0,2,42002000000,cv,5200,1300,0.9378086419753086,0.8849104859335039,0.8693467336683417,0.9010416666666666,0.8623853211009175
ddi_only_topo_only,deep_level-deep_level,0,2,42002000000,cv,5200,1300,0.9825581395348836,0.9523809523809524,0.975609756097561,0.9302325581395348,0.9272727272727272
mesh_only,overall,0,2,42002000000,cv,5200,1300,0.9701254437869824,0.9111111111111112,0.8785714285714286,0.946153846153846,0.9076923076923076
mesh_only,low_level-low_level,0,2,42002000000,cv,5200,1300,0.9968253968253968,0.9545454545454546,0.9130434782608696,1.0,0.9607843137254902
mesh_only,low_level-mid_level,0,2,42002000000,cv,5200,1300,0.973263368315842,0.87,0.8055555555555556,0.9456521739130436,0.9022556390977444
mesh_only,low_level-deep_level,0,2,42002000000,cv,5200,1300,0.96875,0.8936170212765957,0.9130434782608696,0.875,0.9019607843137256
mesh_only,mid_level-mid_level,0,2,42002000000,cv,5200,1300,0.962646633456532,0.903954802259887,0.8664259927797834,0.9448818897637796,0.8977955911823647
mesh_only,mid_level-deep_level,0,2,42002000000,cv,5200,1300,0.9693479938271604,0.9269521410579346,0.8975609756097561,0.9583333333333334,0.91131498470948
mesh_only,deep_level-deep_level,0,2,42002000000,cv,5200,1300,0.992248062015504,0.9761904761904762,1.0,0.9534883720930232,0.9636363636363636
common_neighbors,overall,0,2,42002000000,cv,5200,1300,0.9058792899408284,0.8145604395604396,0.7357320099255583,0.9123076923076924,0.7923076923076923
common_neighbors,low_level-low_level,0,2,42002000000,cv,5200,1300,0.9174603174603174,0.8095238095238095,0.8095238095238095,0.8095238095238095,0.8431372549019608
common_neighbors,low_level-mid_level,0,2,42002000000,cv,5200,1300,0.881559220389805,0.7064220183486238,0.6111111111111112,0.8369565217391305,0.7593984962406015
common_neighbors,low_level-deep_level,0,2,42002000000,cv,5200,1300,0.8765432098765432,0.7889908256880734,0.7049180327868853,0.8958333333333334,0.7745098039215687
common_neighbors,mid_level-mid_level,0,2,42002000000,cv,5200,1300,0.9048127912582355,0.809106830122592,0.7287066246056783,0.9094488188976378,0.781563126252505
common_neighbors,mid_level-deep_level,0,2,42002000000,cv,5200,1300,0.911844135802469,0.8591549295774648,0.782051282051282,0.953125,0.8165137614678899
common_neighbors,deep_level-deep_level,0,2,42002000000,cv,5200,1300,0.945736434108527,0.9333333333333332,0.8936170212765957,0.9767441860465116,0.8909090909090909
degree_product,overall,0,2,42002000000,cv,5200,1300,0.7993905325443786,0.750924784217016,0.6265432098765432,0.936923076923077,0.6892307692307692
degree_product,low_level-low_level,0,2,42002000000,cv,5200,1300,0.8142857142857143,0.7391304347826086,0.68,0.8095238095238095,0.7647058823529411
degree_product,low_level-mid_level,0,2,42002000000,cv,5200,1300,0.7594327836081959,0.6051660516605166,0.4581005586592179,0.8913043478260869,0.5977443609022557
degree_product,low_level-deep_level,0,2,42002000000,cv,5200,1300,0.7430555555555556,0.6935483870967742,0.5657894736842105,0.8958333333333334,0.6274509803921569
degree_product,mid_level-mid_level,0,2,42002000000,cv,5200,1300,0.8003535272376668,0.7586206896551724,0.6302083333333334,0.952755905511811,0.6913827655310621
degree_product,mid_level-deep_level,0,2,42002000000,cv,5200,1300,0.8070216049382716,0.8105726872246696,0.7022900763358778,0.9583333333333334,0.7370030581039755
degree_product,deep_level-deep_level,0,2,42002000000,cv,5200,1300,0.8449612403100775,0.9213483146067416,0.8913043478260869,0.9534883720930232,0.8727272727272727
negative_count,overall,0,2,42002000000,cv,5200,1300,0.9801727810650886,0.926905132192846,0.9371069182389936,0.916923076923077,0.9276923076923076
negative_count,low_level-low_level,0,2,42002000000,cv,5200,1300,0.9873015873015872,0.9047619047619048,0.9047619047619048,0.9047619047619048,0.9215686274509804
negative_count,low_level-mid_level,0,2,42002000000,cv,5200,1300,0.9859132933533234,0.90625,0.87,0.9456521739130436,0.9323308270676692
negative_count,low_level-deep_level,0,2,42002000000,cv,5200,1300,0.9600694444444444,0.8723404255319149,0.8913043478260869,0.8541666666666666,0.8823529411764706
negative_count,mid_level-mid_level,0,2,42002000000,cv,5200,1300,0.9819701108789972,0.9327902240325866,0.9662447257383966,0.9015748031496064,0.933867735470942
negative_count,mid_level-deep_level,0,2,42002000000,cv,5200,1300,0.9789351851851852,0.9399477806788512,0.9424083769633508,0.9375,0.9296636085626911
negative_count,deep_level-deep_level,0,2,42002000000,cv,5200,1300,0.9893410852713178,0.9523809523809524,0.975609756097561,0.9302325581395348,0.9272727272727272
full_fusion,overall,0,3,42003000000,cv,5200,1300,0.9897727810650888,0.9476876421531464,0.9342301943198804,0.9615384615384616,0.946923076923077
full_fusion,low_level-low_level,0,3,42003000000,cv,5200,1300,0.9946428571428572,0.9032258064516128,0.9333333333333332,0.875,0.9411764705882352
full_fusion,low_level-mid_level,0,3,42003000000,cv,5200,1300,0.9925302050433652,0.944954128440367,0.944954128440367,0.944954128440367,0.958904109589041
full_fusion,low_level-deep_level,0,3,42003000000,cv,5200,1300,0.9920734251147268,0.9347826086956522,0.9555555555555556,0.9148936170212766,0.9387755102040816
full_fusion,mid_level-mid_level,0,3,42003000000,cv,5200,1300,0.9888312586445368,0.9435483870967742,0.9140625,0.975,0.9417879417879418
full_fusion,mid_level-deep_level,0,3,42003000000,cv,5200,1300,0.984799864887688,0.9536082474226804,0.9390862944162436,0.9685863874345548,0.9428571428571428
full_fusion,deep_level-deep_level,0,3,42003000000,cv,5200,1300,0.9840425531914894,0.9787234042553192,0.9787234042553192,0.9787234042553192,0.9682539682539684
full_topo_only,overall,0,3,42003000000,cv,5200,1300,0.9416094674556214,0.8757396449704142,0.8433048433048433,0.9107692307692308,0.8707692307692307
full_topo_only,low_level-low_level,0,3,42003000000,cv,5200,1300,0.9232142857142858,0.7428571428571429,0.6842105263157895,0.8125,0.8235294117647058
full_topo_only,low_level-mid_level,0,3,42003000000,cv,5200,1300,0.924650323356896,0.8088888888888889,0.7844827586206896,0.8348623853211009,0.8527397260273972
full_topo_only,low_level-deep_level,0,3,42003000000,cv,5200,1300,0.9370045890696704,0.86,0.8113207547169812,0.9148936170212766,0.8571428571428571
full_topo_only,mid_level-mid_level,0,3,42003000000,cv,5200,1300,0.9367997925311204,0.8757396449704142,0.8314606741573034,0.925,0.8690228690228691
full_topo_only,mid_level-deep_level,0,3,42003000000,cv,5200,1300,0.9522884647863537,0.9156010230179028,0.895,0.93717277486911,0.8952380952380953
full_topo_only,deep_level-deep_level,0,3,42003000000,cv,5200,1300,0.9069148936170212,0.9361702127659576,0.9361702127659576,0.9361702127659576,0.9047619047619048
no_ddi_fusion,overall,0,3,42003000000,cv,5200,1300,0.9923905325443788,0.9532428355957768,0.9349112426035504,0.9723076923076924,0.9523076923076924
no_ddi_fusion,low_level-low_level,0,3,42003000000,cv,5200,1300,0.9982142857142856,0.9696969696969696,0.9411764705882352,1.0,0.9803921568627452
no_ddi_fusion,low_level-mid_level,0,3,42003000000,cv,5200,1300,0.9939339249009876,0.9464285714285714,0.9217391304347826,0.9724770642201837,0.958904109589041
no_ddi_fusion,low_level-deep_level,0,3,42003000000,cv,5200,1300,0.9904046725073008,0.9263157894736842,0.9166666666666666,0.9361702127659576,0.9285714285714286
no_ddi_fusion,mid_level-mid_level,0,3,42003000000,cv,5200,1300,0.9931016597510374,0.9568788501026694,0.9433198380566802,0.9708333333333332,0.9563409563409564
no_ddi_fusion,mid_level-deep_level,0,3,42003000000,cv,5200,1300,0.9883043404830266,0.9565217391304348,0.935,0.9790575916230366,0.946031746031746
no_ddi_fusion,deep_level-deep_level,0,3,42003000000,cv,5200,1300,0.985372340425532,0.9583333333333334,0.9387755102040816,0.9787234042553192,0.9365079365079364
no_ddi_topo_only,overall,0,3,42003000000,cv,5200,1300,0.8873727810650888,0.7955271565495208,0.8272425249169435,0.7661538461538462,0.803076923076923
no_ddi_topo_only,low_level-low_level,0,3,42003000000,cv,5200,1300,0.875,0.7096774193548387,0.7333333333333333,0.6875,0.8235294117647058
no_ddi_topo_only,low_level-mid_level,0,3,42003000000,cv,5200,1300,0.8881034742066477,0.7623762376237624,0.8279569892473119,0.7064220183486238,0.8356164383561644
no_ddi_topo_only,low_level-deep_level,0,3,42003000000,cv,5200,1300,0.7772215269086358,0.5866666666666667,0.7857142857142857,0.4680851063829787,0.6836734693877551
no_ddi_topo_only,mid_level-mid_level,0,3,42003000000,cv,5200,1300,0.8883817427385892,0.7974947807933194,0.799163179916318,0.7958333333333333,0.7983367983367984
no_ddi_topo_only,mid_level-deep_level,0,3,42003000000,cv,5200,1300,0.8960901874683329,0.8378378378378378,0.8659217877094972,0.8115183246073299,0.8095238095238095
no_ddi_topo_only,deep_level-deep_level,0,3,42003000000,cv,5200,1300,0.8351063829787234,0.8842105263157894,0.875,0.8936170212765957,0.8253968253968254
ddi_only_fusion,overall,0,3,42003000000,cv,5200,1300,0.9917005917159764,0.9640947288006112,0.9575113808801214,0.9707692307692308,0.9638461538461538
ddi_only_fusion,low_level-low_level,0,3,42003000000,cv,5200,1300,1.0,1.0,1.0,1.0,1.0
ddi_only_fusion,low_level-mid_level,0,3,42003000000,cv,5200,1300,0.9955883090189002,0.958904109589041,0.9545454545454546,0.963302752293578,0.9691780821917808
ddi_only_fusion,low_level-deep_level,0,3,42003000000,cv,5200,1300,0.9891531080517312,0.9183673469387756,0.8823529411764706,0.9574468085106383,0.9183673469387756
ddi_only_fusion,mid_level-mid_level,0,3,42003000000,cv,5200,1300,0.9900414937759336,0.968944099378882,0.9629629629629628,0.975,0.9688149688149688
ddi_only_fusion,mid_level-deep_level,0,3,42003000000,cv,5200,1300,0.9876287789224792,0.9660574412532638,0.9635416666666666,0.9685863874345548,0.9587301587301588
ddi_only_fusion,deep_level-deep_level,0,3,42003000000,cv,5200,1300,0.9933510638297872,0.9787234042553192,0.9787234042553192,0.9787234042553192,0.9682539682539684
ddi_only_topo_only,overall,0,3,42003000000,cv,5200,1300,0.9217562130177516,0.8498498498498499,0.8299120234604106,0.8707692307692307,0.8461538461538461
ddi_only_topo_only,low_level-low_level,0,3,42003000000,cv,5200,1300,0.8678571428571429,0.6666666666666666,0.6470588235294118,0.6875,0.7843137254901961
ddi_only_topo_only,low_level-mid_level,0,3,42003000000,cv,5200,1300,0.9031934626760916,0.7655502392344498,0.8,0.7339449541284404,0.8321917808219178
ddi_only_topo_only,low_level-deep_level,0,3,42003000000,cv,5200,1300,0.8965373383395911,0.7766990291262136,0.7142857142857143,0.851063829787234,0.7653061224489796
ddi_only_topo_only,mid_level-mid_level,0,3,42003000000,cv,5200,1300,0.9302040110650068,0.8588957055214724,0.8433734939759037,0.875,0.8565488565488566
ddi_only_topo_only,mid_level-deep_level,0,3,42003000000,cv,5200,1300,0.919903732477622,0.9,0.861244019138756,0.9424083769633508,0.873015873015873
ddi_only_topo_only,deep_level-deep_level,0,3,42003000000,cv,5200,1300,0.9335106382978724,0.9183673469387756,0.8823529411764706,0.9574468085106383,0.873015873015873
mesh_only,overall,0,3,42003000000,cv,5200,1300,0.9667573964497042,0.9030803906836964,0.882525697503671,0.9246153846153846,0.9007692307692308
mesh_only,low_level-low_level,0,3,42003000000,cv,5200,1300,0.9642857142857144,0.75,0.75,0.75,0.8431372549019608
mesh_only,low_level-mid_level,0,3,42003000000,cv,5200,1300,0.965608863488244,0.8672566371681416,0.8376068376068376,0.8990825688073395,0.8972602739726028
mesh_only,low_level-deep_level,0,3,42003000000,cv,5200,1300,0.9833124739257404,0.9292929292929292,0.8846153846153846,0.9787234042553192,0.9285714285714286
mesh_only,mid_level-mid_level,0,3,42003000000,cv,5200,1300,0.9693464730290456,0.8975409836065574,0.8830645161290323,0.9125,0.896049896049896
mesh_only,mid_level-deep_level,0,3,42003000000,cv,5200,1300,0.9519929066036142,0.9278350515463918,0.9137055837563453,0.9424083769633508,0.9111111111111112
mesh_only,deep_level-deep_level,0,3,42003000000,cv,5200,1300,0.9507978723404256,0.9387755102040816,0.9019607843137256,0.9787234042553192,0.9047619047619048
common_neighbors,overall,0,3,42003000000,cv,5200,1300,0.8957609467455621,0.8083140877598153,0.8089368258859785,0.8076923076923077,0.8084615384615385
common_neighbors,low_level-low_level,0,3,42003000000,cv,5200,1300,0.8839285714285714,0.6875,0.6875,0.6875,0.803921568627451
common_neighbors,low_level-mid_level,0,3,42003000000,cv,5200,1300,0.836717300847245,0.7135678391959799,0.7888888888888889,0.6513761467889908,0.8047945205479452
common_neighbors,low_level-deep_level,0,3,42003000000,cv,5200,1300,0.8831873174801835,0.7659574468085106,0.7659574468085106,0.7659574468085106,0.7755102040816326
common_neighbors,mid_level-mid_level,0,3,42003000000,cv,5200,1300,0.8972251037344399,0.8115942028985508,0.8065843621399177,0.8166666666666667,0.8108108108108109
common_neighbors,mid_level-deep_level,0,3,42003000000,cv,5200,1300,0.9020646850194224,0.8375634517766497,0.812807881773399,0.8638743455497382,0.7968253968253968
common_neighbors,deep_level-deep_level,0,3,42003000000,cv,5200,1300,0.9454787234042552,0.9484536082474226,0.92,0.9787234042553192,0.9206349206349206
degree_product,overall,0,3,42003000000,cv,5200,1300,0.7901171597633136,0.7481108312342569,0.6332622601279317,0.913846153846154,0.6923076923076923
degree_product,low_level-low_level,0,3,42003000000,cv,5200,1300,0.7214285714285714,0.6222222222222222,0.4827586206896552,0.875,0.6666666666666666
degree_product,low_level-mid_level,0,3,42003000000,cv,5200,1300,0.731187647265253,0.6041666666666666,0.4860335195530726,0.7981651376146789,0.6095890410958904
degree_product,low_level-deep_level,0,3,42003000000,cv,5200,1300,0.7442636629119733,0.7610619469026548,0.6515151515151515,0.9148936170212766,0.7244897959183674
degree_product,mid_level-mid_level,0,3,42003000000,cv,5200,1300,0.7944674965421853,0.745819397993311,0.6229050279329609,0.9291666666666668,0.683991683991684
degree_product,mid_level-deep_level,0,3,42003000000,cv,5200,1300,0.7800202668468164,0.8208616780045351,0.724,0.9476439790575916,0.7492063492063492
degree_product,deep_level-deep_level,0,3,42003000000,cv,5200,1300,0.8377659574468086,0.8932038834951457,0.8214285714285714,0.9787234042553192,0.8253968253968254
negative_count,overall,0,3,42003000000,cv,5200,1300,0.9859834319526628,0.933130699088146,0.921921921921922,0.9446153846153846,0.9323076923076924
negative_count,low_level-low_level,0,3,42003000000,cv,5200,1300,0.9928571428571428,0.8823529411764706,0.8333333333333334,0.9375,0.9215686274509804
negative_count,low_level-mid_level,0,3,42003000000,cv,5200,1300,0.9916027472802929,0.9315068493150684,0.9272727272727272,0.9357798165137616,0.9486301369863014
negative_count,low_level-deep_level,0,3,42003000000,cv,5200,1300,0.9879015435961618,0.9361702127659576,0.9361702127659576,0.9361702127659576,0.9387755102040816
negative_count,mid_level-mid_level,0,3,42003000000,cv,5200,1300,0.9845262793914246,0.925,0.925,0.925,0.9251559251559252
negative_count,mid_level-deep_level,0,3,42003000000,cv,5200,1300,0.98311096098632,0.9465648854961832,0.9207920792079208,0.9738219895287958,0.9333333333333332
negative_count,deep_level-deep_level,0,3,42003000000,cv,5200,1300,0.9587765957446808,0.9375,0.9183673469387756,0.9574468085106383,0.9047619047619048
full_fusion,overall,0,4,42004000000,cv,5200,1300,0.9843384615384616,0.9322834645669292,0.9548387096774194,0.9107692307692308,0.933846153846154
full_fusion,low_level-low_level,0,4,42004000000,cv,5200,1300,1.0,0.8695652173913043,1.0,0.7692307692307693,0.90625
full_fusion,low_level-mid_level,0,4,42004000000,cv,5200,1300,0.9792070674423616,0.90625,0.9666666666666668,0.8529411764705882,0.9366197183098592
full_fusion,low_level-deep_level,0,4,42004000000,cv,5200,1300,0.9976851851851852,0.961038961038961,1.0,0.925,0.9680851063829788
full_fusion,mid_level-mid_level,0,4,42004000000,cv,5200,1300,0.9795454198531544,0.924,0.927710843373494,0.9203187250996016,0.92578125
full_fusion,mid_level-deep_level,0,4,42004000000,cv,5200,1300,0.9911462072266092,0.958974358974359,0.9790575916230366,0.9396984924623116,0.9507692307692308
full_fusion,deep_level-deep_level,0,4,42004000000,cv,5200,1300,0.9166666666666669,0.9090909090909092,0.9302325581395348,0.8888888888888888,0.8490566037735849
full_topo_only,overall,0,4,42004000000,cv,5200,1300,0.9493159763313608,0.8625294579732914,0.8812199036918138,0.8446153846153847,0.8653846153846154
full_topo_only,low_level-low_level,0,4,42004000000,cv,5200,1300,0.97165991902834,0.88,0.9166666666666666,0.8461538461538461,0.90625
full_topo_only,low_level-mid_level,0,4,42004000000,cv,5200,1300,0.9429541047188108,0.8140703517587939,0.8350515463917526,0.7941176470588235,0.8697183098591549
full_topo_only,low_level-deep_level,0,4,42004000000,cv,5200,1300,0.9560185185185186,0.8421052631578947,0.8888888888888888,0.8,0.8723404255319149
full_topo_only,mid_level-mid_level,0,4,42004000000,cv,5200,1300,0.94570377493856,0.8502994011976048,0.852,0.848605577689243,0.853515625
full_topo_only,mid_level-deep_level,0,4,42004000000,cv,5200,1300,0.9554119805376088,0.890625,0.9243243243243244,0.8592964824120602,0.8707692307692307
full_topo_only,deep_level-deep_level,0,4,42004000000,cv,5200,1300,0.8888888888888888,0.9318181818181818,0.9534883720930232,0.9111111111111112,0.8867924528301887
no_ddi_fusion,overall,0,4,42004000000,cv,5200,1300,0.9866650887573964,0.9481946624803768,0.967948717948718,0.9292307692307692,0.9492307692307692
no_ddi_fusion,low_level-low_level,0,4,42004000000,cv,5200,1300,1.0,1.0,1.0,1.0,1.0
no_ddi_fusion,low_level-mid_level,0,4,42004000000,cv,5200,1300,0.9766214177978884,0.9128205128205128,0.956989247311828,0.8725490196078431,0.9401408450704224
no_ddi_fusion,low_level-deep_level,0,4,42004000000,cv,5200,1300,0.9972222222222222,0.9620253164556962,0.9743589743589745,0.95,0.9680851063829788
no_ddi_fusion,mid_level-mid_level,0,4,42004000000,cv,5200,1300,0.9890858023843324,0.9494949494949496,0.9631147540983608,0.9362549800796812,0.951171875
no_ddi_fusion,mid_level-deep_level,0,4,42004000000,cv,5200,1300,0.9867990747387732,0.9587628865979382,0.984126984126984,0.9346733668341708,0.9507692307692308
no_ddi_fusion,deep_level-deep_level,0,4,42004000000,cv,5200,1300,0.9777777777777776,0.945054945054945,0.9347826086956522,0.9555555555555556,0.9056603773584906
no_ddi_topo_only,overall,0,4,42004000000,cv,5200,1300,0.8669988165680472,0.7666385846672283,0.8472998137802608,0.7,0.786923076923077
no_ddi_topo_only,low_level-low_level,0,4,42004000000,cv,5200,1300,0.8299595141700404,0.6923076923076923,0.6923076923076923,0.6923076923076923,0.75
no_ddi_topo_only,low_level-mid_level,0,4,42004000000,cv,5200,1300,0.837211807800043,0.7111111111111111,0.8205128205128205,0.6274509803921569,0.8169014084507042
no_ddi_topo_only,low_level-deep_level,0,4,42004000000,cv,5200,1300,0.8837962962962962,0.7671232876712328,0.8484848484848485,0.7,0.8191489361702128
no_ddi_topo_only,mid_level-mid_level,0,4,42004000000,cv,5200,1300,0.86225214086184,0.7702127659574468,0.8264840182648402,0.7211155378486056,0.7890625
no_ddi_topo_only,mid_level-deep_level,0,4,42004000000,cv,5200,1300,0.8919597989949749,0.7865168539325843,0.89171974522293,0.7035175879396985,0.7661538461538462
no_ddi_topo_only,deep_level-deep_level,0,4,42004000000,cv,5200,1300,0.7305555555555556,0.8048780487804879,0.8918918918918919,0.7333333333333333,0.6981132075471698
ddi_only_fusion,overall,0,4,42004000000,cv,5200,1300,0.9874887573964496,0.9522342064714946,0.9537037037037036,0.9507692307692308,0.9523076923076924
ddi_only_fusion,low_level-low_level,0,4,42004000000,cv,5200,1300,1.0,0.9629629629629628,0.9285714285714286,1.0,0.96875
ddi_only_fusion,low_level-mid_level,0,4,42004000000,cv,5200,1300,0.9796918767507002,0.9154228855721394,0.9292929292929292,0.9019607843137256,0.9401408450704224
ddi_only_fusion,low_level-deep_level,0,4,42004000000,cv,5200,1300,0.999074074074074,0.9873417721518988,1.0,0.975,0.9893617021276596
ddi_only_fusion,mid_level-mid_level,0,4,42004000000,cv,5200,1300,0.9883225717818382,0.9484126984126984,0.9446640316205532,0.952191235059761,0.94921875
ddi_only_fusion,mid_level-deep_level,0,4,42004000000,cv,5200,1300,0.9867193108399138,0.9670886075949368,0.9744897959183674,0.9597989949748744,0.96
ddi_only_fusion,deep_level-deep_level,0,4,42004000000,cv,5200,1300,0.95,0.9565217391304348,0.9361702127659576,0.9777777777777776,0.9245283018867924
ddi_only_topo_only,overall,0,4,42004000000,cv,5200,1300,0.9404094674556214,0.8757309941520468,0.8342618384401114,0.9215384615384616,0.8692307692307693
ddi_only_topo_only,low_level-low_level,0,4,42004000000,cv,5200,1300,0.9959514170040488,0.9285714285714286,0.8666666666666667,1.0,0.9375
ddi_only_topo_only,low_level-mid_level,0,4,42004000000,cv,5200,1300,0.9364899806076276,0.8251121076233184,0.7603305785123967,0.9019607843137256,0.8626760563380281
ddi_only_topo_only,low_level-deep_level,0,4,42004000000,cv,5200,1300,0.926851851851852,0.8536585365853658,0.8333333333333334,0.875,0.8723404255319149
ddi_only_topo_only,mid_level-mid_level,0,4,42004000000,cv,5200,1300,0.9352169864602892,0.8735632183908046,0.8413284132841329,0.9083665338645418,0.87109375
ddi_only_topo_only,mid_level-deep_level,0,4,42004000000,cv,5200,1300,0.9339554917444364,0.8931116389548693,0.8468468468468469,0.9447236180904522,0.8615384615384616
ddi_only_topo_only,deep_level-deep_level,0,4,42004000000,cv,5200,1300,0.9444444444444444,0.9347826086956522,0.9148936170212766,0.9555555555555556,0.8867924528301887
mesh_only,overall,0,4,42004000000,cv,5200,1300,0.965557396449704,0.9051204819277108,0.8864306784660767,0.9246153846153846,0.9030769230769232
mesh_only,low_level-low_level,0,4,42004000000,cv,5200,1300,0.9919028340080972,0.8387096774193549,0.7222222222222222,1.0,0.84375
mesh_only,low_level-mid_level,0,4,42004000000,cv,5200,1300,0.9514652014652016,0.8490566037735849,0.8181818181818182,0.8823529411764706,0.8873239436619719
mesh_only,low_level-deep_level,0,4,42004000000,cv,5200,1300,0.9625,0.9230769230769232,0.9473684210526316,0.9,0.9361702127659576
mesh_only,mid_level-mid_level,0,4,42004000000,cv,5200,1300,0.9635633710369252,0.9,0.8698884758364313,0.9322709163346612,0.8984375
mesh_only,mid_level-deep_level,0,4,42004000000,cv,5200,1300,0.9749940177075854,0.9393939393939394,0.9441624365482234,0.9346733668341708,0.926153846153846
mesh_only,deep_level-deep_level,0,4,42004000000,cv,5200,1300,0.925,0.9230769230769232,0.9130434782608696,0.9333333333333332,0.8679245283018868
common_neighbors,overall,0,4,42004000000,cv,5200,1300,0.9082520710059172,0.8391708363116511,0.7837116154873164,0.9030769230769232,0.8269230769230769
common_neighbors,low_level-low_level,0,4,42004000000,cv,5200,1300,0.9149797570850202,0.8461538461538461,0.8461538461538461,0.8461538461538461,0.875
common_neighbors,low_level-mid_level,0,4,42004000000,cv,5200,1300,0.8749191984486103,0.7614678899082569,0.7155172413793104,0.8137254901960784,0.8169014084507042
common_neighbors,low_level-deep_level,0,4,42004000000,cv,5200,1300,0.8578703703703703,0.7727272727272727,0.7083333333333334,0.85,0.7872340425531915
common_neighbors,mid_level-mid_level,0,4,42004000000,cv,5200,1300,0.9061379005052588,0.8308823529411765,0.7713310580204779,0.900398406374502,0.8203125
common_neighbors,mid_level-deep_level,0,4,42004000000,cv,5200,1300,0.9055595437504986,0.8723897911832946,0.8103448275862069,0.9447236180904522,0.8307692307692308
common_neighbors,deep_level-deep_level,0,4,42004000000,cv,5200,1300,0.9861111111111112,0.9782608695652174,0.9574468085106383,1.0,0.9622641509433962
degree_product,overall,0,4,42004000000,cv,5200,1300,0.8025692307692307,0.7443837279902854,0.6148445336008024,0.943076923076923,0.6761538461538461
degree_product,low_level-low_level,0,4,42004000000,cv,5200,1300,0.7651821862348178,0.6111111111111112,0.4782608695652174,0.8461538461538461,0.5625
degree_product,low_level-mid_level,0,4,42004000000,cv,5200,1300,0.7582956259426847,0.615916955017301,0.4759358288770053,0.8725490196078431,0.6091549295774648
degree_product,low_level-deep_level,0,4,42004000000,cv,5200,1300,0.7152777777777778,0.6545454545454545,0.5142857142857142,0.9,0.5957446808510638
degree_product,mid_level-mid_level,0,4,42004000000,cv,5200,1300,0.8005907404863306,0.7345679012345679,0.5994962216624685,0.9482071713147412,0.6640625
degree_product,mid_level-deep_level,0,4,42004000000,cv,5200,1300,0.7983568636834968,0.8297872340425532,0.7195571955719557,0.9798994974874372,0.7538461538461538
degree_product,deep_level-deep_level,0,4,42004000000,cv,5200,1300,0.9361111111111112,0.9361702127659576,0.8979591836734694,0.9777777777777776,0.8867924528301887
negative_count,overall,0,4,42004000000,cv,5200,1300,0.9826165680473372,0.9382151029748284,0.9304084720121027,0.946153846153846,0.9376923076923076
negative_count,low_level-low_level,0,4,42004000000,cv,5200,1300,0.9817813765182188,0.9285714285714286,0.8666666666666667,1.0,0.9375
negative_count,low_level-mid_level,0,4,42004000000,cv,5200,1300,0.9737664296487826,0.9108910891089108,0.92,0.9019607843137256,0.9366197183098592
negative_count,low_level-deep_level,0,4,42004000000,cv,5200,1300,0.999074074074074,0.9743589743589745,1.0,0.95,0.9787234042553192
negative_count,mid_level-mid_level,0,4,42004000000,cv,5200,1300,0.98077422112317,0.931237721021611,0.9186046511627908,0.9442231075697212,0.931640625
negative_count,mid_level-deep_level,0,4,42004000000,cv,5200,1300,0.9834290500119648,0.9502487562189056,0.9408866995073892,0.9597989949748744,0.9384615384615383
negative_count,deep_level-deep_level,0,4,42004000000,cv,5200,1300,0.9541666666666666,0.9565217391304348,0.9361702127659576,0.9777777777777776,0.9245283018867924
full_fusion,overall,1,0,42000010000,cv,5200,1300,0.9883360946745562,0.9529042386185244,0.9727564102564102,0.933846153846154,0.953846153846154
full_fusion,low_level-low_level,1,0,42000010000,cv,5200,1300,1.0,0.9655172413793104,1.0,0.9333333333333332,0.9743589743589745
full_fusion,low_level-mid_level,1,0,42000010000,cv,5200,1300,0.9924227116589208,0.953846153846154,0.9893617021276596,0.9207920792079208,0.9696969696969696
full_fusion,low_level-deep_level,1,0,42000010000,cv,5200,1300,0.9910287081339711,0.9066666666666666,0.918918918918919,0.8947368421052632,0.9146341463414634
full_fusion,mid_level-mid_level,1,0,42000010000,cv,5200,1300,0.986848873495422,0.9495798319327732,0.9658119658119658,0.9338842975206612,0.9503105590062112
full_fusion,mid_level-deep_level,1,0,42000010000,cv,5200,1300,0.9863398955403776,0.9609756097560976,0.9800995024875622,0.9425837320574164,0.9529411764705882
full_fusion,deep_level-deep_level,1,0,42000010000,cv,5200,1300,0.9634920634920636,0.9662921348314608,0.9772727272727272,0.9555555555555556,0.9491525423728814
full_topo_only,overall,1,0,42000010000,cv,5200,1300,0.9561751479289942,0.878122634367903,0.8643815201192251,0.8923076923076924,0.8761538461538462
full_topo_only,low_level-low_level,1,0,42000010000,cv,5200,1300,0.9833333333333334,0.9032258064516128,0.875,0.9333333333333332,0.9230769230769232
full_topo_only,low_level-mid_level,1,0,42000010000,cv,5200,1300,0.9546878157203474,0.8363636363636363,0.773109243697479,0.9108910891089108,0.8787878787878788
full_topo_only,low_level-deep_level,1,0,42000010000,cv,5200,1300,0.9706937799043064,0.9090909090909092,0.8974358974358975,0.9210526315789472,0.9146341463414634
full_topo_only,mid_level-mid_level,1,0,42000010000,cv,5200,1300,0.9510990706765886,0.8501026694045175,0.8448979591836735,0.8553719008264463,0.8488612836438924
full_topo_only,mid_level-deep_level,1,0,42000010000,cv,5200,1300,0.95306621863472,0.9160671462829736,0.9182692307692308,0.9138755980861244,0.8970588235294118
full_topo_only,deep_level-deep_level,1,0,42000010000,cv,5200,1300,0.9507936507936507,0.9213483146067416,0.9318181818181818,0.9111111111111112,0.8813559322033898
no_ddi_fusion,overall,1,0,42000010000,cv,5200,1300,0.9871621301775148,0.9567233384853168,0.9611801242236024,0.9523076923076924,0.9569230769230768
no_ddi_fusion,low_level-low_level,1,0,42000010000,cv,5200,1300,0.9972222222222222,0.9655172413793104,1.0,0.9333333333333332,0.9743589743589745
no_ddi_fusion,low_level-mid_level,1,0,42000010000,cv,5200,1300,0.9913113760355629,0.9447236180904522,0.9591836734693876,0.9306930693069309,0.9629629629629628
no_ddi_fusion,low_level-deep_level,1,0,42000010000,cv,5200,1300,0.992822966507177,0.9473684210526316,0.9473684210526316,0.9473684210526316,0.951219512195122
no_ddi_fusion,mid_level-mid_level,1,0,42000010000,cv,5200,1300,0.985391447481225,0.950207468879668,0.9541666666666668,0.9462809917355371,0.9503105590062112
no_ddi_fusion,mid_level-deep_level,1,0,42000010000,cv,5200,1300,0.9848423974579056,0.9689737470167064,0.9666666666666668,0.971291866028708,0.961764705882353
no_ddi_fusion,deep_level-deep_level,1,0,42000010000,cv,5200,1300,0.9873015873015872,0.9662921348314608,0.9772727272727272,0.9555555555555556,0.9491525423728814
no_ddi_topo_only,overall,1,0,42000010000,cv,5200,1300,0.9131337278106508,0.820932134096484,0.8760907504363001,0.7723076923076924,0.8315384615384616
no_ddi_topo_only,low_level-low_level,1,0,42000010000,cv,5200,1300,0.9472222222222224,0.896551724137931,0.9285714285714286,0.8666666666666667,0.9230769230769232
no_ddi_topo_only,low_level-mid_level,1,0,42000010000,cv,5200,1300,0.9068498686603356,0.7619047619047619,0.8181818181818182,0.7128712871287128,0.8484848484848485
no_ddi_topo_only,low_level-deep_level,1,0,42000010000,cv,5200,1300,0.8989234449760766,0.7692307692307693,0.925925925925926,0.6578947368421053,0.8170731707317073
no_ddi_topo_only,mid_level-mid_level,1,0,42000010000,cv,5200,1300,0.9075991906999076,0.8154506437768241,0.8482142857142857,0.7851239669421488,0.8219461697722568
no_ddi_topo_only,mid_level-deep_level,1,0,42000010000,cv,5200,1300,0.9140582198034992,0.8475452196382429,0.9213483146067416,0.784688995215311,0.8264705882352941
no_ddi_topo_only,deep_level-deep_level,1,0,42000010000,cv,5200,1300,0.9063492063492063,0.8735632183908046,0.9047619047619048,0.8444444444444444,0.8135593220338984
ddi_only_fusion,overall,1,0,42000010000,cv,5200,1300,0.9895597633136096,0.955984555984556,0.95968992248062,0.9523076923076924,0.956153846153846
ddi_only_fusion,low_level-low_level,1,0,42000010000,cv,5200,1300,1.0,0.9655172413793104,1.0,0.9333333333333332,0.9743589743589745
ddi_only_fusion,low_level-mid_level,1,0,42000010000,cv,5200,1300,0.9917660133360277,0.945273631840796,0.95,0.9405940594059404,0.9629629629629628
ddi_only_fusion,low_level-deep_level,1,0,42000010000,cv,5200,1300,0.9964114832535884,0.9736842105263158,0.9736842105263158,0.9736842105263158,0.975609756097561
ddi_only_fusion,mid_level-mid_level,1,0,42000010000,cv,5200,1300,0.9888721237268956,0.9423868312757202,0.9385245901639344,0.9462809917355371,0.9420289855072465
ddi_only_fusion,mid_level-deep_level,1,0,42000010000,cv,5200,1300,0.9879104423097994,0.9710144927536232,0.9804878048780488,0.9617224880382776,0.9647058823529412
ddi_only_fusion,deep_level-deep_level,1,0,42000010000,cv,5200,1300,0.965079365079365,0.9662921348314608,0.9772727272727272,0.9555555555555556,0.9491525423728814
ddi_only_topo_only,overall,1,0,42000010000,cv,5200,1300,0.9389420118343196,0.8593508500772797,0.8633540372670807,0.8553846153846154,0.86
ddi_only_topo_only,low_level-low_level,1,0,42000010000,cv,5200,1300,0.961111111111111,0.8125,0.7647058823529411,0.8666666666666667,0.8461538461538461
ddi_only_topo_only,low_level-mid_level,1,0,42000010000,cv,5200,1300,0.9211962012527783,0.7537688442211056,0.7653061224489796,0.7425742574257426,0.835016835016835
ddi_only_topo_only,low_level-deep_level,1,0,42000010000,cv,5200,1300,0.9659090909090908,0.9,0.8571428571428571,0.9473684210526316,0.902439024390244
ddi_only_topo_only,mid_level-mid_level,1,0,42000010000,cv,5200,1300,0.9347073145639724,0.8677685950413223,0.8677685950413223,0.8677685950413223,0.8674948240165632
ddi_only_topo_only,mid_level-deep_level,1,0,42000010000,cv,5200,1300,0.9334526461886848,0.8813559322033898,0.8921568627450981,0.8708133971291866,0.8558823529411764
ddi_only_topo_only,deep_level-deep_level,1,0,42000010000,cv,5200,1300,0.9857142857142858,0.9302325581395348,0.975609756097561,0.8888888888888888,0.8983050847457628
mesh_only,overall,1,0,42000010000,cv,5200,1300,0.9621609467455622,0.8990129081245254,0.8875562218890555,0.9107692307692308,0.8976923076923077
mesh_only,low_level-low_level,1,0,42000010000,cv,5200,1300,0.9805555555555556,0.8666666666666667,0.8666666666666667,0.8666666666666667,0.8974358974358975
mesh_only,low_level-mid_level,1,0,42000010000,cv,5200,1300,0.949838351182057,0.8356807511737089,0.7946428571428571,0.8811881188118812,0.8821548821548821
mesh_only,low_level-deep_level,1,0,42000010000,cv,5200,1300,0.964712918660287,0.8918918918918919,0.9166666666666666,0.868421052631579,0.902439024390244
mesh_only,mid_level-mid_level,1,0,42000010000,cv,5200,1300,0.961301052775968,0.8879837067209776,0.8755020080321285,0.9008264462809916,0.8861283643892339
mesh_only,mid_level-deep_level,1,0,42000010000,cv,5200,1300,0.971912779867782,0.9496402877697842,0.9519230769230768,0.9473684210526316,0.9382352941176472
mesh_only,deep_level-deep_level,1,0,42000010000,cv,5200,1300,0.8904761904761904,0.8913043478260869,0.8723404255319149,0.9111111111111112,0.8305084745762712
common_neighbors,overall,1,0,42000010000,cv,5200,1300,0.9079550295857988,0.8179012345679012,0.8204334365325078,0.8153846153846154,0.8184615384615385
common_neighbors,low_level-low_level,1,0,42000010000,cv,5200,1300,0.9027777777777778,0.7142857142857143,0.7692307692307693,0.6666666666666666,0.7948717948717948
common_neighbors,low_level-mid_level,1,0,42000010000,cv,5200,1300,0.8717165083855324,0.7422680412371134,0.7741935483870968,0.7128712871287128,0.8316498316498316
common_neighbors,low_level-deep_level,1,0,42000010000,cv,5200,1300,0.9084928229665072,0.8157894736842105,0.8157894736842105,0.8157894736842105,0.8292682926829268
common_neighbors,mid_level-mid_level,1,0,42000010000,cv,5200,1300,0.9051987243235828,0.8100208768267223,0.8185654008438819,0.8016528925619835,0.8115942028985508
common_neighbors,mid_level-deep_level,1,0,42000010000,cv,5200,1300,0.904945396106505,0.8411214953271028,0.821917808219178,0.861244019138756,0.8
common_neighbors,deep_level-deep_level,1,0,42000010000,cv,5200,1300,0.9587301587301588,0.945054945054945,0.9347826086956522,0.9555555555555556,0.9152542372881356
degree_product,overall,1,0,42000010000,cv,5200,1300,0.8011952662721893,0.7521367521367521,0.6567164179104478,0.88,0.71
degree_product,low_level-low_level,1,0,42000010000,cv,5200,1300,0.7555555555555555,0.6666666666666666,0.6111111111111112,0.7333333333333333,0.717948717948718
degree_product,low_level-mid_level,1,0,42000010000,cv,5200,1300,0.7480299050313194,0.6015037593984962,0.4848484848484848,0.7920792079207921,0.6430976430976431
degree_product,low_level-deep_level,1,0,42000010000,cv,5200,1300,0.756578947368421,0.717391304347826,0.6111111111111112,0.868421052631579,0.6829268292682927
degree_product,mid_level-mid_level,1,0,42000010000,cv,5200,1300,0.7919652961146738,0.7495621716287215,0.6504559270516718,0.8842975206611571,0.7039337474120083
degree_product,mid_level-deep_level,1,0,42000010000,cv,5200,1300,0.8011979984659776,0.8179871520342612,0.7403100775193798,0.9138755980861244,0.75
degree_product,deep_level-deep_level,1,0,42000010000,cv,5200,1300,0.9111111111111112,0.9347826086956522,0.9148936170212766,0.9555555555555556,0.8983050847457628
negative_count,overall,1,0,42000010000,cv,5200,1300,0.9844946745562128,0.9419054996127032,0.9485179407176288,0.9353846153846154,0.9423076923076924
negative_count,low_level-low_level,1,0,42000010000,cv,5200,1300,0.9944444444444444,0.9375,0.8823529411764706,1.0,0.9487179487179488
negative_count,low_level-mid_level,1,0,42000010000,cv,5200,1300,0.986411396241665,0.9230769230769232,0.897196261682243,0.9504950495049505,0.9461279461279462
negative_count,low_level-deep_level,1,0,42000010000,cv,5200,1300,0.9706937799043062,0.9166666666666666,0.9705882352941176,0.868421052631579,0.926829268292683
negative_count,mid_level-mid_level,1,0,42000010000,cv,5200,1300,0.9877747676691472,0.9394572025052192,0.9493670886075948,0.9297520661157024,0.9399585921325052
negative_count,mid_level-deep_level,1,0,42000010000,cv,5200,1300,0.9843310566492568,0.9609756097560976,0.9800995024875622,0.9425837320574164,0.9529411764705882
negative_count,deep_level-deep_level,1,0,42000010000,cv,5200,1300,0.9595238095238094,0.9333333333333332,0.9333333333333332,0.9333333333333332,0.8983050847457628
full_fusion,overall,1,1,42001010000,cv,5200,1300,0.9921467455621302,0.9588828549262994,0.9671361502347418,0.9507692307692308,0.9592307692307692
full_fusion,low_level-low_level,1,1,42001010000,cv,5200,1300,1.0,0.96,0.9230769230769232,1.0,0.9743589743589745
full_fusion,low_level-mid_level,1,1,42001010000,cv,5200,1300,0.9932336182336184,0.9439252336448598,0.9528301886792452,0.9351851851851852,0.9586206896551724
full_fusion,low_level-deep_level,1,1,42001010000,cv,5200,1300,0.9883720930232558,0.9295774647887324,1.0,0.868421052631579,0.9382716049382716
full_fusion,mid_level-mid_level,1,1,42001010000,cv,5200,1300,0.9899790818634102,0.9563567362428842,0.9581749049429658,0.9545454545454546,0.956766917293233
full_fusion,mid_level-deep_level,1,1,42001010000,cv,5200,1300,0.9915966386554622,0.969187675070028,0.9774011299435028,0.9611111111111112,0.9632107023411371
full_fusion,deep_level-deep_level,1,1,42001010000,cv,5200,1300,1.0,0.9894736842105264,1.0,0.9791666666666666,0.9830508474576272
full_topo_only,overall,1,1,42001010000,cv,5200,1300,0.9548260355029584,0.8821233411397346,0.8954041204437401,0.8692307692307693,0.8838461538461538
full_topo_only,low_level-low_level,1,1,42001010000,cv,5200,1300,0.9567901234567902,0.9166666666666666,0.9166666666666666,0.9166666666666666,0.9487179487179488
full_topo_only,low_level-mid_level,1,1,42001010000,cv,5200,1300,0.9465303215303216,0.8421052631578947,0.8712871287128713,0.8148148148148148,0.8862068965517241
full_topo_only,low_level-deep_level,1,1,42001010000,cv,5200,1300,0.9449204406364748,0.8648648648648649,0.8888888888888888,0.8421052631578947,0.8765432098765432
full_topo_only,mid_level-mid_level,1,1,42001010000,cv,5200,1300,0.9474502487562187,0.8647619047619047,0.8697318007662835,0.8598484848484849,0.8665413533834586
full_topo_only,mid_level-deep_level,1,1,42001010000,cv,5200,1300,0.9591036414565826,0.9217877094972068,0.9269662921348316,0.9166666666666666,0.9063545150501672
full_topo_only,deep_level-deep_level,1,1,42001010000,cv,5200,1300,0.9753787878787878,0.9230769230769232,0.9767441860465116,0.875,0.8813559322033898
no_ddi_fusion,overall,1,1,42001010000,cv,5200,1300,0.9877988165680474,0.955503512880562,0.9698890649762282,0.9415384615384615,0.956153846153846
no_ddi_fusion,low_level-low_level,1,1,42001010000,cv,5200,1300,1.0,1.0,1.0,1.0,1.0
no_ddi_fusion,low_level-mid_level,1,1,42001010000,cv,5200,1300,0.9786833536833536,0.941747572815534,0.9897959183673468,0.8981481481481481,0.9586206896551724
no_ddi_fusion,low_level-deep_level,1,1,42001010000,cv,5200,1300,0.9798041615667076,0.9295774647887324,1.0,0.868421052631579,0.9382716049382716
no_ddi_fusion,mid_level-mid_level,1,1,42001010000,cv,5200,1300,0.989244120307553,0.950191570881226,0.9612403100775194,0.9393939393939394,0.9511278195488722
no_ddi_fusion,mid_level-deep_level,1,1,42001010000,cv,5200,1300,0.9894491129785248,0.9725274725274724,0.9619565217391304,0.9833333333333332,0.9665551839464884
no_ddi_fusion,deep_level-deep_level,1,1,42001010000,cv,5200,1300,0.9943181818181818,0.9574468085106383,0.9782608695652174,0.9375,0.9322033898305084
no_ddi_topo_only,overall,1,1,42001010000,cv,5200,1300,0.8896863905325443,0.7980613893376414,0.8401360544217688,0.76,0.8076923076923077
no_ddi_topo_only,low_level-low_level,1,1,42001010000,cv,5200,1300,0.9814814814814816,0.8461538461538461,0.7857142857142857,0.9166666666666666,0.8974358974358975
no_ddi_topo_only,low_level-mid_level,1,1,42001010000,cv,5200,1300,0.8971815221815221,0.7939698492462312,0.8681318681318682,0.7314814814814815,0.8586206896551725
no_ddi_topo_only,low_level-deep_level,1,1,42001010000,cv,5200,1300,0.7851897184822522,0.6567164179104478,0.7586206896551724,0.5789473684210527,0.7160493827160493
no_ddi_topo_only,mid_level-mid_level,1,1,42001010000,cv,5200,1300,0.8891338760741746,0.8015414258188824,0.8156862745098039,0.7878787878787878,0.806390977443609
no_ddi_topo_only,mid_level-deep_level,1,1,42001010000,cv,5200,1300,0.8762371615312792,0.8058823529411765,0.85625,0.7611111111111111,0.7792642140468228
no_ddi_topo_only,deep_level-deep_level,1,1,42001010000,cv,5200,1300,0.9337121212121212,0.8505747126436781,0.9487179487179488,0.7708333333333334,0.7796610169491526
ddi_only_fusion,overall,1,1,42001010000,cv,5200,1300,0.990908875739645,0.9495268138801262,0.9741100323624596,0.926153846153846,0.9507692307692308
ddi_only_fusion,low_level-low_level,1,1,42001010000,cv,5200,1300,1.0,0.96,0.9230769230769232,1.0,0.9743589743589745
ddi_only_fusion,low_level-mid_level,1,1,42001010000,cv,5200,1300,0.9955738705738706,0.9423076923076924,0.98,0.9074074074074074,0.9586206896551724
ddi_only_fusion,low_level-deep_level,1,1,42001010000,cv,5200,1300,0.9785801713586292,0.9295774647887324,1.0,0.868421052631579,0.9382716049382716
ddi_only_fusion,mid_level-mid_level,1,1,42001010000,cv,5200,1300,0.9883254183627318,0.9400386847195358,0.9604743083003952,0.9204545454545454,0.9417293233082706
ddi_only_fusion,mid_level-deep_level,1,1,42001010000,cv,5200,1300,0.9896825396825396,0.9690140845070424,0.9828571428571428,0.9555555555555556,0.9632107023411371
ddi_only_fusion,deep_level-deep_level,1,1,42001010000,cv,5200,1300,1.0,0.9565217391304348,1.0,0.9166666666666666,0.9322033898305084
ddi_only_topo_only,overall,1,1,42001010000,cv,5200,1300,0.9452804733727812,0.8701594533029613,0.8590704647676162,0.8815384615384615,0.8684615384615385
ddi_only_topo_only,low_level-low_level,1,1,42001010000,cv,5200,1300,0.9876543209876544,0.9090909090909092,1.0,0.8333333333333334,0.9487179487179488
ddi_only_topo_only,low_level-mid_level,1,1,42001010000,cv,5200,1300,0.9314713064713064,0.7924528301886793,0.8076923076923077,0.7777777777777778,0.8482758620689655
ddi_only_topo_only,low_level-deep_level,1,1,42001010000,cv,5200,1300,0.8947368421052632,0.810126582278481,0.7804878048780488,0.8421052631578947,0.8148148148148148
ddi_only_topo_only,mid_level-mid_level,1,1,42001010000,cv,5200,1300,0.9485950927182272,0.8671586715867159,0.8453237410071942,0.8901515151515151,0.8646616541353384
ddi_only_topo_only,mid_level-deep_level,1,1,42001010000,cv,5200,1300,0.941690009337068,0.9051490514905148,0.8835978835978836,0.9277777777777778,0.882943143812709
ddi_only_topo_only,deep_level-deep_level,1,1,42001010000,cv,5200,1300,0.9848484848484848,0.967741935483871,1.0,0.9375,0.9491525423728814
mesh_only,overall,1,1,42001010000,cv,5200,1300,0.9686532544378698,0.898176291793313,0.8873873873873874,0.9092307692307692,0.8969230769230769
mesh_only,low_level-low_level,1,1,42001010000,cv,5200,1300,0.9969135802469136,0.8571428571428571,0.75,1.0,0.8974358974358975
mesh_only,low_level-mid_level,1,1,42001010000,cv,5200,1300,0.951973951973952,0.8416289592760181,0.8230088495575221,0.8611111111111112,0.8793103448275862
mesh_only,low_level-deep_level,1,1,42001010000,cv,5200,1300,0.9504283965728274,0.88,0.8918918918918919,0.868421052631579,0.8888888888888888
mesh_only,mid_level-mid_level,1,1,42001010000,cv,5200,1300,0.9733152419719584,0.9053803339517624,0.8872727272727273,0.9242424242424242,0.9041353383458648
mesh_only,mid_level-deep_level,1,1,42001010000,cv,5200,1300,0.9718954248366012,0.9166666666666666,0.9166666666666666,0.9166666666666666,0.8996655518394648
mesh_only,deep_level-deep_level,1,1,42001010000,cv,5200,1300,0.9848484848484848,0.946236559139785,0.9777777777777776,0.9166666666666666,0.9152542372881356
common_neighbors,overall,1,1,42001010000,cv,5200,1300,0.9106816568047338,0.8294797687861272,0.782016348773842,0.8830769230769231,0.8184615384615385
common_neighbors,low_level-low_level,1,1,42001010000,cv,5200,1300,0.8055555555555557,0.6666666666666666,1.0,0.5,0.8461538461538461
common_neighbors,low_level-mid_level,1,1,42001010000,cv,5200,1300,0.8554894179894181,0.7162790697674418,0.719626168224299,0.7129629629629629,0.7896551724137931
common_neighbors,low_level-deep_level,1,1,42001010000,cv,5200,1300,0.8733170134638923,0.7764705882352941,0.7021276595744681,0.868421052631579,0.7654320987654321
common_neighbors,mid_level-mid_level,1,1,42001010000,cv,5200,1300,0.920899762550882,0.8307692307692308,0.7570093457943925,0.9204545454545454,0.8139097744360902
common_neighbors,mid_level-deep_level,1,1,42001010000,cv,5200,1300,0.909126984126984,0.8727272727272727,0.8195121951219512,0.9333333333333332,0.8361204013377926
common_neighbors,deep_level-deep_level,1,1,42001010000,cv,5200,1300,0.9867424242424244,0.9791666666666666,0.9791666666666666,0.9791666666666666,0.9661016949152542
degree_product,overall,1,1,42001010000,cv,5200,1300,0.8116591715976331,0.7520107238605898,0.666270783847981,0.8630769230769231,0.7153846153846154
degree_product,low_level-low_level,1,1,42001010000,cv,5200,1300,0.6450617283950617,0.5,0.5,0.5,0.6923076923076923
degree_product,low_level-mid_level,1,1,42001010000,cv,5200,1300,0.7526455026455027,0.6260162601626016,0.5579710144927537,0.7129629629629629,0.6827586206896552
degree_product,low_level-deep_level,1,1,42001010000,cv,5200,1300,0.7423500611995104,0.7126436781609196,0.6326530612244898,0.8157894736842105,0.691358024691358
degree_product,mid_level-mid_level,1,1,42001010000,cv,5200,1300,0.8122314563545907,0.7456556082148499,0.6395663956639567,0.8939393939393939,0.6973684210526315
degree_product,mid_level-deep_level,1,1,42001010000,cv,5200,1300,0.804014939309057,0.8206388206388207,0.73568281938326,0.9277777777777778,0.7558528428093646
degree_product,deep_level-deep_level,1,1,42001010000,cv,5200,1300,0.9318181818181818,0.9263157894736842,0.9361702127659576,0.9166666666666666,0.8813559322033898
negative_count,overall,1,1,42001010000,cv,5200,1300,0.9844402366863906,0.940251572327044,0.9614147909967846,0.92,0.9415384615384615
negative_count,low_level-low_level,1,1,42001010000,cv,5200,1300,1.0,0.96,0.9230769230769232,1.0,0.9743589743589745
negative_count,low_level-mid_level,1,1,42001010000,cv,5200,1300,0.9793701668701668,0.9230769230769232,0.96,0.8888888888888888,0.9448275862068966
negative_count,low_level-deep_level,1,1,42001010000,cv,5200,1300,0.9758261933904528,0.918918918918919,0.9444444444444444,0.8947368421052632,0.925925925925926
negative_count,mid_level-mid_level,1,1,42001010000,cv,5200,1300,0.985583446404342,0.9323017408123792,0.9525691699604744,0.9128787878787878,0.9342105263157896
negative_count,mid_level-deep_level,1,1,42001010000,cv,5200,1300,0.9833333333333334,0.9577464788732394,0.9714285714285714,0.9444444444444444,0.9498327759197324
negative_count,deep_level-deep_level,1,1,42001010000,cv,5200,1300,0.981060606060606,0.967741935483871,1.0,0.9375,0.9491525423728814
full_fusion,overall,1,2,42002010000,cv,5200,1300,0.9833491124260356,0.954337899543379,0.9442771084337348,0.9646153846153848,0.953846153846154
full_fusion,low_level-low_level,1,2,42002010000,cv,5200,1300,0.991161616161616,0.9583333333333334,0.9583333333333334,0.9583333333333334,0.9649122807017544
full_fusion,low_level-mid_level,1,2,42002010000,cv,5200,1300,0.973505775991964,0.9345794392523364,0.9615384615384616,0.9090909090909092,0.9518900343642612
full_fusion,low_level-deep_level,1,2,42002010000,cv,5200,1300,0.9983471074380164,0.967032967032967,0.9361702127659576,1.0,0.9696969696969696
full_fusion,mid_level-mid_level,1,2,42002010000,cv,5200,1300,0.9889936001125256,0.960167714884696,0.950207468879668,0.9703389830508474,0.960167714884696
full_fusion,mid_level-deep_level,1,2,42002010000,cv,5200,1300,0.9678177120037584,0.9507389162561576,0.9278846153846154,0.9747474747474748,0.9388379204892966
full_fusion,deep_level-deep_level,1,2,42002010000,cv,5200,1300,1.0,0.9743589743589745,0.95,1.0,0.9591836734693876
full_topo_only,overall,1,2,42002010000,cv,5200,1300,0.9419763313609466,0.8692913385826772,0.8903225806451613,0.8492307692307692,0.8723076923076923
full_topo_only,low_level-low_level,1,2,42002010000,cv,5200,1300,0.946969696969697,0.7659574468085106,0.782608695652174,0.75,0.8070175438596491
full_topo_only,low_level-mid_level,1,2,42002010000,cv,5200,1300,0.9154193872425916,0.7981220657276995,0.8252427184466019,0.7727272727272727,0.852233676975945
full_topo_only,low_level-deep_level,1,2,42002010000,cv,5200,1300,0.9644628099173552,0.8888888888888888,0.972972972972973,0.8181818181818182,0.9090909090909092
full_topo_only,mid_level-mid_level,1,2,42002010000,cv,5200,1300,0.9443702088754484,0.8765957446808511,0.8803418803418803,0.8728813559322034,0.8784067085953878
full_topo_only,mid_level-deep_level,1,2,42002010000,cv,5200,1300,0.9468326677629004,0.9025641025641026,0.9166666666666666,0.8888888888888888,0.8837920489296636
full_topo_only,deep_level-deep_level,1,2,42002010000,cv,5200,1300,0.9425837320574164,0.8985507246376812,1.0,0.8157894736842105,0.8571428571428571
no_ddi_fusion,overall,1,2,42002010000,cv,5200,1300,0.9863491124260356,0.9469638739431206,0.946236559139785,0.9476923076923076,0.946923076923077
no_ddi_fusion,low_level-low_level,1,2,42002010000,cv,5200,1300,0.9886363636363636,0.96,0.9230769230769232,1.0,0.9649122807017544
no_ddi_fusion,low_level-mid_level,1,2,42002010000,cv,5200,1300,0.97945755901557,0.9315068493150684,0.9357798165137616,0.9272727272727272,0.9484536082474226
no_ddi_fusion,low_level-deep_level,1,2,42002010000,cv,5200,1300,0.9950413223140496,0.9555555555555556,0.9347826086956522,0.9772727272727272,0.9595959595959596
no_ddi_fusion,mid_level-mid_level,1,2,42002010000,cv,5200,1300,0.989292495956115,0.9513742071881608,0.9493670886075948,0.9533898305084746,0.9517819706498952
no_ddi_fusion,mid_level-deep_level,1,2,42002010000,cv,5200,1300,0.9766658836426276,0.9363867684478372,0.9435897435897436,0.9292929292929292,0.9235474006116208
no_ddi_fusion,deep_level-deep_level,1,2,42002010000,cv,5200,1300,1.0,1.0,1.0,1.0,1.0
no_ddi_topo_only,overall,1,2,42002010000,cv,5200,1300,0.8723834319526627,0.7745664739884393,0.8360071301247772,0.7215384615384616,0.79
no_ddi_topo_only,low_level-low_level,1,2,42002010000,cv,5200,1300,0.8421717171717171,0.6190476190476191,0.7222222222222222,0.5416666666666666,0.7192982456140351
no_ddi_topo_only,low_level-mid_level,1,2,42002010000,cv,5200,1300,0.8554997488699145,0.7164179104477612,0.7912087912087912,0.6545454545454545,0.8041237113402062
no_ddi_topo_only,low_level-deep_level,1,2,42002010000,cv,5200,1300,0.8210743801652893,0.725,0.8055555555555556,0.6590909090909091,0.7777777777777778
no_ddi_topo_only,mid_level-mid_level,1,2,42002010000,cv,5200,1300,0.876221956537028,0.7937915742793792,0.8325581395348837,0.7584745762711864,0.8050314465408805
no_ddi_topo_only,mid_level-deep_level,1,2,42002010000,cv,5200,1300,0.880275624461671,0.7989130434782609,0.8647058823529412,0.7424242424242424,0.7737003058103975
no_ddi_topo_only,deep_level-deep_level,1,2,42002010000,cv,5200,1300,0.8827751196172249,0.8405797101449275,0.935483870967742,0.7631578947368421,0.7755102040816326
ddi_only_fusion,overall,1,2,42002010000,cv,5200,1300,0.9814946745562132,0.9435114503816794,0.9363636363636364,0.9507692307692308,0.943076923076923
ddi_only_fusion,low_level-low_level,1,2,42002010000,cv,5200,1300,0.9886363636363638,0.96,0.9230769230769232,1.0,0.9649122807017544
ddi_only_fusion,low_level-mid_level,1,2,42002010000,cv,5200,1300,0.9683073832245104,0.9209302325581395,0.9428571428571428,0.9,0.9415807560137456
ddi_only_fusion,low_level-deep_level,1,2,42002010000,cv,5200,1300,0.9971074380165288,0.9545454545454546,0.9545454545454546,0.9545454545454546,0.9595959595959596
ddi_only_fusion,mid_level-mid_level,1,2,42002010000,cv,5200,1300,0.9870771502918628,0.9478079331941544,0.934156378600823,0.961864406779661,0.9475890985324948
ddi_only_fusion,mid_level-deep_level,1,2,42002010000,cv,5200,1300,0.9679351656095844,0.94,0.9306930693069309,0.9494949494949496,0.926605504587156
ddi_only_fusion,deep_level-deep_level,1,2,42002010000,cv,5200,1300,0.9976076555023924,0.9743589743589745,0.95,1.0,0.9591836734693876
ddi_only_topo_only,overall,1,2,42002010000,cv,5200,1300,0.9371337278106509,0.863003663003663,0.8237762237762237,0.9061538461538462,0.8561538461538462
ddi_only_topo_only,low_level-low_level,1,2,42002010000,cv,5200,1300,0.960858585858586,0.8846153846153846,0.8214285714285714,0.9583333333333334,0.8947368421052632
ddi_only_topo_only,low_level-mid_level,1,2,42002010000,cv,5200,1300,0.920894023103968,0.8198198198198198,0.8125,0.8272727272727273,0.8625429553264605
ddi_only_topo_only,low_level-deep_level,1,2,42002010000,cv,5200,1300,0.9458677685950412,0.8247422680412371,0.7547169811320755,0.9090909090909092,0.8282828282828283
ddi_only_topo_only,mid_level-mid_level,1,2,42002010000,cv,5200,1300,0.942066952668964,0.8821138211382114,0.84765625,0.9194915254237288,0.8784067085953878
ddi_only_topo_only,mid_level-deep_level,1,2,42002010000,cv,5200,1300,0.9293320804948711,0.8679245283018868,0.8141592920353983,0.9292929292929292,0.8287461773700305
ddi_only_topo_only,deep_level-deep_level,1,2,42002010000,cv,5200,1300,0.854066985645933,0.8717948717948718,0.85,0.8947368421052632,0.7959183673469388
mesh_only,overall,1,2,42002010000,cv,5200,1300,0.9669798816568048,0.90936329588015,0.8861313868613139,0.933846153846154,0.9069230769230768
mesh_only,low_level-low_level,1,2,42002010000,cv,5200,1300,0.9570707070707072,0.88,0.8461538461538461,0.9166666666666666,0.8947368421052632
mesh_only,low_level-mid_level,1,2,42002010000,cv,5200,1300,0.9516825715720744,0.8597285067873304,0.8558558558558559,0.8636363636363636,0.8934707903780069
mesh_only,low_level-deep_level,1,2,42002010000,cv,5200,1300,0.9904958677685952,0.9333333333333332,0.9130434782608696,0.9545454545454546,0.9393939393939394
mesh_only,mid_level-mid_level,1,2,42002010000,cv,5200,1300,0.9678950699767916,0.9102296450939458,0.897119341563786,0.923728813559322,0.909853249475891
mesh_only,mid_level-deep_level,1,2,42002010000,cv,5200,1300,0.9584997259415864,0.920863309352518,0.8767123287671232,0.9696969696969696,0.8990825688073395
mesh_only,deep_level-deep_level,1,2,42002010000,cv,5200,1300,0.9904306220095692,0.9743589743589745,0.95,1.0,0.9591836734693876
common_neighbors,overall,1,2,42002010000,cv,5200,1300,0.8951952662721893,0.7972768532526475,0.7842261904761905,0.8107692307692308,0.7938461538461539
common_neighbors,low_level-low_level,1,2,42002010000,cv,5200,1300,0.952020202020202,0.8,0.8571428571428571,0.75,0.8421052631578947
common_neighbors,low_level-mid_level,1,2,42002010000,cv,5200,1300,0.86401305876444,0.6919431279620853,0.7227722772277227,0.6636363636363637,0.7766323024054983
common_neighbors,low_level-deep_level,1,2,42002010000,cv,5200,1300,0.8764462809917355,0.7446808510638298,0.7,0.7954545454545454,0.7575757575757576
common_neighbors,mid_level-mid_level,1,2,42002010000,cv,5200,1300,0.8997028623672552,0.8151260504201681,0.8083333333333333,0.8220338983050848,0.8155136268343816
common_neighbors,mid_level-deep_level,1,2,42002010000,cv,5200,1300,0.8866768459791715,0.8285714285714286,0.7837837837837838,0.8787878787878788,0.7798165137614679
common_neighbors,deep_level-deep_level,1,2,42002010000,cv,5200,1300,0.9114832535885168,0.868421052631579,0.868421052631579,0.868421052631579,0.7959183673469388
degree_product,overall,1,2,42002010000,cv,5200,1300,0.7784674556213018,0.7353535353535353,0.6538922155688622,0.84,0.6976923076923077
degree_product,low_level-low_level,1,2,42002010000,cv,5200,1300,0.8080808080808082,0.7083333333333334,0.7083333333333334,0.7083333333333334,0.7543859649122807
degree_product,low_level-mid_level,1,2,42002010000,cv,5200,1300,0.7340532395781015,0.6072874493927125,0.5474452554744526,0.6818181818181818,0.6666666666666666
degree_product,low_level-deep_level,1,2,42002010000,cv,5200,1300,0.7376033057851239,0.6857142857142857,0.5901639344262295,0.8181818181818182,0.6666666666666666
degree_product,mid_level-mid_level,1,2,42002010000,cv,5200,1300,0.8010408608200296,0.7355072463768116,0.6424050632911392,0.8601694915254238,0.6939203354297694
degree_product,mid_level-deep_level,1,2,42002010000,cv,5200,1300,0.7550309294495341,0.7893569844789357,0.7035573122529645,0.898989898989899,0.709480122324159
degree_product,deep_level-deep_level,1,2,42002010000,cv,5200,1300,0.6435406698564594,0.902439024390244,0.8409090909090909,0.9736842105263158,0.8367346938775511
negative_count,overall,1,2,42002010000,cv,5200,1300,0.9857621301775148,0.9435114503816794,0.9363636363636364,0.9507692307692308,0.943076923076923
negative_count,low_level-low_level,1,2,42002010000,cv,5200,1300,0.985479797979798,0.92,0.8846153846153846,0.9583333333333334,0.9298245614035088
negative_count,low_level-mid_level,1,2,42002010000,cv,5200,1300,0.9699899547965846,0.912442396313364,0.9252336448598132,0.9,0.9347079037800688
negative_count,low_level-deep_level,1,2,42002010000,cv,5200,1300,0.9989669421487604,0.9777777777777776,0.9565217391304348,1.0,0.9797979797979798
negative_count,mid_level-mid_level,1,2,42002010000,cv,5200,1300,0.986567269146916,0.9364406779661016,0.9364406779661016,0.9364406779661016,0.9371069182389936
negative_count,mid_level-deep_level,1,2,42002010000,cv,5200,1300,0.9871779813640278,0.9580246913580248,0.9371980676328504,0.9797979797979798,0.9480122324159022
negative_count,deep_level-deep_level,1,2,42002010000,cv,5200,1300,0.971291866028708,0.9736842105263158,0.9736842105263158,0.9736842105263158,0.9591836734693876
full_fusion,overall,1,3,42003010000,cv,5200,1300,0.9897656804733728,0.96024941543258,0.9731437598736176,0.9476923076923076,0.9607692307692308
full_fusion,low_level-low_level,1,3,42003010000,cv,5200,1300,0.9595238095238094,0.975609756097561,1.0,0.9523809523809524,0.9836065573770492
full_fusion,low_level-mid_level,1,3,42003010000,cv,5200,1300,0.9867574126833386,0.9292035398230089,0.963302752293578,0.8974358974358975,0.942652329749104
full_fusion,low_level-deep_level,1,3,42003010000,cv,5200,1300,0.9852607709750566,0.9523809523809524,0.9523809523809524,0.9523809523809524,0.961904761904762
full_fusion,mid_level-mid_level,1,3,42003010000,cv,5200,1300,0.9878356400809852,0.959349593495935,0.97119341563786,0.9477911646586346,0.959266802443992
full_fusion,mid_level-deep_level,1,3,42003010000,cv,5200,1300,0.9957013959822948,0.9717514124293786,0.9772727272727272,0.9662921348314608,0.967741935483871
full_fusion,deep_level-deep_level,1,3,42003010000,cv,5200,1300,1.0,1.0,1.0,1.0,1.0
full_topo_only,overall,1,3,42003010000,cv,5200,1300,0.937192899408284,0.862015503875969,0.86875,0.8553846153846154,0.8630769230769231
full_topo_only,low_level-low_level,1,3,42003010000,cv,5200,1300,0.9107142857142856,0.6666666666666666,0.8,0.5714285714285714,0.8032786885245902
full_topo_only,low_level-mid_level,1,3,42003010000,cv,5200,1300,0.9296718370792444,0.8070175438596491,0.8288288288288288,0.7863247863247863,0.8422939068100358
full_topo_only,low_level-deep_level,1,3,42003010000,cv,5200,1300,0.9489795918367346,0.8780487804878049,0.9,0.8571428571428571,0.9047619047619048
full_topo_only,mid_level-mid_level,1,3,42003010000,cv,5200,1300,0.9220020578180492,0.8577154308617234,0.856,0.8594377510040161,0.8553971486761711
full_topo_only,mid_level-deep_level,1,3,42003010000,cv,5200,1300,0.9521195097037792,0.8938547486033519,0.8888888888888888,0.898876404494382,0.8774193548387097
full_topo_only,deep_level-deep_level,1,3,42003010000,cv,5200,1300,0.9323467230443974,0.9655172413793104,0.9545454545454546,0.9767441860465116,0.9444444444444444
no_ddi_fusion,overall,1,3,42003010000,cv,5200,1300,0.9915491124260356,0.9572393098274568,0.9341142020497804,0.9815384615384616,0.956153846153846
no_ddi_fusion,low_level-low_level,1,3,42003010000,cv,5200,1300,0.9547619047619048,0.975609756097561,1.0,0.9523809523809524,0.9836065573770492
no_ddi_fusion,low_level-mid_level,1,3,42003010000,cv,5200,1300,0.9929302521895116,0.95,0.926829268292683,0.9743589743589745,0.956989247311828
no_ddi_fusion,low_level-deep_level,1,3,42003010000,cv,5200,1300,0.9988662131519276,0.9655172413793104,0.9333333333333332,1.0,0.9714285714285714
no_ddi_fusion,mid_level-mid_level,1,3,42003010000,cv,5200,1300,0.9888977397192074,0.9512670565302144,0.9242424242424242,0.9799196787148594,0.9490835030549898
no_ddi_fusion,mid_level-deep_level,1,3,42003010000,cv,5200,1300,0.9942117807286348,0.958904109589041,0.9358288770053476,0.9831460674157304,0.9516129032258064
no_ddi_fusion,deep_level-deep_level,1,3,42003010000,cv,5200,1300,0.9978858350951374,0.9885057471264368,0.9772727272727272,1.0,0.9814814814814816
no_ddi_topo_only,overall,1,3,42003010000,cv,5200,1300,0.8505420118343197,0.7516129032258064,0.7898305084745763,0.7169230769230769,0.7630769230769231
no_ddi_topo_only,low_level-low_level,1,3,42003010000,cv,5200,1300,0.7404761904761904,0.631578947368421,0.7058823529411765,0.5714285714285714,0.7704918032786885
no_ddi_topo_only,low_level-mid_level,1,3,42003010000,cv,5200,1300,0.8269494565790861,0.6985645933014354,0.7934782608695652,0.6239316239316239,0.7741935483870968
no_ddi_topo_only,low_level-deep_level,1,3,42003010000,cv,5200,1300,0.8665910808767952,0.7560975609756098,0.775,0.7380952380952381,0.8095238095238095
no_ddi_topo_only,mid_level-mid_level,1,3,42003010000,cv,5200,1300,0.8386106409107504,0.7291666666666666,0.7575757575757576,0.7028112449799196,0.7352342158859471
no_ddi_topo_only,mid_level-deep_level,1,3,42003010000,cv,5200,1300,0.8578481443649983,0.7953890489913544,0.8165680473372781,0.7752808988764045,0.7709677419354839
no_ddi_topo_only,deep_level-deep_level,1,3,42003010000,cv,5200,1300,0.813953488372093,0.8809523809523809,0.902439024390244,0.8604651162790697,0.8148148148148148
ddi_only_fusion,overall,1,3,42003010000,cv,5200,1300,0.9908899408284024,0.9563218390804598,0.9526717557251908,0.96,0.956153846153846
ddi_only_fusion,low_level-low_level,1,3,42003010000,cv,5200,1300,0.9654761904761904,0.9523809523809524,0.9523809523809524,0.9523809523809524,0.9672131147540984
ddi_only_fusion,low_level-mid_level,1,3,42003010000,cv,5200,1300,0.992349899757307,0.944206008583691,0.9482758620689656,0.9401709401709402,0.953405017921147
ddi_only_fusion,low_level-deep_level,1,3,42003010000,cv,5200,1300,0.9931972789115646,0.9523809523809524,0.9523809523809524,0.9523809523809524,0.961904761904762
ddi_only_fusion,mid_level-mid_level,1,3,42003010000,cv,5200,1300,0.985678250190846,0.944,0.9402390438247012,0.9477911646586346,0.9429735234215886
ddi_only_fusion,mid_level-deep_level,1,3,42003010000,cv,5200,1300,0.9962972420837588,0.9722222222222222,0.9615384615384616,0.9831460674157304,0.967741935483871
ddi_only_fusion,deep_level-deep_level,1,3,42003010000,cv,5200,1300,1.0,1.0,1.0,1.0,1.0
ddi_only_topo_only,overall,1,3,42003010000,cv,5200,1300,0.93476449704142,0.8746177370030581,0.8693009118541033,0.88,0.8738461538461538
ddi_only_topo_only,low_level-low_level,1,3,42003010000,cv,5200,1300,0.9464285714285714,0.8837209302325582,0.8636363636363636,0.9047619047619048,0.918032786885246
ddi_only_topo_only,low_level-mid_level,1,3,42003010000,cv,5200,1300,0.9280362984066688,0.8434782608695652,0.8584070796460177,0.8290598290598291,0.8709677419354839
ddi_only_topo_only,low_level-deep_level,1,3,42003010000,cv,5200,1300,0.8922902494331065,0.725,0.7631578947368421,0.6904761904761905,0.7904761904761904
ddi_only_topo_only,mid_level-mid_level,1,3,42003010000,cv,5200,1300,0.9261591821832784,0.8717948717948718,0.8565891472868217,0.8875502008032129,0.8676171079429735
ddi_only_topo_only,mid_level-deep_level,1,3,42003010000,cv,5200,1300,0.9439904664623766,0.9111111111111112,0.9010989010989012,0.9213483146067416,0.896774193548387
ddi_only_topo_only,deep_level-deep_level,1,3,42003010000,cv,5200,1300,0.949260042283298,0.9545454545454546,0.9333333333333332,0.9767441860465116,0.925925925925926
mesh_only,overall,1,3,42003010000,cv,5200,1300,0.9691455621301776,0.9115853658536586,0.9033232628398792,0.92,0.9107692307692308
mesh_only,low_level-low_level,1,3,42003010000,cv,5200,1300,0.9797619047619048,0.926829268292683,0.95,0.9047619047619048,0.9508196721311476
mesh_only,low_level-mid_level,1,3,42003010000,cv,5200,1300,0.9668671520523372,0.8820960698689956,0.9017857142857144,0.8632478632478633,0.9032258064516128
mesh_only,low_level-deep_level,1,3,42003010000,cv,5200,1300,0.9508692365835224,0.8604651162790697,0.8409090909090909,0.8809523809523809,0.8857142857142857
mesh_only,mid_level-mid_level,1,3,42003010000,cv,5200,1300,0.9605280626638788,0.9001956947162426,0.8778625954198473,0.923694779116466,0.8961303462321792
mesh_only,mid_level-deep_level,1,3,42003010000,cv,5200,1300,0.9810180456247872,0.9467787114845938,0.9441340782122905,0.949438202247191,0.9387096774193548
mesh_only,deep_level-deep_level,1,3,42003010000,cv,5200,1300,0.9830866807610994,0.9545454545454546,0.9333333333333332,0.9767441860465116,0.925925925925926
common_neighbors,overall,1,3,42003010000,cv,5200,1300,0.8976071005917161,0.8285302593659942,0.7791327913279132,0.8846153846153846,0.816923076923077
common_neighbors,low_level-low_level,1,3,42003010000,cv,5200,1300,0.9321428571428572,0.8444444444444444,0.7916666666666666,0.9047619047619048,0.8852459016393442
common_neighbors,low_level-mid_level,1,3,42003010000,cv,5200,1300,0.8758045795082832,0.774468085106383,0.7711864406779662,0.7777777777777778,0.8100358422939068
common_neighbors,low_level-deep_level,1,3,42003010000,cv,5200,1300,0.8597883597883598,0.7311827956989247,0.6666666666666666,0.8095238095238095,0.7619047619047619
common_neighbors,mid_level-mid_level,1,3,42003010000,cv,5200,1300,0.8856666334760529,0.8246268656716418,0.7700348432055749,0.8875502008032129,0.8085539714867617
common_neighbors,mid_level-deep_level,1,3,42003010000,cv,5200,1300,0.9149429690160028,0.8615384615384616,0.7924528301886793,0.9438202247191012,0.8258064516129032
common_neighbors,deep_level-deep_level,1,3,42003010000,cv,5200,1300,0.9238900634249472,0.9438202247191012,0.9130434782608696,0.9767441860465116,0.9074074074074074
degree_product,overall,1,3,42003010000,cv,5200,1300,0.7962568047337277,0.7470967741935484,0.6433333333333333,0.8907692307692308,0.6984615384615385
degree_product,low_level-low_level,1,3,42003010000,cv,5200,1300,0.7880952380952382,0.68,0.5862068965517241,0.8095238095238095,0.7377049180327869
degree_product,low_level-mid_level,1,3,42003010000,cv,5200,1300,0.7536667721852908,0.6548042704626335,0.5609756097560976,0.7863247863247863,0.6523297491039427
degree_product,low_level-deep_level,1,3,42003010000,cv,5200,1300,0.6999244142101284,0.6727272727272727,0.5441176470588235,0.8809523809523809,0.6571428571428571
degree_product,mid_level-mid_level,1,3,42003010000,cv,5200,1300,0.7948488167546217,0.7475083056478405,0.6373937677053825,0.9036144578313252,0.6904276985743381
degree_product,mid_level-deep_level,1,3,42003010000,cv,5200,1300,0.8213951310861423,0.8038277511961722,0.7,0.9438202247191012,0.7354838709677419
degree_product,deep_level-deep_level,1,3,42003010000,cv,5200,1300,0.8287526427061311,0.898876404494382,0.8695652173913043,0.9302325581395348,0.8333333333333334
negative_count,overall,1,3,42003010000,cv,5200,1300,0.986863905325444,0.9311377245508982,0.9067055393586004,0.9569230769230768,0.9292307692307692
negative_count,low_level-low_level,1,3,42003010000,cv,5200,1300,0.9696428571428573,0.8837209302325582,0.8636363636363636,0.9047619047619048,0.918032786885246
negative_count,low_level-mid_level,1,3,42003010000,cv,5200,1300,0.9857549857549858,0.9166666666666666,0.8943089430894309,0.9401709401709402,0.92831541218638
negative_count,low_level-deep_level,1,3,42003010000,cv,5200,1300,0.981103552532124,0.8941176470588236,0.8837209302325582,0.9047619047619048,0.9142857142857144
negative_count,mid_level-mid_level,1,3,42003010000,cv,5200,1300,0.9883915828603672,0.9325626204238922,0.8962962962962963,0.9718875502008032,0.9287169042769856
negative_count,mid_level-deep_level,1,3,42003010000,cv,5200,1300,0.9874872318692542,0.9447513812154696,0.9293478260869564,0.9606741573033708,0.935483870967742
negative_count,deep_level-deep_level,1,3,42003010000,cv,5200,1300,0.9957716701902748,0.9655172413793104,0.9545454545454546,0.9767441860465116,0.9444444444444444
full_fusion,overall,1,4,42004010000,cv,5200,1300,0.9898745562130178,0.9565879664889566,0.947209653092006,0.966153846153846,0.956153846153846
full_fusion,low_level-low_level,1,4,42004010000,cv,5200,1300,0.9976851851851852,0.9411764705882352,1.0,0.8888888888888888,0.9523809523809524
full_fusion,low_level-mid_level,1,4,42004010000,cv,5200,1300,0.9970295299668006,0.9587628865979382,0.9587628865979382,0.9587628865979382,0.9708029197080292
full_fusion,low_level-deep_level,1,4,42004010000,cv,5200,1300,0.9918546365914788,0.9655172413793104,0.9491525423728814,0.9824561403508772,0.9646017699115044
full_fusion,mid_level-mid_level,1,4,42004010000,cv,5200,1300,0.9880359750431436,0.9531568228105908,0.9435483870967742,0.9629629629629628,0.9531568228105908
full_fusion,mid_level-deep_level,1,4,42004010000,cv,5200,1300,0.9846110118564236,0.9606299212598424,0.9481865284974094,0.973404255319149,0.9529780564263324
full_fusion,deep_level-deep_level,1,4,42004010000,cv,5200,1300,0.9832826747720363,0.9484536082474226,0.92,0.9787234042553192,0.918032786885246
full_topo_only,overall,1,4,42004010000,cv,5200,1300,0.9519550295857988,0.8804265041888805,0.8717948717948718,0.8892307692307693,0.8792307692307693
full_topo_only,low_level-low_level,1,4,42004010000,cv,5200,1300,0.9560185185185184,0.9142857142857144,0.9411764705882352,0.8888888888888888,0.9285714285714286
full_topo_only,low_level-mid_level,1,4,42004010000,cv,5200,1300,0.9476964296115092,0.8059701492537313,0.7788461538461539,0.8350515463917526,0.8576642335766423
full_topo_only,low_level-deep_level,1,4,42004010000,cv,5200,1300,0.9592731829573936,0.8869565217391304,0.8793103448275862,0.8947368421052632,0.8849557522123894
full_topo_only,mid_level-mid_level,1,4,42004010000,cv,5200,1300,0.9550975706889684,0.8866396761133604,0.8725099601593626,0.9012345679012346,0.8859470468431772
full_topo_only,mid_level-deep_level,1,4,42004010000,cv,5200,1300,0.9382004222835796,0.8936170212765957,0.8936170212765957,0.8936170212765957,0.8746081504702194
full_topo_only,deep_level-deep_level,1,4,42004010000,cv,5200,1300,0.9270516717325228,0.9347826086956522,0.9555555555555556,0.9148936170212766,0.9016393442622952
no_ddi_fusion,overall,1,4,42004010000,cv,5200,1300,0.9942792899408284,0.9685341519570224,0.9663093415007658,0.9707692307692308,0.9684615384615384
no_ddi_fusion,low_level-low_level,1,4,42004010000,cv,5200,1300,0.9930555555555556,0.9714285714285714,1.0,0.9444444444444444,0.9761904761904762
no_ddi_fusion,low_level-mid_level,1,4,42004010000,cv,5200,1300,0.9992428213640864,0.9844559585492229,0.9895833333333334,0.979381443298969,0.9890510948905108
no_ddi_fusion,low_level-deep_level,1,4,42004010000,cv,5200,1300,0.9974937343358397,0.9824561403508772,0.9824561403508772,0.9824561403508772,0.9823008849557522
no_ddi_fusion,mid_level-mid_level,1,4,42004010000,cv,5200,1300,0.9932463825833002,0.9649484536082474,0.9669421487603306,0.9629629629629628,0.9653767820773932
no_ddi_fusion,mid_level-deep_level,1,4,42004010000,cv,5200,1300,0.9914325158356342,0.963157894736842,0.953125,0.973404255319149,0.9561128526645768
no_ddi_fusion,deep_level-deep_level,1,4,42004010000,cv,5200,1300,0.9893617021276596,0.9583333333333334,0.9387755102040816,0.9787234042553192,0.9344262295081968
no_ddi_topo_only,overall,1,4,42004010000,cv,5200,1300,0.8681325443786981,0.7620660457239627,0.847457627118644,0.6923076923076923,0.7838461538461539
no_ddi_topo_only,low_level-low_level,1,4,42004010000,cv,5200,1300,0.8402777777777779,0.6,0.75,0.5,0.7142857142857143
no_ddi_topo_only,low_level-mid_level,1,4,42004010000,cv,5200,1300,0.8392451511445047,0.6705882352941176,0.7808219178082192,0.5876288659793815,0.7956204379562044
no_ddi_topo_only,low_level-deep_level,1,4,42004010000,cv,5200,1300,0.8715538847117794,0.7722772277227723,0.8863636363636364,0.6842105263157895,0.7964601769911505
no_ddi_topo_only,mid_level-mid_level,1,4,42004010000,cv,5200,1300,0.8655582105402895,0.7675438596491229,0.8215962441314554,0.720164609053498,0.7841140529531568
no_ddi_topo_only,mid_level-deep_level,1,4,42004010000,cv,5200,1300,0.8718531752476856,0.7941176470588235,0.8881578947368421,0.7180851063829787,0.780564263322884
no_ddi_topo_only,deep_level-deep_level,1,4,42004010000,cv,5200,1300,0.8586626139817628,0.8333333333333334,0.945945945945946,0.7446808510638298,0.7704918032786885
ddi_only_fusion,overall,1,4,42004010000,cv,5200,1300,0.9911881656804734,0.9515011547344112,0.9522342064714946,0.9507692307692308,0.9515384615384616
ddi_only_fusion,low_level-low_level,1,4,42004010000,cv,5200,1300,0.9861111111111112,0.9090909090909092,1.0,0.8333333333333334,0.9285714285714286
ddi_only_fusion,low_level-mid_level,1,4,42004010000,cv,5200,1300,0.9965053293727066,0.9435897435897436,0.9387755102040816,0.9484536082474226,0.95985401459854
ddi_only_fusion,low_level-deep_level,1,4,42004010000,cv,5200,1300,0.9987468671679196,0.9824561403508772,0.9824561403508772,0.9824561403508772,0.9823008849557522
ddi_only_fusion,mid_level-mid_level,1,4,42004010000,cv,5200,1300,0.9889818133545732,0.948024948024948,0.957983193277311,0.9382716049382716,0.9490835030549898
ddi_only_fusion,mid_level-deep_level,1,4,42004010000,cv,5200,1300,0.988305993178496,0.9526315789473684,0.9427083333333334,0.9627659574468084,0.9435736677115988
ddi_only_fusion,deep_level-deep_level,1,4,42004010000,cv,5200,1300,0.9878419452887536,0.9583333333333334,0.9387755102040816,0.9787234042553192,0.9344262295081968
ddi_only_topo_only,overall,1,4,42004010000,cv,5200,1300,0.933076923076923,0.8599105812220567,0.8338150289017341,0.8876923076923077,0.8553846153846154
ddi_only_topo_only,low_level-low_level,1,4,42004010000,cv,5200,1300,0.9120370370370372,0.8717948717948718,0.8095238095238095,0.9444444444444444,0.8809523809523809
ddi_only_topo_only,low_level-mid_level,1,4,42004010000,cv,5200,1300,0.9364552390937154,0.8058252427184466,0.7614678899082569,0.8556701030927835,0.8540145985401459
ddi_only_topo_only,low_level-deep_level,1,4,42004010000,cv,5200,1300,0.9025689223057644,0.8099173553719008,0.765625,0.8596491228070176,0.7964601769911505
ddi_only_topo_only,mid_level-mid_level,1,4,42004010000,cv,5200,1300,0.938354573211204,0.8669354838709677,0.849802371541502,0.8847736625514403,0.8655804480651731
ddi_only_topo_only,mid_level-deep_level,1,4,42004010000,cv,5200,1300,0.9219993503329544,0.8704663212435233,0.8484848484848485,0.8936170212765957,0.8432601880877743
ddi_only_topo_only,deep_level-deep_level,1,4,42004010000,cv,5200,1300,0.9665653495440728,0.9574468085106383,0.9574468085106383,0.9574468085106383,0.9344262295081968
mesh_only,overall,1,4,42004010000,cv,5200,1300,0.9743112426035504,0.920777279521674,0.8953488372093024,0.9476923076923076,0.9184615384615384
mesh_only,low_level-low_level,1,4,42004010000,cv,5200,1300,0.9722222222222224,0.8823529411764706,0.9375,0.8333333333333334,0.9047619047619048
mesh_only,low_level-mid_level,1,4,42004010000,cv,5200,1300,0.9861960510221912,0.8979591836734694,0.8888888888888888,0.9072164948453608,0.927007299270073
mesh_only,low_level-deep_level,1,4,42004010000,cv,5200,1300,0.9743107769423558,0.9391304347826088,0.9310344827586208,0.9473684210526316,0.9380530973451328
mesh_only,mid_level-mid_level,1,4,42004010000,cv,5200,1300,0.9741636798088412,0.9227722772277228,0.8893129770992366,0.9588477366255144,0.920570264765784
mesh_only,mid_level-deep_level,1,4,42004010000,cv,5200,1300,0.967090303719344,0.9230769230769232,0.8910891089108911,0.9574468085106383,0.9059561128526644
mesh_only,deep_level-deep_level,1,4,42004010000,cv,5200,1300,0.9407294832826748,0.9387755102040816,0.9019607843137256,0.9787234042553192,0.9016393442622952
common_neighbors,overall,1,4,42004010000,cv,5200,1300,0.9086142011834318,0.8138801261829653,0.8349514563106796,0.7938461538461539,0.8184615384615385
common_neighbors,low_level-low_level,1,4,42004010000,cv,5200,1300,0.900462962962963,0.7058823529411765,0.75,0.6666666666666666,0.7619047619047619
common_neighbors,low_level-mid_level,1,4,42004010000,cv,5200,1300,0.8955384704991555,0.6923076923076923,0.7411764705882353,0.6494845360824743,0.7956204379562044
common_neighbors,low_level-deep_level,1,4,42004010000,cv,5200,1300,0.8681077694235588,0.7567567567567568,0.7777777777777778,0.7368421052631579,0.7610619469026548
common_neighbors,mid_level-mid_level,1,4,42004010000,cv,5200,1300,0.9150404885171912,0.8351177730192719,0.8705357142857143,0.8024691358024691,0.8431771894093686
common_neighbors,mid_level-deep_level,1,4,42004010000,cv,5200,1300,0.9001745980185155,0.8481675392670157,0.8350515463917526,0.8617021276595744,0.8181818181818182
common_neighbors,deep_level-deep_level,1,4,42004010000,cv,5200,1300,0.9574468085106382,0.9130434782608696,0.9333333333333332,0.8936170212765957,0.8688524590163934
degree_product,overall,1,4,42004010000,cv,5200,1300,0.7988733727810651,0.7451763140385895,0.6565064478311841,0.8615384615384616,0.7053846153846154
degree_product,low_level-low_level,1,4,42004010000,cv,5200,1300,0.7731481481481481,0.6842105263157895,0.65,0.7222222222222222,0.7142857142857143
degree_product,low_level-mid_level,1,4,42004010000,cv,5200,1300,0.774186032966393,0.6244725738396625,0.5285714285714286,0.7628865979381443,0.6751824817518248
degree_product,low_level-deep_level,1,4,42004010000,cv,5200,1300,0.699874686716792,0.676923076923077,0.6027397260273972,0.7719298245614035,0.6283185840707964
degree_product,mid_level-mid_level,1,4,42004010000,cv,5200,1300,0.8114628965883446,0.7469458987783595,0.6484848484848484,0.8806584362139918,0.7046843177189409
degree_product,mid_level-deep_level,1,4,42004010000,cv,5200,1300,0.7869701153159007,0.802784222737819,0.7119341563786008,0.9202127659574468,0.7335423197492164
degree_product,deep_level-deep_level,1,4,42004010000,cv,5200,1300,0.8723404255319149,0.8936170212765957,0.8936170212765957,0.8936170212765957,0.8360655737704918
negative_count,overall,1,4,42004010000,cv,5200,1300,0.9836473372781064,0.9314242652599848,0.912850812407681,0.9507692307692308,0.93
negative_count,low_level-low_level,1,4,42004010000,cv,5200,1300,0.9583333333333334,0.9142857142857144,0.9411764705882352,0.8888888888888888,0.9285714285714286
negative_count,low_level-mid_level,1,4,42004010000,cv,5200,1300,0.9968839186906634,0.9591836734693876,0.9494949494949496,0.9690721649484536,0.9708029197080292
negative_count,low_level-deep_level,1,4,42004010000,cv,5200,1300,0.9760338345864662,0.912280701754386,0.912280701754386,0.912280701754386,0.911504424778761
negative_count,mid_level-mid_level,1,4,42004010000,cv,5200,1300,0.9846923536439663,0.9287169042769856,0.9193548387096774,0.9382716049382716,0.9287169042769856
negative_count,mid_level-deep_level,1,4,42004010000,cv,5200,1300,0.9758608088354718,0.9215189873417722,0.8792270531400966,0.9680851063829788,0.90282131661442
negative_count,deep_level-deep_level,1,4,42004010000,cv,5200,1300,0.9832826747720363,0.9583333333333334,0.9387755102040816,0.9787234042553192,0.9344262295081968
full_fusion,overall,2,0,42000020000,cv,5200,1300,0.989585798816568,0.956656346749226,0.9626168224299064,0.9507692307692308,0.9569230769230768
full_fusion,low_level-low_level,2,0,42000020000,cv,5200,1300,0.992063492063492,0.9523809523809524,0.9523809523809524,0.9523809523809524,0.9555555555555556
full_fusion,low_level-mid_level,2,0,42000020000,cv,5200,1300,0.9888520830679068,0.9405405405405406,0.956043956043956,0.925531914893617,0.9578544061302682
full_fusion,low_level-deep_level,2,0,42000020000,cv,5200,1300,0.9964539007092198,0.9714285714285714,1.0,0.9444444444444444,0.9702970297029704
full_fusion,mid_level-mid_level,2,0,42000020000,cv,5200,1300,0.9869692836812144,0.949290060851927,0.9551020408163264,0.9435483870967742,0.9519230769230768
full_fusion,mid_level-deep_level,2,0,42000020000,cv,5200,1300,0.9905223914117594,0.96398891966759,0.9666666666666668,0.9613259668508288,0.9572368421052632
full_fusion,deep_level-deep_level,2,0,42000020000,cv,5200,1300,0.990950226244344,0.981132075471698,0.9629629629629628,1.0,0.9710144927536232
full_topo_only,overall,2,0,42000020000,cv,5200,1300,0.9510497041420118,0.8777089783281734,0.883177570093458,0.8723076923076923,0.8784615384615385
full_topo_only,low_level-low_level,2,0,42000020000,cv,5200,1300,0.9464285714285714,0.8780487804878049,0.9,0.8571428571428571,0.8888888888888888
full_topo_only,low_level-mid_level,2,0,42000020000,cv,5200,1300,0.9540068798573068,0.8279569892473119,0.8369565217391305,0.8191489361702128,0.8773946360153256
full_topo_only,low_level-deep_level,2,0,42000020000,cv,5200,1300,0.954688731284476,0.8846153846153846,0.92,0.8518518518518519,0.8811881188118812
full_topo_only,mid_level-mid_level,2,0,42000020000,cv,5200,1300,0.9491965132827324,0.8717948717948718,0.8532818532818532,0.8911290322580645,0.875
full_topo_only,mid_level-deep_level,2,0,42000020000,cv,5200,1300,0.9451107218254504,0.8914285714285715,0.9230769230769232,0.861878453038674,0.875
full_topo_only,deep_level-deep_level,2,0,42000020000,cv,5200,1300,0.9423076923076924,0.9423076923076924,0.9423076923076924,0.9423076923076924,0.9130434782608696
no_ddi_fusion,overall,2,0,42000020000,cv,5200,1300,0.9877159763313608,0.945342571208622,0.946070878274268,0.9446153846153846,0.9453846153846154
no_ddi_fusion,low_level-low_level,2,0,42000020000,cv,5200,1300,0.996031746031746,0.95,1.0,0.9047619047619048,0.9555555555555556
no_ddi_fusion,low_level-mid_level,2,0,42000020000,cv,5200,1300,0.9863039877691426,0.936842105263158,0.9270833333333334,0.946808510638298,0.9540229885057472
no_ddi_fusion,low_level-deep_level,2,0,42000020000,cv,5200,1300,0.9862096138691884,0.9245283018867924,0.9423076923076924,0.9074074074074074,0.9207920792079208
no_ddi_fusion,mid_level-mid_level,2,0,42000020000,cv,5200,1300,0.989044710626186,0.949290060851927,0.9551020408163264,0.9435483870967742,0.9519230769230768
no_ddi_fusion,mid_level-deep_level,2,0,42000020000,cv,5200,1300,0.9833804967883932,0.945054945054945,0.9398907103825136,0.9502762430939228,0.9342105263157896
no_ddi_fusion,deep_level-deep_level,2,0,42000020000,cv,5200,1300,0.9875565610859728,0.9622641509433962,0.9444444444444444,0.9807692307692308,0.9420289855072465
no_ddi_topo_only,overall,2,0,42000020000,cv,5200,1300,0.8837988165680474,0.7671464860287892,0.8531073446327684,0.696923076923077,0.7884615384615384
no_ddi_topo_only,low_level-low_level,2,0,42000020000,cv,5200,1300,0.9206349206349206,0.7428571428571429,0.9285714285714286,0.6190476190476191,0.8
no_ddi_topo_only,low_level-mid_level,2,0,42000020000,cv,5200,1300,0.8283220792457637,0.6375,0.7727272727272727,0.5425531914893617,0.7777777777777778
no_ddi_topo_only,low_level-deep_level,2,0,42000020000,cv,5200,1300,0.8506698187549251,0.7526881720430108,0.8974358974358975,0.6481481481481481,0.7722772277227723
no_ddi_topo_only,mid_level-mid_level,2,0,42000020000,cv,5200,1300,0.8852585388994308,0.7685774946921444,0.8116591928251121,0.7298387096774194,0.7903846153846154
no_ddi_topo_only,mid_level-deep_level,2,0,42000020000,cv,5200,1300,0.8987108655616943,0.8134556574923547,0.910958904109589,0.7348066298342542,0.7993421052631579
no_ddi_topo_only,deep_level-deep_level,2,0,42000020000,cv,5200,1300,0.9015837104072398,0.8421052631578947,0.9302325581395348,0.7692307692307693,0.782608695652174
ddi_only_fusion,overall,2,0,42000020000,cv,5200,1300,0.9884059171597634,0.9584615384615384,0.9584615384615384,0.9584615384615384,0.9584615384615384
ddi_only_fusion,low_level-low_level,2,0,42000020000,cv,5200,1300,0.994047619047619,0.9523809523809524,0.9523809523809524,0.9523809523809524,0.9555555555555556
ddi_only_fusion,low_level-mid_level,2,0,42000020000,cv,5200,1300,0.9910179640718564,0.9513513513513514,0.967032967032967,0.9361702127659576,0.9655172413793104
ddi_only_fusion,low_level-deep_level,2,0,42000020000,cv,5200,1300,0.9881796690307328,0.9345794392523364,0.9433962264150944,0.925925925925926,0.9306930693069309
ddi_only_fusion,mid_level-mid_level,2,0,42000020000,cv,5200,1300,0.984656665085389,0.9574036511156186,0.963265306122449,0.9516129032258064,0.9596153846153846
ddi_only_fusion,mid_level-deep_level,2,0,42000020000,cv,5200,1300,0.9886807707856085,0.9645776566757494,0.9516129032258064,0.9779005524861878,0.9572368421052632
ddi_only_fusion,deep_level-deep_level,2,0,42000020000,cv,5200,1300,1.0,0.981132075471698,0.9629629629629628,1.0,0.9710144927536232
ddi_only_topo_only,overall,2,0,42000020000,cv,5200,1300,0.9324165680473372,0.849624060150376,0.8308823529411765,0.8692307692307693,0.8461538461538461
ddi_only_topo_only,low_level-low_level,2,0,42000020000,cv,5200,1300,0.9861111111111112,0.9302325581395348,0.9090909090909092,0.9523809523809524,0.9333333333333332
ddi_only_topo_only,low_level-mid_level,2,0,42000020000,cv,5200,1300,0.948719582112371,0.8082901554404145,0.7878787878787878,0.8297872340425532,0.8582375478927203
ddi_only_topo_only,low_level-deep_level,2,0,42000020000,cv,5200,1300,0.9271079590228528,0.8448275862068966,0.7903225806451613,0.9074074074074074,0.8217821782178217
ddi_only_topo_only,mid_level-mid_level,2,0,42000020000,cv,5200,1300,0.923046133776091,0.8408644400785854,0.8199233716475096,0.8629032258064516,0.8442307692307692
ddi_only_topo_only,mid_level-deep_level,2,0,42000020000,cv,5200,1300,0.907963886268697,0.8516483516483516,0.8469945355191257,0.856353591160221,0.8223684210526315
ddi_only_topo_only,deep_level-deep_level,2,0,42000020000,cv,5200,1300,0.9524886877828054,0.9333333333333332,0.9245283018867924,0.9423076923076924,0.8985507246376812
mesh_only,overall,2,0,42000020000,cv,5200,1300,0.9655668639053254,0.9104820198928844,0.9056316590563166,0.9153846153846154,0.91
mesh_only,low_level-low_level,2,0,42000020000,cv,5200,1300,0.9464285714285714,0.8372093023255814,0.8181818181818182,0.8571428571428571,0.8444444444444444
mesh_only,low_level-mid_level,2,0,42000020000,cv,5200,1300,0.954771308446936,0.8877005347593583,0.8924731182795699,0.8829787234042553,0.9195402298850576
mesh_only,low_level-deep_level,2,0,42000020000,cv,5200,1300,0.9629629629629628,0.9090909090909092,0.8928571428571429,0.925925925925926,0.900990099009901
mesh_only,mid_level-mid_level,2,0,42000020000,cv,5200,1300,0.969239207779886,0.907258064516129,0.907258064516129,0.907258064516129,0.9115384615384616
mesh_only,mid_level-deep_level,2,0,42000020000,cv,5200,1300,0.957058797107308,0.9230769230769232,0.918032786885246,0.9281767955801103,0.9078947368421052
mesh_only,deep_level-deep_level,2,0,42000020000,cv,5200,1300,0.9830316742081447,0.9532710280373832,0.9272727272727272,0.9807692307692308,0.927536231884058
common_neighbors,overall,2,0,42000020000,cv,5200,1300,0.9022899408284024,0.8168421052631579,0.7509677419354839,0.8953846153846153,0.7992307692307692
common_neighbors,low_level-low_level,2,0,42000020000,cv,5200,1300,0.8333333333333334,0.7804878048780488,0.8,0.7619047619047619,0.8
common_neighbors,low_level-mid_level,2,0,42000020000,cv,5200,1300,0.8622435979105618,0.7368421052631579,0.6695652173913044,0.8191489361702128,0.789272030651341
common_neighbors,low_level-deep_level,2,0,42000020000,cv,5200,1300,0.8823877068557919,0.7666666666666667,0.696969696969697,0.8518518518518519,0.7227722772277227
common_neighbors,mid_level-mid_level,2,0,42000020000,cv,5200,1300,0.9092964302656548,0.8050541516245487,0.7287581699346405,0.8991935483870968,0.7923076923076923
common_neighbors,mid_level-deep_level,2,0,42000020000,cv,5200,1300,0.8957463055293536,0.8556962025316456,0.7897196261682243,0.9337016574585636,0.8125
common_neighbors,deep_level-deep_level,2,0,42000020000,cv,5200,1300,0.9728506787330315,0.9622641509433962,0.9444444444444444,0.9807692307692308,0.9420289855072465
degree_product,overall,2,0,42000020000,cv,5200,1300,0.8023644970414202,0.7488402915838304,0.6577415599534342,0.8692307692307693,0.7084615384615385
degree_product,low_level-low_level,2,0,42000020000,cv,5200,1300,0.7142857142857143,0.6341463414634146,0.65,0.6190476190476191,0.6666666666666666
degree_product,low_level-mid_level,2,0,42000020000,cv,5200,1300,0.7419734998088929,0.6206896551724138,0.5217391304347826,0.7659574468085106,0.6628352490421456
degree_product,low_level-deep_level,2,0,42000020000,cv,5200,1300,0.7383766745468873,0.7479674796747967,0.6666666666666666,0.8518518518518519,0.693069306930693
degree_product,mid_level-mid_level,2,0,42000020000,cv,5200,1300,0.8155760792220114,0.7470288624787776,0.6451612903225806,0.8870967741935484,0.7134615384615385
degree_product,mid_level-deep_level,2,0,42000020000,cv,5200,1300,0.7918519516686879,0.7913669064748201,0.6991525423728814,0.9116022099447514,0.7138157894736842
degree_product,deep_level-deep_level,2,0,42000020000,cv,5200,1300,0.917420814479638,0.9158878504672896,0.8909090909090909,0.9423076923076924,0.8695652173913043
negative_count,overall,2,0,42000020000,cv,5200,1300,0.981231952662722,0.9398148148148148,0.9427244582043344,0.936923076923077,0.94
negative_count,low_level-low_level,2,0,42000020000,cv,5200,1300,0.9861111111111112,0.9302325581395348,0.9090909090909092,0.9523809523809524,0.9333333333333332
negative_count,low_level-mid_level,2,0,42000020000,cv,5200,1300,0.9827048031596384,0.946236559139785,0.9565217391304348,0.9361702127659576,0.9616858237547892
negative_count,low_level-deep_level,2,0,42000020000,cv,5200,1300,0.9757683215130024,0.9433962264150944,0.9615384615384616,0.925925925925926,0.9405940594059404
negative_count,mid_level-mid_level,2,0,42000020000,cv,5200,1300,0.9802612073055028,0.9308943089430894,0.9385245901639344,0.9233870967741936,0.9346153846153846
negative_count,mid_level-deep_level,2,0,42000020000,cv,5200,1300,0.9807303597897856,0.945054945054945,0.9398907103825136,0.9502762430939228,0.9342105263157896
negative_count,deep_level-deep_level,2,0,42000020000,cv,5200,1300,0.9745475113122172,0.9523809523809524,0.9433962264150944,0.9615384615384616,0.927536231884058
full_fusion,overall,2,1,42001020000,cv,5200,1300,0.9917538461538462,0.9594383775351014,0.9731012658227848,0.946153846153846,0.96
full_fusion,low_level-low_level,2,1,42001020000,cv,5200,1300,0.9975,0.9743589743589745,1.0,0.95,0.9833333333333332
full_fusion,low_level-mid_level,2,1,42001020000,cv,5200,1300,0.9969579969579968,0.967741935483871,0.9905660377358492,0.945945945945946,0.9735849056603774
full_fusion,low_level-deep_level,2,1,42001020000,cv,5200,1300,0.9995258416311048,0.972972972972973,0.972972972972973,0.972972972972973,0.9787234042553192
full_fusion,mid_level-mid_level,2,1,42001020000,cv,5200,1300,0.9871760745322165,0.9456066945606696,0.9535864978902954,0.9377593360995852,0.9486166007905138
full_fusion,mid_level-deep_level,2,1,42001020000,cv,5200,1300,0.9876081825334382,0.9627791563275434,0.9797979797979798,0.946341463414634,0.9544072948328268
full_fusion,deep_level-deep_level,2,1,42001020000,cv,5200,1300,1.0,0.9859154929577464,1.0,0.9722222222222222,0.9782608695652174
full_topo_only,overall,2,1,42001020000,cv,5200,1300,0.9412520710059172,0.8573680063041765,0.8788368336025848,0.8369230769230769,0.8607692307692307
full_topo_only,low_level-low_level,2,1,42001020000,cv,5200,1300,0.97,0.8292682926829268,0.8095238095238095,0.85,0.8833333333333333
full_topo_only,low_level-mid_level,2,1,42001020000,cv,5200,1300,0.93986193986194,0.8229665071770335,0.8775510204081632,0.7747747747747747,0.8603773584905661
full_topo_only,low_level-deep_level,2,1,42001020000,cv,5200,1300,0.9141773352299668,0.8,0.7894736842105263,0.8108108108108109,0.8404255319148937
full_topo_only,mid_level-mid_level,2,1,42001020000,cv,5200,1300,0.9331402176465982,0.8372093023255814,0.853448275862069,0.8215767634854771,0.8478260869565217
full_topo_only,mid_level-deep_level,2,1,42001020000,cv,5200,1300,0.9439024390243902,0.8927680798004988,0.9132653061224488,0.8731707317073171,0.8693009118541033
full_topo_only,deep_level-deep_level,2,1,42001020000,cv,5200,1300,0.9861111111111112,0.9714285714285714,1.0,0.9444444444444444,0.9565217391304348
no_ddi_fusion,overall,2,1,42001020000,cv,5200,1300,0.9896047337278108,0.9568567026194144,0.9583333333333334,0.9553846153846154,0.9569230769230768
no_ddi_fusion,low_level-low_level,2,1,42001020000,cv,5200,1300,0.99875,0.975609756097561,0.9523809523809524,1.0,0.9833333333333332
no_ddi_fusion,low_level-mid_level,2,1,42001020000,cv,5200,1300,0.992979992979993,0.972972972972973,0.972972972972973,0.972972972972973,0.9773584905660376
no_ddi_fusion,low_level-deep_level,2,1,42001020000,cv,5200,1300,0.9990516832622096,0.96,0.9473684210526316,0.972972972972973,0.9680851063829788
no_ddi_fusion,mid_level-mid_level,2,1,42001020000,cv,5200,1300,0.9887105613403272,0.9443298969072164,0.9385245901639344,0.950207468879668,0.9466403162055336
no_ddi_fusion,mid_level-deep_level,2,1,42001020000,cv,5200,1300,0.981628638867034,0.9605911330049262,0.9701492537313432,0.951219512195122,0.9513677811550152
no_ddi_fusion,deep_level-deep_level,2,1,42001020000,cv,5200,1300,1.0,0.9565217391304348,1.0,0.9166666666666666,0.9347826086956522
no_ddi_topo_only,overall,2,1,42001020000,cv,5200,1300,0.848880473372781,0.7295703454085931,0.8063314711359404,0.6661538461538462,0.7530769230769231
no_ddi_topo_only,low_level-low_level,2,1,42001020000,cv,5200,1300,0.87625,0.6285714285714286,0.7333333333333333,0.55,0.7833333333333333
no_ddi_topo_only,low_level-mid_level,2,1,42001020000,cv,5200,1300,0.890897390897391,0.7922705314009661,0.8541666666666666,0.7387387387387387,0.8377358490566038
no_ddi_topo_only,low_level-deep_level,2,1,42001020000,cv,5200,1300,0.7856804172593648,0.65625,0.7777777777777778,0.5675675675675675,0.7659574468085106
no_ddi_topo_only,mid_level-mid_level,2,1,42001020000,cv,5200,1300,0.8250841619040162,0.6946902654867256,0.7440758293838863,0.6514522821576764,0.7272727272727273
no_ddi_topo_only,mid_level-deep_level,2,1,42001020000,cv,5200,1300,0.8446105428796223,0.7465940054495913,0.845679012345679,0.6682926829268293,0.7173252279635258
no_ddi_topo_only,deep_level-deep_level,2,1,42001020000,cv,5200,1300,0.9333333333333332,0.8064516129032258,0.9615384615384616,0.6944444444444444,0.7391304347826086
ddi_only_fusion,overall,2,1,42001020000,cv,5200,1300,0.9897514792899408,0.9561200923787528,0.9568567026194144,0.9553846153846154,0.956153846153846
ddi_only_fusion,low_level-low_level,2,1,42001020000,cv,5200,1300,1.0,1.0,1.0,1.0,1.0
ddi_only_fusion,low_level-mid_level,2,1,42001020000,cv,5200,1300,0.9948519948519948,0.9585253456221198,0.981132075471698,0.9369369369369368,0.9660377358490566
ddi_only_fusion,low_level-deep_level,2,1,42001020000,cv,5200,1300,0.9990516832622096,0.96,0.9473684210526316,0.972972972972973,0.9680851063829788
ddi_only_fusion,mid_level-mid_level,2,1,42001020000,cv,5200,1300,0.98681593987317,0.9404517453798767,0.9308943089430894,0.950207468879668,0.9426877470355732
ddi_only_fusion,mid_level-deep_level,2,1,42001020000,cv,5200,1300,0.983044846577498,0.965686274509804,0.9704433497536946,0.9609756097560976,0.9574468085106383
ddi_only_fusion,deep_level-deep_level,2,1,42001020000,cv,5200,1300,0.9944444444444444,0.9722222222222222,0.9722222222222222,0.9722222222222222,0.9565217391304348
ddi_only_topo_only,overall,2,1,42001020000,cv,5200,1300,0.950828402366864,0.8798151001540832,0.8811728395061729,0.8784615384615385,0.88
ddi_only_topo_only,low_level-low_level,2,1,42001020000,cv,5200,1300,0.99125,0.9523809523809524,0.9090909090909092,1.0,0.9666666666666668
ddi_only_topo_only,low_level-mid_level,2,1,42001020000,cv,5200,1300,0.9444834444834443,0.8365384615384616,0.8969072164948454,0.7837837837837838,0.8716981132075472
ddi_only_topo_only,low_level-deep_level,2,1,42001020000,cv,5200,1300,0.9137031768610716,0.8395061728395061,0.7727272727272727,0.918918918918919,0.8617021276595744
ddi_only_topo_only,mid_level-mid_level,2,1,42001020000,cv,5200,1300,0.9503327331089017,0.8713692946058091,0.8713692946058091,0.8713692946058091,0.8774703557312253
ddi_only_topo_only,mid_level-deep_level,2,1,42001020000,cv,5200,1300,0.9481510621557828,0.8985507246376812,0.8899521531100478,0.9073170731707316,0.8723404255319149
ddi_only_topo_only,deep_level-deep_level,2,1,42001020000,cv,5200,1300,0.9833333333333334,0.9577464788732394,0.9714285714285714,0.9444444444444444,0.9347826086956522
mesh_only,overall,2,1,42001020000,cv,5200,1300,0.9713479289940828,0.9146706586826348,0.89067055393586,0.94,0.9123076923076924
mesh_only,low_level-low_level,2,1,42001020000,cv,5200,1300,0.9875,0.8837209302325582,0.8260869565217391,0.95,0.9166666666666666
mesh_only,low_level-mid_level,2,1,42001020000,cv,5200,1300,0.984117234117234,0.9196428571428572,0.911504424778761,0.927927927927928,0.9320754716981132
mesh_only,low_level-deep_level,2,1,42001020000,cv,5200,1300,0.968705547652916,0.8860759493670886,0.8333333333333334,0.945945945945946,0.9042553191489362
mesh_only,mid_level-mid_level,2,1,42001020000,cv,5200,1300,0.962561653487826,0.9,0.8687258687258688,0.933609958506224,0.9011857707509882
mesh_only,mid_level-deep_level,2,1,42001020000,cv,5200,1300,0.967741935483871,0.938095238095238,0.916279069767442,0.9609756097560976,0.9209726443768996
mesh_only,deep_level-deep_level,2,1,42001020000,cv,5200,1300,0.9444444444444444,0.9142857142857144,0.9411764705882352,0.8888888888888888,0.8695652173913043
common_neighbors,overall,2,1,42001020000,cv,5200,1300,0.9038816568047338,0.8206312548113934,0.8212634822804314,0.82,0.8207692307692308
common_neighbors,low_level-low_level,2,1,42001020000,cv,5200,1300,0.95375,0.75,0.75,0.75,0.8333333333333334
common_neighbors,low_level-mid_level,2,1,42001020000,cv,5200,1300,0.8725868725868726,0.7559808612440191,0.8061224489795918,0.7117117117117117,0.8075471698113208
common_neighbors,low_level-deep_level,2,1,42001020000,cv,5200,1300,0.8605974395448079,0.7654320987654321,0.7045454545454546,0.8378378378378378,0.7978723404255319
common_neighbors,mid_level-mid_level,2,1,42001020000,cv,5200,1300,0.9014092225788772,0.8065843621399177,0.8,0.8132780082987552,0.8142292490118577
common_neighbors,mid_level-deep_level,2,1,42001020000,cv,5200,1300,0.9075727773406768,0.8613138686131386,0.8592233009708737,0.8634146341463415,0.8267477203647416
common_neighbors,deep_level-deep_level,2,1,42001020000,cv,5200,1300,0.9888888888888888,0.9722222222222222,0.9722222222222222,0.9722222222222222,0.9565217391304348
degree_product,overall,2,1,42001020000,cv,5200,1300,0.7925088757396451,0.7351485148514851,0.6149068322981367,0.913846153846154,0.6707692307692308
degree_product,low_level-low_level,2,1,42001020000,cv,5200,1300,0.7625,0.6071428571428571,0.4722222222222222,0.85,0.6333333333333333
degree_product,low_level-mid_level,2,1,42001020000,cv,5200,1300,0.7444132444132444,0.6550522648083623,0.5340909090909091,0.8468468468468469,0.6264150943396226
degree_product,low_level-deep_level,2,1,42001020000,cv,5200,1300,0.7131341868183974,0.6470588235294118,0.5076923076923077,0.8918918918918919,0.6170212765957447
degree_product,mid_level-mid_level,2,1,42001020000,cv,5200,1300,0.7807562827839974,0.7165605095541401,0.5813953488372093,0.933609958506224,0.6482213438735178
degree_product,mid_level-deep_level,2,1,42001020000,cv,5200,1300,0.8234067663257277,0.8137044967880086,0.7251908396946565,0.926829268292683,0.7355623100303952
degree_product,deep_level-deep_level,2,1,42001020000,cv,5200,1300,0.95,0.9210526315789472,0.875,0.9722222222222222,0.8695652173913043
negative_count,overall,2,1,42001020000,cv,5200,1300,0.989753846153846,0.9427450980392156,0.9616,0.9246153846153846,0.943846153846154
negative_count,low_level-low_level,2,1,42001020000,cv,5200,1300,0.99125,0.9473684210526316,1.0,0.9,0.9666666666666668
negative_count,low_level-mid_level,2,1,42001020000,cv,5200,1300,0.9976599976599976,0.9497716894977168,0.9629629629629628,0.9369369369369368,0.958490566037736
negative_count,low_level-deep_level,2,1,42001020000,cv,5200,1300,0.997629208155524,0.96,0.9473684210526316,0.972972972972973,0.9680851063829788
negative_count,mid_level-mid_level,2,1,42001020000,cv,5200,1300,0.9882799655523368,0.9276595744680852,0.9519650655021834,0.9045643153526972,0.932806324110672
negative_count,mid_level-deep_level,2,1,42001020000,cv,5200,1300,0.9814319433516916,0.9478908188585607,0.9646464646464646,0.9317073170731708,0.9361702127659576
negative_count,deep_level-deep_level,2,1,42001020000,cv,5200,1300,0.9944444444444444,0.9714285714285714,1.0,0.9444444444444444,0.9565217391304348
full_fusion,overall,2,2,42002020000,cv,5200,1300,0.9930295857988166,0.9673405909797824,0.9779874213836478,0.9569230769230768,0.9676923076923076
full_fusion,low_level-low_level,2,2,42002020000,cv,5200,1300,0.9578947368421052,0.9230769230769232,0.9,0.9473684210526316,0.9387755102040816
full_fusion,low_level-mid_level,2,2,42002020000,cv,5200,1300,0.9944857028505358,0.958904109589041,0.9905660377358492,0.9292035398230089,0.971153846153846
full_fusion,low_level-deep_level,2,2,42002020000,cv,5200,1300,0.9903846153846154,0.9473684210526316,0.972972972972973,0.9230769230769232,0.9493670886075948
full_fusion,mid_level-mid_level,2,2,42002020000,cv,5200,1300,0.9930457884044382,0.9738805970149254,0.981203007518797,0.9666666666666668,0.9723865877712032
full_fusion,mid_level-deep_level,2,2,42002020000,cv,5200,1300,0.9958444374181308,0.9702380952380952,0.9760479041916168,0.9644970414201184,0.9666666666666668
full_fusion,deep_level-deep_level,2,2,42002020000,cv,5200,1300,0.9923076923076922,0.975,0.975,0.975,0.9622641509433962
full_topo_only,overall,2,2,42002020000,cv,5200,1300,0.937831952662722,0.8637770897832817,0.8691588785046729,0.8584615384615385,0.8646153846153846
full_topo_only,low_level-low_level,2,2,42002020000,cv,5200,1300,0.9298245614035088,0.8333333333333334,0.8823529411764706,0.7894736842105263,0.8775510204081632
full_topo_only,low_level-mid_level,2,2,42002020000,cv,5200,1300,0.9250678169609108,0.8398268398268398,0.8220338983050848,0.8584070796460177,0.8814102564102564
full_topo_only,low_level-deep_level,2,2,42002020000,cv,5200,1300,0.958974358974359,0.8717948717948718,0.8717948717948718,0.8717948717948718,0.8734177215189873
full_topo_only,mid_level-mid_level,2,2,42002020000,cv,5200,1300,0.9296140021878418,0.849624060150376,0.8625954198473282,0.837037037037037,0.8422090729783037
full_topo_only,mid_level-deep_level,2,2,42002020000,cv,5200,1300,0.950313925651565,0.8967551622418879,0.8941176470588236,0.8994082840236687,0.8833333333333333
full_topo_only,deep_level-deep_level,2,2,42002020000,cv,5200,1300,0.9057692307692308,0.8947368421052632,0.9444444444444444,0.85,0.8490566037735849
no_ddi_fusion,overall,2,2,42002020000,cv,5200,1300,0.9956165680473372,0.9712955779674166,0.9796557120500784,0.963076923076923,0.9715384615384616
no_ddi_fusion,low_level-low_level,2,2,42002020000,cv,5200,1300,0.9701754385964912,0.9230769230769232,0.9,0.9473684210526316,0.9387755102040816
no_ddi_fusion,low_level-mid_level,2,2,42002020000,cv,5200,1300,0.998977186819051,0.963963963963964,0.981651376146789,0.9469026548672568,0.9743589743589745
no_ddi_fusion,low_level-deep_level,2,2,42002020000,cv,5200,1300,0.9987179487179488,0.9873417721518988,0.975,1.0,0.9873417721518988
no_ddi_fusion,mid_level-mid_level,2,2,42002020000,cv,5200,1300,0.995046100953274,0.967984934086629,0.9846743295019156,0.9518518518518518,0.9664694280078896
no_ddi_fusion,mid_level-deep_level,2,2,42002020000,cv,5200,1300,0.9969736663805954,0.9852507374631267,0.9823529411764704,0.9881656804733728,0.9833333333333332
no_ddi_fusion,deep_level-deep_level,2,2,42002020000,cv,5200,1300,0.9923076923076924,0.9620253164556962,0.9743589743589745,0.95,0.9433962264150944
no_ddi_topo_only,overall,2,2,42002020000,cv,5200,1300,0.8735124260355029,0.7724252491694352,0.8393501805054152,0.7153846153846154,0.7892307692307692
no_ddi_topo_only,low_level-low_level,2,2,42002020000,cv,5200,1300,0.7842105263157895,0.7027027027027027,0.7222222222222222,0.6842105263157895,0.7755102040816326
no_ddi_topo_only,low_level-mid_level,2,2,42002020000,cv,5200,1300,0.8644550184551074,0.7075471698113207,0.7575757575757576,0.6637168141592921,0.8012820512820513
no_ddi_topo_only,low_level-deep_level,2,2,42002020000,cv,5200,1300,0.7833333333333333,0.6666666666666666,0.8148148148148148,0.5641025641025641,0.7215189873417721
no_ddi_topo_only,mid_level-mid_level,2,2,42002020000,cv,5200,1300,0.8879668698234098,0.796844181459566,0.8523206751054853,0.7481481481481481,0.796844181459566
no_ddi_topo_only,mid_level-deep_level,2,2,42002020000,cv,5200,1300,0.8830570486471837,0.8,0.8794326241134752,0.7337278106508875,0.7933333333333333
no_ddi_topo_only,deep_level-deep_level,2,2,42002020000,cv,5200,1300,0.8576923076923078,0.8055555555555556,0.90625,0.725,0.7358490566037735
ddi_only_fusion,overall,2,2,42002020000,cv,5200,1300,0.992207100591716,0.9603729603729604,0.9701726844583988,0.9507692307692308,0.9607692307692308
ddi_only_fusion,low_level-low_level,2,2,42002020000,cv,5200,1300,0.956140350877193,0.9444444444444444,1.0,0.8947368421052632,0.9591836734693876
ddi_only_fusion,low_level-mid_level,2,2,42002020000,cv,5200,1300,0.994530172988838,0.9454545454545454,0.97196261682243,0.9203539823008848,0.9615384615384616
ddi_only_fusion,low_level-deep_level,2,2,42002020000,cv,5200,1300,0.985897435897436,0.935064935064935,0.9473684210526316,0.9230769230769232,0.9367088607594936
ddi_only_fusion,mid_level-mid_level,2,2,42002020000,cv,5200,1300,0.9950148460696984,0.9642184557438794,0.9808429118773946,0.9481481481481482,0.9625246548323472
ddi_only_fusion,mid_level-deep_level,2,2,42002020000,cv,5200,1300,0.9883915262658656,0.9736070381231672,0.9651162790697676,0.9822485207100592,0.97
ddi_only_fusion,deep_level-deep_level,2,2,42002020000,cv,5200,1300,0.9884615384615384,0.951219512195122,0.9285714285714286,0.975,0.9245283018867924
ddi_only_topo_only,overall,2,2,42002020000,cv,5200,1300,0.935439053254438,0.8663663663663663,0.8460410557184751,0.8876923076923077,0.8630769230769231
ddi_only_topo_only,low_level-low_level,2,2,42002020000,cv,5200,1300,0.9333333333333332,0.8333333333333334,0.8823529411764706,0.7894736842105263,0.8775510204081632
ddi_only_topo_only,low_level-mid_level,2,2,42002020000,cv,5200,1300,0.925868279450349,0.8068669527896996,0.7833333333333333,0.831858407079646,0.8557692307692307
ddi_only_topo_only,low_level-deep_level,2,2,42002020000,cv,5200,1300,0.9128205128205128,0.8433734939759037,0.7954545454545454,0.8974358974358975,0.8354430379746836
ddi_only_topo_only,mid_level-mid_level,2,2,42002020000,cv,5200,1300,0.932927019846851,0.8713235294117647,0.864963503649635,0.8777777777777778,0.8619329388560157
ddi_only_topo_only,mid_level-deep_level,2,2,42002020000,cv,5200,1300,0.9350015809205474,0.8907563025210085,0.8457446808510638,0.940828402366864,0.87
ddi_only_topo_only,deep_level-deep_level,2,2,42002020000,cv,5200,1300,0.951923076923077,0.9367088607594936,0.9487179487179488,0.925,0.9056603773584906
mesh_only,overall,2,2,42002020000,cv,5200,1300,0.9728615384615384,0.9119746233148296,0.9410801963993454,0.8846153846153846,0.9146153846153846
mesh_only,low_level-low_level,2,2,42002020000,cv,5200,1300,0.9578947368421052,0.8648648648648649,0.8888888888888888,0.8421052631578947,0.8979591836734694
mesh_only,low_level-mid_level,2,2,42002020000,cv,5200,1300,0.9605994574643126,0.8651162790697674,0.9117647058823528,0.8230088495575221,0.907051282051282
mesh_only,low_level-deep_level,2,2,42002020000,cv,5200,1300,0.9826923076923078,0.935064935064935,0.9473684210526316,0.9230769230769232,0.9367088607594936
mesh_only,mid_level-mid_level,2,2,42002020000,cv,5200,1300,0.9767307391779964,0.9251439539347408,0.9601593625498008,0.8925925925925926,0.9230769230769232
mesh_only,mid_level-deep_level,2,2,42002020000,cv,5200,1300,0.9720402908893808,0.918918918918919,0.9329268292682928,0.9053254437869822,0.91
mesh_only,deep_level-deep_level,2,2,42002020000,cv,5200,1300,0.9692307692307692,0.9230769230769232,0.9473684210526316,0.9,0.8867924528301887
common_neighbors,overall,2,2,42002020000,cv,5200,1300,0.9043739644970414,0.8245743893412287,0.7945791726105563,0.8569230769230769,0.8176923076923077
common_neighbors,low_level-low_level,2,2,42002020000,cv,5200,1300,0.9403508771929824,0.7058823529411765,0.8,0.631578947368421,0.7959183673469388
common_neighbors,low_level-mid_level,2,2,42002020000,cv,5200,1300,0.8641214924178413,0.7345132743362832,0.7345132743362832,0.7345132743362832,0.8076923076923077
common_neighbors,low_level-deep_level,2,2,42002020000,cv,5200,1300,0.8833333333333333,0.7901234567901234,0.7619047619047619,0.8205128205128205,0.7848101265822784
common_neighbors,mid_level-mid_level,2,2,42002020000,cv,5200,1300,0.9159868729488982,0.8473967684021544,0.8222996515679443,0.8740740740740741,0.8323471400394478
common_neighbors,mid_level-deep_level,2,2,42002020000,cv,5200,1300,0.8978273634762185,0.8440860215053764,0.7733990147783252,0.9289940828402368,0.8066666666666666
common_neighbors,deep_level-deep_level,2,2,42002020000,cv,5200,1300,0.9192307692307692,0.9135802469135802,0.902439024390244,0.925,0.8679245283018868
degree_product,overall,2,2,42002020000,cv,5200,1300,0.8051230769230768,0.7510809141445337,0.6274509803921569,0.9353846153846154,0.69
degree_product,low_level-low_level,2,2,42002020000,cv,5200,1300,0.856140350877193,0.75,0.6206896551724138,0.9473684210526316,0.7551020408163265
degree_product,low_level-mid_level,2,2,42002020000,cv,5200,1300,0.7554142393382843,0.6068111455108359,0.4666666666666667,0.8672566371681416,0.592948717948718
degree_product,low_level-deep_level,2,2,42002020000,cv,5200,1300,0.7467948717948718,0.7142857142857143,0.5932203389830508,0.8974358974358975,0.6455696202531646
degree_product,mid_level-mid_level,2,2,42002020000,cv,5200,1300,0.8197062040943899,0.7798165137614679,0.6640625,0.9444444444444444,0.7159763313609467
degree_product,mid_level-deep_level,2,2,42002020000,cv,5200,1300,0.7933510998690094,0.7980535279805353,0.6776859504132231,0.970414201183432,0.7233333333333334
degree_product,deep_level-deep_level,2,2,42002020000,cv,5200,1300,0.7826923076923077,0.8941176470588236,0.8444444444444444,0.95,0.8301886792452831
negative_count,overall,2,2,42002020000,cv,5200,1300,0.9854745562130176,0.9422011084718924,0.9706362153344208,0.9153846153846154,0.943846153846154
negative_count,low_level-low_level,2,2,42002020000,cv,5200,1300,0.9614035087719298,0.8717948717948718,0.85,0.8947368421052632,0.8979591836734694
negative_count,low_level-mid_level,2,2,42002020000,cv,5200,1300,0.9838351047271756,0.927927927927928,0.944954128440367,0.911504424778761,0.9487179487179488
negative_count,low_level-deep_level,2,2,42002020000,cv,5200,1300,0.9724358974358974,0.9041095890410958,0.9705882352941176,0.8461538461538461,0.9113924050632912
negative_count,mid_level-mid_level,2,2,42002020000,cv,5200,1300,0.9867401156430692,0.9498069498069498,0.9919354838709676,0.9111111111111112,0.9487179487179488
negative_count,mid_level-deep_level,2,2,42002020000,cv,5200,1300,0.9900176159718144,0.9518072289156626,0.9693251533742332,0.9349112426035504,0.9466666666666668
negative_count,deep_level-deep_level,2,2,42002020000,cv,5200,1300,0.975,0.9620253164556962,0.9743589743589745,0.95,0.9433962264150944
full_fusion,overall,2,3,42003020000,cv,5200,1300,0.9869467455621302,0.9493087557603688,0.9478527607361964,0.9507692307692308,0.9492307692307692
full_fusion,low_level-low_level,2,3,42003020000,cv,5200,1300,0.9940476190476192,0.967741935483871,1.0,0.9375,0.972972972972973
full_fusion,low_level-mid_level,2,3,42003020000,cv,5200,1300,0.9910311237823712,0.93048128342246,0.9157894736842104,0.9456521739130436,0.9527272727272728
full_fusion,low_level-deep_level,2,3,42003020000,cv,5200,1300,0.986904761904762,0.946236559139785,0.9166666666666666,0.9777777777777776,0.9504950495049505
full_fusion,mid_level-mid_level,2,3,42003020000,cv,5200,1300,0.983890045814244,0.9428571428571428,0.9428571428571428,0.9428571428571428,0.9428571428571428
full_fusion,mid_level-deep_level,2,3,42003020000,cv,5200,1300,0.9819221545840252,0.9587628865979382,0.9637305699481864,0.953846153846154,0.9520958083832336
full_fusion,deep_level-deep_level,2,3,42003020000,cv,5200,1300,0.9941520467836258,0.9734513274336284,0.9821428571428572,0.9649122807017544,0.9523809523809524
full_topo_only,overall,2,3,42003020000,cv,5200,1300,0.9484118343195268,0.8743416102332581,0.8556701030927835,0.8938461538461538,0.8715384615384615
full_topo_only,low_level-low_level,2,3,42003020000,cv,5200,1300,0.9136904761904762,0.7741935483870968,0.8,0.75,0.8108108108108109
full_topo_only,low_level-mid_level,2,3,42003020000,cv,5200,1300,0.948503207412687,0.8241206030150754,0.7663551401869159,0.8913043478260869,0.8727272727272727
full_topo_only,low_level-deep_level,2,3,42003020000,cv,5200,1300,0.942063492063492,0.8444444444444444,0.8444444444444444,0.8444444444444444,0.8613861386138614
full_topo_only,mid_level-mid_level,2,3,42003020000,cv,5200,1300,0.9362765514369014,0.8582995951417004,0.8514056224899599,0.8653061224489796,0.8571428571428571
full_topo_only,mid_level-deep_level,2,3,42003020000,cv,5200,1300,0.9575355100534956,0.9054726368159204,0.8792270531400966,0.9333333333333332,0.8862275449101796
full_topo_only,deep_level-deep_level,2,3,42003020000,cv,5200,1300,0.9912280701754386,0.9734513274336284,0.9821428571428572,0.9649122807017544,0.9523809523809524
no_ddi_fusion,overall,2,3,42003020000,cv,5200,1300,0.9866840236686392,0.9504643962848296,0.956386292834891,0.9446153846153846,0.9507692307692308
no_ddi_fusion,low_level-low_level,2,3,42003020000,cv,5200,1300,0.9940476190476192,0.967741935483871,1.0,0.9375,0.972972972972973
no_ddi_fusion,low_level-mid_level,2,3,42003020000,cv,5200,1300,0.9854478498455692,0.9273743016759776,0.9540229885057472,0.9021739130434784,0.9527272727272728
no_ddi_fusion,low_level-deep_level,2,3,42003020000,cv,5200,1300,0.9738095238095238,0.9148936170212766,0.8775510204081632,0.9555555555555556,0.9207920792079208
no_ddi_fusion,mid_level-mid_level,2,3,42003020000,cv,5200,1300,0.9835735110370678,0.9462809917355371,0.9581589958158996,0.9346938775510204,0.946938775510204
no_ddi_fusion,mid_level-deep_level,2,3,42003020000,cv,5200,1300,0.988267847260653,0.961439588688946,0.963917525773196,0.958974358974359,0.9550898203592816
no_ddi_fusion,deep_level-deep_level,2,3,42003020000,cv,5200,1300,1.0,0.991304347826087,0.9827586206896552,1.0,0.984126984126984
no_ddi_topo_only,overall,2,3,42003020000,cv,5200,1300,0.8677869822485208,0.7517123287671232,0.8474903474903475,0.6753846153846154,0.7769230769230769
no_ddi_topo_only,low_level-low_level,2,3,42003020000,cv,5200,1300,0.8422619047619048,0.7142857142857143,0.8333333333333334,0.625,0.7837837837837838
no_ddi_topo_only,low_level-mid_level,2,3,42003020000,cv,5200,1300,0.8585174625801854,0.7073170731707317,0.8055555555555556,0.6304347826086957,0.8254545454545454
no_ddi_topo_only,low_level-deep_level,2,3,42003020000,cv,5200,1300,0.8611111111111112,0.7532467532467533,0.90625,0.6444444444444445,0.8118811881188119
no_ddi_topo_only,mid_level-mid_level,2,3,42003020000,cv,5200,1300,0.8637900874635568,0.7322654462242563,0.8333333333333334,0.6530612244897959,0.7612244897959184
no_ddi_topo_only,mid_level-deep_level,2,3,42003020000,cv,5200,1300,0.8629773104593249,0.770949720670391,0.8466257668711656,0.7076923076923077,0.7544910179640718
no_ddi_topo_only,deep_level-deep_level,2,3,42003020000,cv,5200,1300,0.7543859649122806,0.8461538461538461,0.9361702127659576,0.7719298245614035,0.746031746031746
ddi_only_fusion,overall,2,3,42003020000,cv,5200,1300,0.9869917159763314,0.9502677888293802,0.9452054794520548,0.9553846153846154,0.95
ddi_only_fusion,low_level-low_level,2,3,42003020000,cv,5200,1300,0.9791666666666669,0.967741935483871,1.0,0.9375,0.972972972972973
ddi_only_fusion,low_level-mid_level,2,3,42003020000,cv,5200,1300,0.993288191969589,0.946808510638298,0.9270833333333334,0.967391304347826,0.9636363636363636
ddi_only_fusion,low_level-deep_level,2,3,42003020000,cv,5200,1300,0.9837301587301586,0.945054945054945,0.9347826086956522,0.9555555555555556,0.9504950495049505
ddi_only_fusion,mid_level-mid_level,2,3,42003020000,cv,5200,1300,0.98600583090379,0.9433198380566802,0.9357429718875502,0.9510204081632652,0.9428571428571428
ddi_only_fusion,mid_level-deep_level,2,3,42003020000,cv,5200,1300,0.9806677734735288,0.9460154241645244,0.9484536082474226,0.9435897435897436,0.937125748502994
ddi_only_fusion,deep_level-deep_level,2,3,42003020000,cv,5200,1300,1.0,1.0,1.0,1.0,1.0
ddi_only_topo_only,overall,2,3,42003020000,cv,5200,1300,0.9496639053254438,0.8831562974203339,0.8712574850299402,0.8953846153846153,0.8815384615384615
ddi_only_topo_only,low_level-low_level,2,3,42003020000,cv,5200,1300,0.9375,0.8666666666666667,0.9285714285714286,0.8125,0.8918918918918919
ddi_only_topo_only,low_level-mid_level,2,3,42003020000,cv,5200,1300,0.9532549299120932,0.8359788359788359,0.8144329896907216,0.8586956521739131,0.8872727272727273
ddi_only_topo_only,low_level-deep_level,2,3,42003020000,cv,5200,1300,0.9011904761904762,0.7906976744186046,0.8292682926829268,0.7555555555555555,0.8217821782178217
ddi_only_topo_only,mid_level-mid_level,2,3,42003020000,cv,5200,1300,0.9476051645147856,0.876984126984127,0.8532818532818532,0.9020408163265308,0.8734693877551021
ddi_only_topo_only,mid_level-deep_level,2,3,42003020000,cv,5200,1300,0.9484596937834348,0.9113924050632912,0.9,0.9230769230769232,0.8952095808383234
ddi_only_topo_only,deep_level-deep_level,2,3,42003020000,cv,5200,1300,0.9502923976608189,0.9649122807017544,0.9649122807017544,0.9649122807017544,0.9365079365079364
mesh_only,overall,2,3,42003020000,cv,5200,1300,0.9676733727810652,0.9143730886850152,0.9088145896656536,0.92,0.913846153846154
mesh_only,low_level-low_level,2,3,42003020000,cv,5200,1300,0.9196428571428572,0.8571428571428571,1.0,0.75,0.8918918918918919
mesh_only,low_level-mid_level,2,3,42003020000,cv,5200,1300,0.9389997624138752,0.8539325842696629,0.8837209302325582,0.8260869565217391,0.9054545454545454
mesh_only,low_level-deep_level,2,3,42003020000,cv,5200,1300,0.9714285714285714,0.898876404494382,0.9090909090909092,0.8888888888888888,0.9108910891089108
mesh_only,mid_level-mid_level,2,3,42003020000,cv,5200,1300,0.9707788421491044,0.905511811023622,0.8745247148288974,0.9387755102040816,0.9020408163265308
mesh_only,mid_level-deep_level,2,3,42003020000,cv,5200,1300,0.97387935805202,0.9387755102040816,0.934010152284264,0.9435897435897436,0.9281437125748504
mesh_only,deep_level-deep_level,2,3,42003020000,cv,5200,1300,0.9970760233918128,0.991150442477876,1.0,0.9824561403508772,0.984126984126984
common_neighbors,overall,2,3,42003020000,cv,5200,1300,0.9092402366863904,0.8191881918819188,0.7872340425531915,0.8538461538461538,0.8115384615384615
common_neighbors,low_level-low_level,2,3,42003020000,cv,5200,1300,0.9285714285714286,0.8571428571428571,1.0,0.75,0.8918918918918919
common_neighbors,low_level-mid_level,2,3,42003020000,cv,5200,1300,0.8856319790924209,0.71875,0.69,0.75,0.8036363636363636
common_neighbors,low_level-deep_level,2,3,42003020000,cv,5200,1300,0.8702380952380953,0.7578947368421053,0.72,0.8,0.7722772277227723
common_neighbors,mid_level-mid_level,2,3,42003020000,cv,5200,1300,0.8884714702207414,0.8093385214007782,0.7732342007434945,0.8489795918367347,0.8
common_neighbors,mid_level-deep_level,2,3,42003020000,cv,5200,1300,0.9272274488101826,0.8495145631067961,0.8064516129032258,0.8974358974358975,0.8143712574850299
common_neighbors,deep_level-deep_level,2,3,42003020000,cv,5200,1300,0.9561403508771932,0.9649122807017544,0.9649122807017544,0.9649122807017544,0.9365079365079364
degree_product,overall,2,3,42003020000,cv,5200,1300,0.7926414201183433,0.7453825857519789,0.6524249422632794,0.8692307692307693,0.703076923076923
degree_product,low_level-low_level,2,3,42003020000,cv,5200,1300,0.7708333333333334,0.6470588235294118,0.6111111111111112,0.6875,0.6756756756756757
degree_product,low_level-mid_level,2,3,42003020000,cv,5200,1300,0.7522570681872178,0.6186440677966102,0.5069444444444444,0.7934782608695652,0.6727272727272727
degree_product,low_level-deep_level,2,3,42003020000,cv,5200,1300,0.6706349206349206,0.660377358490566,0.5737704918032787,0.7777777777777778,0.6435643564356436
degree_product,mid_level-mid_level,2,3,42003020000,cv,5200,1300,0.7824822990420659,0.7285223367697594,0.629080118694362,0.8653061224489796,0.6775510204081633
degree_product,mid_level-deep_level,2,3,42003020000,cv,5200,1300,0.806603947611142,0.8089887640449438,0.72,0.9230769230769232,0.7455089820359282
degree_product,deep_level-deep_level,2,3,42003020000,cv,5200,1300,0.8830409356725146,0.9557522123893806,0.9642857142857144,0.9473684210526316,0.9206349206349206
negative_count,overall,2,3,42003020000,cv,5200,1300,0.986014201183432,0.9505582137161084,0.9867549668874172,0.916923076923077,0.9523076923076924
negative_count,low_level-low_level,2,3,42003020000,cv,5200,1300,0.9732142857142856,0.9333333333333332,1.0,0.875,0.945945945945946
negative_count,low_level-mid_level,2,3,42003020000,cv,5200,1300,0.9869327631266334,0.9310344827586208,0.9878048780487804,0.8804347826086957,0.9563636363636364
negative_count,low_level-deep_level,2,3,42003020000,cv,5200,1300,0.9638888888888888,0.9411764705882352,1.0,0.8888888888888888,0.9504950495049505
negative_count,mid_level-mid_level,2,3,42003020000,cv,5200,1300,0.9879550187421908,0.9426751592356688,0.9823008849557522,0.9061224489795918,0.9448979591836736
negative_count,mid_level-deep_level,2,3,42003020000,cv,5200,1300,0.9876037631433316,0.9604221635883904,0.9891304347826086,0.9333333333333332,0.9550898203592816
negative_count,deep_level-deep_level,2,3,42003020000,cv,5200,1300,0.9985380116959064,0.991304347826087,0.9827586206896552,1.0,0.984126984126984
full_fusion,overall,2,4,42004020000,cv,5200,1300,0.9865988165680474,0.9537037037037036,0.956656346749226,0.9507692307692308,0.953846153846154
full_fusion,low_level-low_level,2,4,42004020000,cv,5200,1300,0.9956709956709956,0.9655172413793104,0.9333333333333332,1.0,0.9787234042553192
full_fusion,low_level-mid_level,2,4,42004020000,cv,5200,1300,0.9804878048780488,0.9367088607594936,0.9736842105263158,0.902439024390244,0.9528301886792452
full_fusion,low_level-deep_level,2,4,42004020000,cv,5200,1300,0.996274217585693,0.9411764705882352,0.975609756097561,0.9090909090909092,0.9523809523809524
full_fusion,mid_level-mid_level,2,4,42004020000,cv,5200,1300,0.9897698209718668,0.958963282937365,0.9527896995708156,0.9652173913043478,0.9578713968957872
full_fusion,mid_level-deep_level,2,4,42004020000,cv,5200,1300,0.9880197044334976,0.9633251833740832,0.9563106796116504,0.9704433497536946,0.9542682926829268
full_fusion,deep_level-deep_level,2,4,42004020000,cv,5200,1300,0.9592592592592591,0.9315068493150684,0.918918918918919,0.9444444444444444,0.9019607843137256
full_topo_only,overall,2,4,42004020000,cv,5200,1300,0.943003550295858,0.8587041373926619,0.8716323296354992,0.8461538461538461,0.8607692307692307
full_topo_only,low_level-low_level,2,4,42004020000,cv,5200,1300,0.9761904761904762,0.8275862068965517,0.8,0.8571428571428571,0.8936170212765957
full_topo_only,low_level-mid_level,2,4,42004020000,cv,5200,1300,0.9340421096518656,0.7983870967741935,0.792,0.8048780487804879,0.8427672955974843
full_topo_only,low_level-deep_level,2,4,42004020000,cv,5200,1300,0.9675856929955292,0.891566265060241,0.9487179487179488,0.8409090909090909,0.9142857142857144
full_topo_only,mid_level-mid_level,2,4,42004020000,cv,5200,1300,0.9362581152862484,0.8558951965065502,0.8596491228070176,0.8521739130434782,0.8536585365853658
full_topo_only,mid_level-deep_level,2,4,42004020000,cv,5200,1300,0.941950738916256,0.8854961832061069,0.9157894736842104,0.8571428571428571,0.8628048780487805
full_topo_only,deep_level-deep_level,2,4,42004020000,cv,5200,1300,0.901851851851852,0.9142857142857144,0.9411764705882352,0.8888888888888888,0.8823529411764706
no_ddi_fusion,overall,2,4,42004020000,cv,5200,1300,0.9843692307692308,0.9495412844036696,0.9437689969604864,0.9553846153846154,0.9492307692307692
no_ddi_fusion,low_level-low_level,2,4,42004020000,cv,5200,1300,0.9913419913419914,0.9285714285714286,0.9285714285714286,0.9285714285714286,0.9574468085106383
no_ddi_fusion,low_level-mid_level,2,4,42004020000,cv,5200,1300,0.9821138211382114,0.9372384937238494,0.9655172413793104,0.9105691056910568,0.9528301886792452
no_ddi_fusion,low_level-deep_level,2,4,42004020000,cv,5200,1300,0.9985096870342772,0.9655172413793104,0.9767441860465116,0.9545454545454546,0.9714285714285714
no_ddi_fusion,mid_level-mid_level,2,4,42004020000,cv,5200,1300,0.9872319496360416,0.9493670886075948,0.9221311475409836,0.9782608695652174,0.9467849223946784
no_ddi_fusion,mid_level-deep_level,2,4,42004020000,cv,5200,1300,0.975665024630542,0.9535452322738386,0.9466019417475728,0.9605911330049262,0.9420731707317072
no_ddi_fusion,deep_level-deep_level,2,4,42004020000,cv,5200,1300,0.9666666666666668,0.9577464788732394,0.9714285714285714,0.9444444444444444,0.9411764705882352
no_ddi_topo_only,overall,2,4,42004020000,cv,5200,1300,0.8830082840236686,0.7923627684964201,0.8204283360790774,0.7661538461538462,0.7992307692307692
no_ddi_topo_only,low_level-low_level,2,4,42004020000,cv,5200,1300,0.8506493506493507,0.7407407407407407,0.7692307692307693,0.7142857142857143,0.851063829787234
no_ddi_topo_only,low_level-mid_level,2,4,42004020000,cv,5200,1300,0.8964769647696477,0.7207207207207207,0.8080808080808081,0.6504065040650406,0.8050314465408805
no_ddi_topo_only,low_level-deep_level,2,4,42004020000,cv,5200,1300,0.9161698956780924,0.8148148148148148,0.8918918918918919,0.75,0.8571428571428571
no_ddi_topo_only,mid_level-mid_level,2,4,42004020000,cv,5200,1300,0.8713554987212275,0.7878787878787878,0.7844827586206896,0.7913043478260869,0.7827050997782705
no_ddi_topo_only,mid_level-deep_level,2,4,42004020000,cv,5200,1300,0.8721182266009851,0.8346055979643766,0.8631578947368421,0.8078817733990148,0.801829268292683
no_ddi_topo_only,deep_level-deep_level,2,4,42004020000,cv,5200,1300,0.7703703703703704,0.8055555555555556,0.8055555555555556,0.8055555555555556,0.7254901960784313
ddi_only_fusion,overall,2,4,42004020000,cv,5200,1300,0.9864331360946744,0.9536321483771252,0.9580745341614908,0.9492307692307692,0.953846153846154
ddi_only_fusion,low_level-low_level,2,4,42004020000,cv,5200,1300,0.997835497835498,0.9655172413793104,0.9333333333333332,1.0,0.9787234042553192
ddi_only_fusion,low_level-mid_level,2,4,42004020000,cv,5200,1300,0.9804044194288096,0.9322033898305084,0.9734513274336284,0.8943089430894309,0.949685534591195
ddi_only_fusion,low_level-deep_level,2,4,42004020000,cv,5200,1300,0.9918032786885248,0.9411764705882352,0.975609756097561,0.9090909090909092,0.9523809523809524
ddi_only_fusion,mid_level-mid_level,2,4,42004020000,cv,5200,1300,0.989396025968916,0.9572649572649572,0.9411764705882352,0.9739130434782608,0.9556541019955654
ddi_only_fusion,mid_level-deep_level,2,4,42004020000,cv,5200,1300,0.986128078817734,0.9655172413793104,0.9655172413793104,0.9655172413793104,0.9573170731707316
ddi_only_fusion,deep_level-deep_level,2,4,42004020000,cv,5200,1300,0.9611111111111112,0.9428571428571428,0.9705882352941176,0.9166666666666666,0.9215686274509804
ddi_only_topo_only,overall,2,4,42004020000,cv,5200,1300,0.9187242603550296,0.8495181616011861,0.8197424892703863,0.8815384615384615,0.8438461538461538
ddi_only_topo_only,low_level-low_level,2,4,42004020000,cv,5200,1300,0.9242424242424242,0.7878787878787878,0.6842105263157895,0.9285714285714286,0.851063829787234
ddi_only_topo_only,low_level-mid_level,2,4,42004020000,cv,5200,1300,0.8898895142797582,0.7751937984496124,0.7407407407407407,0.8130081300813008,0.8176100628930818
ddi_only_topo_only,low_level-deep_level,2,4,42004020000,cv,5200,1300,0.931818181818182,0.8172043010752689,0.7755102040816326,0.8636363636363636,0.8380952380952381
ddi_only_topo_only,mid_level-mid_level,2,4,42004020000,cv,5200,1300,0.9324021247294904,0.8731182795698925,0.8638297872340426,0.8826086956521739,0.8691796008869179
ddi_only_topo_only,mid_level-deep_level,2,4,42004020000,cv,5200,1300,0.9136551724137932,0.8705882352941177,0.8333333333333334,0.9113300492610836,0.8323170731707317
ddi_only_topo_only,deep_level-deep_level,2,4,42004020000,cv,5200,1300,0.925925925925926,0.9066666666666666,0.8717948717948718,0.9444444444444444,0.8627450980392157
mesh_only,overall,2,4,42004020000,cv,5200,1300,0.968560946745562,0.9122541603630864,0.8973214285714286,0.9276923076923076,0.9107692307692308
mesh_only,low_level-low_level,2,4,42004020000,cv,5200,1300,1.0,0.9655172413793104,0.9333333333333332,1.0,0.9787234042553192
mesh_only,low_level-mid_level,2,4,42004020000,cv,5200,1300,0.9492182614133832,0.8677685950413223,0.8823529411764706,0.8536585365853658,0.89937106918239
mesh_only,low_level-deep_level,2,4,42004020000,cv,5200,1300,0.9895678092399404,0.9318181818181818,0.9318181818181818,0.9318181818181818,0.9428571428571428
mesh_only,mid_level-mid_level,2,4,42004020000,cv,5200,1300,0.9735195750541018,0.9129511677282378,0.8921161825726142,0.9347826086956522,0.9090909090909092
mesh_only,mid_level-deep_level,2,4,42004020000,cv,5200,1300,0.9661871921182268,0.9285714285714286,0.8986175115207373,0.9605911330049262,0.9085365853658536
mesh_only,deep_level-deep_level,2,4,42004020000,cv,5200,1300,0.9648148148148148,0.9166666666666666,0.9166666666666666,0.9166666666666666,0.8823529411764706
common_neighbors,overall,2,4,42004020000,cv,5200,1300,0.900733727810651,0.8064,0.84,0.7753846153846153,0.8138461538461539
common_neighbors,low_level-low_level,2,4,42004020000,cv,5200,1300,0.9274891774891776,0.8148148148148148,0.8461538461538461,0.7857142857142857,0.8936170212765957
common_neighbors,low_level-mid_level,2,4,42004020000,cv,5200,1300,0.8736710444027518,0.6915887850467289,0.8131868131868132,0.6016260162601627,0.7924528301886793
common_neighbors,low_level-deep_level,2,4,42004020000,cv,5200,1300,0.8923248882265276,0.7,0.7777777777777778,0.6363636363636364,0.7714285714285715
common_neighbors,mid_level-mid_level,2,4,42004020000,cv,5200,1300,0.9145288215620696,0.8363636363636363,0.8761904761904762,0.8,0.8403547671840355
common_neighbors,mid_level-deep_level,2,4,42004020000,cv,5200,1300,0.8837241379310345,0.8489208633093526,0.8271028037383178,0.8719211822660099,0.8079268292682927
common_neighbors,deep_level-deep_level,2,4,42004020000,cv,5200,1300,0.8925925925925926,0.8333333333333334,0.8333333333333334,0.8333333333333334,0.7647058823529411
degree_product,overall,2,4,42004020000,cv,5200,1300,0.7944402366863906,0.7508090614886731,0.6480446927374302,0.8923076923076924,0.7038461538461539
degree_product,low_level-low_level,2,4,42004020000,cv,5200,1300,0.8203463203463204,0.6857142857142857,0.5714285714285714,0.8571428571428571,0.7659574468085106
degree_product,low_level-mid_level,2,4,42004020000,cv,5200,1300,0.7583072753804461,0.632996632996633,0.5402298850574713,0.7642276422764228,0.6572327044025157
degree_product,low_level-deep_level,2,4,42004020000,cv,5200,1300,0.7518628912071535,0.6972477064220184,0.5846153846153846,0.8636363636363636,0.6857142857142857
degree_product,mid_level-mid_level,2,4,42004020000,cv,5200,1300,0.8166240409207162,0.7540394973070018,0.6422018348623854,0.9130434782608696,0.6962305986696231
degree_product,mid_level-deep_level,2,4,42004020000,cv,5200,1300,0.7478226600985222,0.8272921108742004,0.7293233082706767,0.955665024630542,0.7530487804878049
degree_product,deep_level-deep_level,2,4,42004020000,cv,5200,1300,0.7111111111111111,0.8205128205128205,0.7619047619047619,0.8888888888888888,0.7254901960784313
negative_count,overall,2,4,42004020000,cv,5200,1300,0.9828390532544378,0.9349655700076512,0.9299847792998478,0.94,0.9346153846153846
negative_count,low_level-low_level,2,4,42004020000,cv,5200,1300,0.998917748917749,0.9655172413793104,0.9333333333333332,1.0,0.9787234042553192
negative_count,low_level-mid_level,2,4,42004020000,cv,5200,1300,0.968772149259954,0.9061224489795918,0.9098360655737704,0.902439024390244,0.9276729559748428
negative_count,low_level-deep_level,2,4,42004020000,cv,5200,1300,0.9927347242921012,0.9523809523809524,1.0,0.9090909090909092,0.961904761904762
negative_count,mid_level-mid_level,2,4,42004020000,cv,5200,1300,0.987182766083022,0.9381663113006397,0.9205020920502092,0.9565217391304348,0.9356984478935698
negative_count,mid_level-deep_level,2,4,42004020000,cv,5200,1300,0.9841379310344828,0.946078431372549,0.9414634146341464,0.9507389162561576,0.9329268292682928
negative_count,deep_level-deep_level,2,4,42004020000,cv,5200,1300,0.9564814814814816,0.9166666666666666,0.9166666666666666,0.9166666666666666,0.8823529411764706
full_fusion,overall,3,0,42000030000,cv,5200,1300,0.9799408284023668,0.941543257989088,0.9541864139020536,0.9292307692307692,0.9423076923076924
full_fusion,low_level-low_level,3,0,42000030000,cv,5200,1300,1.0,0.975609756097561,1.0,0.9523809523809524,0.9772727272727272
full_fusion,low_level-mid_level,3,0,42000030000,cv,5200,1300,0.9811541196789596,0.9230769230769232,0.967741935483871,0.8823529411764706,0.9491525423728814
full_fusion,low_level-deep_level,3,0,42000030000,cv,5200,1300,0.9957671957671956,0.9411764705882352,0.9696969696969696,0.9142857142857144,0.9550561797752808
full_fusion,mid_level-mid_level,3,0,42000030000,cv,5200,1300,0.9799280177187154,0.9434697855750488,0.9490196078431372,0.937984496124031,0.9398340248962656
full_fusion,mid_level-deep_level,3,0,42000030000,cv,5200,1300,0.9643370827955008,0.9358288770053476,0.9358288770053476,0.9358288770053476,0.927710843373494
full_fusion,deep_level-deep_level,3,0,42000030000,cv,5200,1300,1.0,0.9782608695652174,1.0,0.9574468085106383,0.9655172413793104
full_topo_only,overall,3,0,42000030000,cv,5200,1300,0.9413349112426036,0.8526398739164697,0.8739903069466882,0.8323076923076923,0.8561538461538462
full_topo_only,low_level-low_level,3,0,42000030000,cv,5200,1300,0.9751552795031057,0.9523809523809524,0.9523809523809524,0.9523809523809524,0.9545454545454546
full_topo_only,low_level-mid_level,3,0,42000030000,cv,5200,1300,0.9326932845677132,0.7902439024390244,0.7864077669902912,0.7941176470588235,0.8542372881355932
full_topo_only,low_level-deep_level,3,0,42000030000,cv,5200,1300,0.9455026455026456,0.8285714285714286,0.8285714285714286,0.8285714285714286,0.8651685393258427
full_topo_only,mid_level-mid_level,3,0,42000030000,cv,5200,1300,0.9377595514950168,0.8423153692614771,0.8683127572016461,0.8178294573643411,0.8360995850622407
full_topo_only,mid_level-deep_level,3,0,42000030000,cv,5200,1300,0.9359763968283238,0.8753462603878116,0.9080459770114944,0.8449197860962567,0.8644578313253012
full_topo_only,deep_level-deep_level,3,0,42000030000,cv,5200,1300,0.9806576402321082,0.9333333333333332,0.9767441860465116,0.8936170212765957,0.896551724137931
no_ddi_fusion,overall,3,0,42000030000,cv,5200,1300,0.9839171597633136,0.937844217151849,0.9597423510466988,0.916923076923077,0.9392307692307692
no_ddi_fusion,low_level-low_level,3,0,42000030000,cv,5200,1300,1.0,0.9767441860465116,0.9545454545454546,1.0,0.9772727272727272
no_ddi_fusion,low_level-mid_level,3,0,42000030000,cv,5200,1300,0.9874530122930002,0.93,0.9489795918367347,0.9117647058823528,0.952542372881356
no_ddi_fusion,low_level-deep_level,3,0,42000030000,cv,5200,1300,0.9878306878306878,0.9090909090909092,0.967741935483871,0.8571428571428571,0.9325842696629212
no_ddi_fusion,mid_level-mid_level,3,0,42000030000,cv,5200,1300,0.9857073643410852,0.934131736526946,0.9629629629629628,0.9069767441860463,0.9315352697095436
no_ddi_fusion,mid_level-deep_level,3,0,42000030000,cv,5200,1300,0.9704591554490134,0.9376693766937668,0.9505494505494504,0.9251336898395722,0.9307228915662652
no_ddi_fusion,deep_level-deep_level,3,0,42000030000,cv,5200,1300,0.9980657640232108,0.9782608695652174,1.0,0.9574468085106383,0.9655172413793104
no_ddi_topo_only,overall,3,0,42000030000,cv,5200,1300,0.879171597633136,0.7861736334405145,0.8232323232323232,0.7523076923076923,0.7953846153846154
no_ddi_topo_only,low_level-low_level,3,0,42000030000,cv,5200,1300,0.9213250517598344,0.8333333333333334,1.0,0.7142857142857143,0.8636363636363636
no_ddi_topo_only,low_level-mid_level,3,0,42000030000,cv,5200,1300,0.900894036371025,0.7461139896373057,0.7912087912087912,0.7058823529411765,0.8338983050847457
no_ddi_topo_only,low_level-deep_level,3,0,42000030000,cv,5200,1300,0.8878306878306879,0.746268656716418,0.78125,0.7142857142857143,0.8089887640449438
no_ddi_topo_only,mid_level-mid_level,3,0,42000030000,cv,5200,1300,0.841985049833887,0.764,0.7892561983471075,0.7403100775193798,0.7551867219917012
no_ddi_topo_only,mid_level-deep_level,3,0,42000030000,cv,5200,1300,0.8905402913516504,0.8232044198895028,0.8514285714285714,0.7967914438502673,0.8072289156626506
no_ddi_topo_only,deep_level-deep_level,3,0,42000030000,cv,5200,1300,0.9071566731141198,0.8604651162790697,0.9487179487179488,0.7872340425531915,0.7931034482758621
ddi_only_fusion,overall,3,0,42000030000,cv,5200,1300,0.975891124260355,0.9259547934528448,0.9383886255924172,0.913846153846154,0.926923076923077
ddi_only_fusion,low_level-low_level,3,0,42000030000,cv,5200,1300,0.9958592132505176,0.9302325581395348,0.9090909090909092,0.9523809523809524,0.9318181818181818
ddi_only_fusion,low_level-mid_level,3,0,42000030000,cv,5200,1300,0.971858173321142,0.9191919191919192,0.9479166666666666,0.8921568627450981,0.9457627118644067
ddi_only_fusion,low_level-deep_level,3,0,42000030000,cv,5200,1300,0.992063492063492,0.927536231884058,0.9411764705882352,0.9142857142857144,0.9438202247191012
ddi_only_fusion,mid_level-mid_level,3,0,42000030000,cv,5200,1300,0.9766922757475084,0.9278752436647172,0.9333333333333332,0.9224806201550388,0.9232365145228216
ddi_only_fusion,mid_level-deep_level,3,0,42000030000,cv,5200,1300,0.9613866863359763,0.9100817438692098,0.9277777777777778,0.893048128342246,0.9006024096385542
ddi_only_fusion,deep_level-deep_level,3,0,42000030000,cv,5200,1300,1.0,0.989247311827957,1.0,0.9787234042553192,0.9827586206896552
ddi_only_topo_only,overall,3,0,42000030000,cv,5200,1300,0.9400757396449704,0.8725637181409296,0.8508771929824561,0.8953846153846153,0.8692307692307693
ddi_only_topo_only,low_level-low_level,3,0,42000030000,cv,5200,1300,0.989648033126294,0.9047619047619048,0.9047619047619048,0.9047619047619048,0.9090909090909092
ddi_only_topo_only,low_level-mid_level,3,0,42000030000,cv,5200,1300,0.9338616275525756,0.8436018957345972,0.8165137614678899,0.8725490196078431,0.888135593220339
ddi_only_topo_only,low_level-deep_level,3,0,42000030000,cv,5200,1300,0.9312169312169312,0.7894736842105263,0.7317073170731707,0.8571428571428571,0.8202247191011236
ddi_only_topo_only,mid_level-mid_level,3,0,42000030000,cv,5200,1300,0.9384343853820598,0.8752399232245681,0.8669201520912547,0.8837209302325582,0.8651452282157677
ddi_only_topo_only,mid_level-deep_level,3,0,42000030000,cv,5200,1300,0.9256131292642448,0.8746803069053708,0.8382352941176471,0.9144385026737968,0.8524096385542169
ddi_only_topo_only,deep_level-deep_level,3,0,42000030000,cv,5200,1300,0.9806576402321084,0.967741935483871,0.9782608695652174,0.9574468085106383,0.9482758620689656
mesh_only,overall,3,0,42000030000,cv,5200,1300,0.9616047337278106,0.9133383571966842,0.8951255539143279,0.9323076923076924,0.9115384615384616
mesh_only,low_level-low_level,3,0,42000030000,cv,5200,1300,0.9668737060041408,0.9047619047619048,0.9047619047619048,0.9047619047619048,0.9090909090909092
mesh_only,low_level-mid_level,3,0,42000030000,cv,5200,1300,0.9528091029157776,0.8461538461538461,0.8301886792452831,0.8627450980392157,0.8915254237288136
mesh_only,low_level-deep_level,3,0,42000030000,cv,5200,1300,0.9677248677248677,0.9295774647887324,0.9166666666666666,0.9428571428571428,0.9438202247191012
mesh_only,mid_level-mid_level,3,0,42000030000,cv,5200,1300,0.967781007751938,0.9277566539923956,0.9104477611940298,0.9457364341085271,0.921161825726141
mesh_only,mid_level-deep_level,3,0,42000030000,cv,5200,1300,0.9417665498801402,0.9090909090909092,0.8838383838383839,0.9358288770053476,0.8945783132530121
mesh_only,deep_level-deep_level,3,0,42000030000,cv,5200,1300,0.9980657640232108,0.9894736842105264,0.9791666666666666,1.0,0.9827586206896552
common_neighbors,overall,3,0,42000030000,cv,5200,1300,0.8997183431952662,0.8099415204678363,0.7715877437325905,0.8523076923076923,0.8
common_neighbors,low_level-low_level,3,0,42000030000,cv,5200,1300,0.917184265010352,0.8,0.8421052631578947,0.7619047619047619,0.8181818181818182
common_neighbors,low_level-mid_level,3,0,42000030000,cv,5200,1300,0.8260184902976735,0.6730769230769231,0.660377358490566,0.6862745098039216,0.7694915254237288
common_neighbors,low_level-deep_level,3,0,42000030000,cv,5200,1300,0.87989417989418,0.717948717948718,0.6511627906976745,0.8,0.7528089887640449
common_neighbors,mid_level-mid_level,3,0,42000030000,cv,5200,1300,0.9017684108527132,0.8314606741573034,0.8043478260869565,0.8604651162790697,0.8132780082987552
common_neighbors,mid_level-deep_level,3,0,42000030000,cv,5200,1300,0.91928821685414,0.8349514563106796,0.7644444444444445,0.9197860962566844,0.7951807228915663
common_neighbors,deep_level-deep_level,3,0,42000030000,cv,5200,1300,0.9777562862669246,0.9583333333333334,0.9387755102040816,0.9787234042553192,0.9310344827586208
degree_product,overall,3,0,42000030000,cv,5200,1300,0.7969869822485207,0.7375243033052495,0.6371780515117581,0.8753846153846154,0.6884615384615385
degree_product,low_level-low_level,3,0,42000030000,cv,5200,1300,0.7391304347826086,0.6363636363636364,0.6086956521739131,0.6666666666666666,0.6363636363636364
degree_product,low_level-mid_level,3,0,42000030000,cv,5200,1300,0.6901351214060754,0.5482625482625483,0.4522292993630573,0.696078431372549,0.6033898305084746
degree_product,low_level-deep_level,3,0,42000030000,cv,5200,1300,0.7306878306878307,0.6236559139784946,0.5,0.8285714285714286,0.6067415730337079
degree_product,mid_level-mid_level,3,0,42000030000,cv,5200,1300,0.8117559523809524,0.7720465890183028,0.6763848396501457,0.8992248062015504,0.7157676348547718
degree_product,mid_level-deep_level,3,0,42000030000,cv,5200,1300,0.8251890097731883,0.7928730512249443,0.6793893129770993,0.9518716577540108,0.7198795180722891
degree_product,deep_level-deep_level,3,0,42000030000,cv,5200,1300,0.9032882011605416,0.9278350515463918,0.9,0.9574468085106383,0.8793103448275862
negative_count,overall,3,0,42000030000,cv,5200,1300,0.9794165680473372,0.9313099041533548,0.96843853820598,0.8969230769230769,0.933846153846154
negative_count,low_level-low_level,3,0,42000030000,cv,5200,1300,0.989648033126294,0.926829268292683,0.95,0.9047619047619048,0.9318181818181818
negative_count,low_level-mid_level,3,0,42000030000,cv,5200,1300,0.9825764502692268,0.9547738693467336,0.979381443298969,0.931372549019608,0.9694915254237289
negative_count,low_level-deep_level,3,0,42000030000,cv,5200,1300,0.9544973544973544,0.9393939393939394,1.0,0.8857142857142857,0.9550561797752808
negative_count,mid_level-mid_level,3,0,42000030000,cv,5200,1300,0.9832070182724252,0.915811088295688,0.9737991266375546,0.8643410852713178,0.9149377593360996
negative_count,mid_level-deep_level,3,0,42000030000,cv,5200,1300,0.970864834962198,0.926027397260274,0.949438202247191,0.9037433155080212,0.9186746987951808
negative_count,deep_level-deep_level,3,0,42000030000,cv,5200,1300,0.983558994197292,0.9787234042553192,0.9787234042553192,0.9787234042553192,0.9655172413793104
full_fusion,overall,3,1,42001030000,cv,5200,1300,0.9913136094674556,0.9560524286815728,0.9582689335394128,0.953846153846154,0.956153846153846
full_fusion,low_level-low_level,3,1,42001030000,cv,5200,1300,0.9989583333333332,0.979591836734694,0.96,1.0,0.984375
full_fusion,low_level-mid_level,3,1,42001030000,cv,5200,1300,0.9870430107526882,0.9306930693069309,0.9215686274509804,0.94,0.951048951048951
full_fusion,low_level-deep_level,3,1,42001030000,cv,5200,1300,0.9914748508098892,0.9565217391304348,0.9565217391304348,0.9565217391304348,0.9587628865979382
full_fusion,mid_level-mid_level,3,1,42001030000,cv,5200,1300,0.9934495728675252,0.9623762376237625,0.9642857142857144,0.9604743083003952,0.9620758483033932
full_fusion,mid_level-deep_level,3,1,42001030000,cv,5200,1300,0.9852490421455938,0.9464788732394366,0.96,0.9333333333333332,0.9358108108108107
full_fusion,deep_level-deep_level,3,1,42001030000,cv,5200,1300,1.0,1.0,1.0,1.0,1.0
full_topo_only,overall,3,1,42001030000,cv,5200,1300,0.9428828402366864,0.8630451415455241,0.8584474885844748,0.8676923076923077,0.8623076923076923
full_topo_only,low_level-low_level,3,1,42001030000,cv,5200,1300,0.9333333333333332,0.7916666666666666,0.7916666666666666,0.7916666666666666,0.84375
full_topo_only,low_level-mid_level,3,1,42001030000,cv,5200,1300,0.938010752688172,0.8148148148148148,0.7586206896551724,0.88,0.8601398601398601
full_topo_only,low_level-deep_level,3,1,42001030000,cv,5200,1300,0.9718670076726342,0.8863636363636364,0.9285714285714286,0.8478260869565217,0.8969072164948454
full_topo_only,mid_level-mid_level,3,1,42001030000,cv,5200,1300,0.9409027157975264,0.8683693516699411,0.86328125,0.8735177865612648,0.8662674650698603
full_topo_only,mid_level-deep_level,3,1,42001030000,cv,5200,1300,0.9374521072796936,0.8739495798319328,0.8813559322033898,0.8666666666666667,0.847972972972973
full_topo_only,deep_level-deep_level,3,1,42001030000,cv,5200,1300,0.9692671394799056,0.9213483146067416,0.9761904761904762,0.8723404255319149,0.875
no_ddi_fusion,overall,3,1,42001030000,cv,5200,1300,0.9923952662721892,0.9476190476190476,0.978688524590164,0.9184615384615384,0.9492307692307692
no_ddi_fusion,low_level-low_level,3,1,42001030000,cv,5200,1300,0.9989583333333332,0.9787234042553192,1.0,0.9583333333333334,0.984375
no_ddi_fusion,low_level-mid_level,3,1,42001030000,cv,5200,1300,0.9918817204301076,0.9278350515463918,0.9574468085106383,0.9,0.951048951048951
no_ddi_fusion,low_level-deep_level,3,1,42001030000,cv,5200,1300,0.9940323955669224,0.945054945054945,0.9555555555555556,0.9347826086956522,0.9484536082474226
no_ddi_fusion,mid_level-mid_level,3,1,42001030000,cv,5200,1300,0.9923179905648348,0.9510204081632652,0.9831223628691984,0.9209486166007904,0.9520958083832336
no_ddi_fusion,mid_level-deep_level,3,1,42001030000,cv,5200,1300,0.987883141762452,0.9452449567723344,0.9820359281437124,0.9111111111111112,0.9358108108108107
no_ddi_fusion,deep_level-deep_level,3,1,42001030000,cv,5200,1300,1.0,0.967032967032967,1.0,0.9361702127659576,0.9464285714285714
no_ddi_topo_only,overall,3,1,42001030000,cv,5200,1300,0.8863763313609467,0.7909604519774012,0.831918505942275,0.7538461538461538,0.8007692307692308
no_ddi_topo_only,low_level-low_level,3,1,42001030000,cv,5200,1300,0.8270833333333334,0.7441860465116279,0.8421052631578947,0.6666666666666666,0.828125
no_ddi_topo_only,low_level-mid_level,3,1,42001030000,cv,5200,1300,0.8853225806451612,0.7373737373737373,0.7448979591836735,0.73,0.8181818181818182
no_ddi_topo_only,low_level-deep_level,3,1,42001030000,cv,5200,1300,0.8486786018755329,0.775,0.9117647058823528,0.6739130434782609,0.8144329896907216
no_ddi_topo_only,mid_level-mid_level,3,1,42001030000,cv,5200,1300,0.9052658421522376,0.8056112224448898,0.8170731707317073,0.7944664031620553,0.8063872255489022
no_ddi_topo_only,mid_level-deep_level,3,1,42001030000,cv,5200,1300,0.8450191570881227,0.7794561933534743,0.8543046357615894,0.7166666666666667,0.7533783783783784
no_ddi_topo_only,deep_level-deep_level,3,1,42001030000,cv,5200,1300,0.933806146572104,0.9090909090909092,0.975609756097561,0.851063829787234,0.8571428571428571
ddi_only_fusion,overall,3,1,42001030000,cv,5200,1300,0.9898082840236686,0.9506656225528582,0.9681020733652312,0.933846153846154,0.9515384615384616
ddi_only_fusion,low_level-low_level,3,1,42001030000,cv,5200,1300,0.9989583333333332,0.979591836734694,0.96,1.0,0.984375
ddi_only_fusion,low_level-mid_level,3,1,42001030000,cv,5200,1300,0.9839247311827958,0.90625,0.9456521739130436,0.87,0.9370629370629372
ddi_only_fusion,low_level-deep_level,3,1,42001030000,cv,5200,1300,0.9953111679454392,0.967032967032967,0.9777777777777776,0.9565217391304348,0.9690721649484536
ddi_only_fusion,mid_level-mid_level,3,1,42001030000,cv,5200,1300,0.989544817034298,0.9537223340040242,0.971311475409836,0.9367588932806324,0.9540918163672656
ddi_only_fusion,mid_level-deep_level,3,1,42001030000,cv,5200,1300,0.9849137931034484,0.952112676056338,0.9657142857142856,0.9388888888888888,0.9425675675675677
ddi_only_fusion,deep_level-deep_level,3,1,42001030000,cv,5200,1300,1.0,0.989247311827957,1.0,0.9787234042553192,0.9821428571428572
ddi_only_topo_only,overall,3,1,42001030000,cv,5200,1300,0.944814201183432,0.8770053475935828,0.8710166919575114,0.8830769230769231,0.8761538461538462
ddi_only_topo_only,low_level-low_level,3,1,42001030000,cv,5200,1300,0.9458333333333332,0.8085106382978723,0.8260869565217391,0.7916666666666666,0.859375
ddi_only_topo_only,low_level-mid_level,3,1,42001030000,cv,5200,1300,0.9335483870967742,0.784688995215311,0.7522935779816514,0.82,0.8426573426573427
ddi_only_topo_only,low_level-deep_level,3,1,42001030000,cv,5200,1300,0.9603580562659846,0.8735632183908046,0.926829268292683,0.8260869565217391,0.8865979381443299
ddi_only_topo_only,mid_level-mid_level,3,1,42001030000,cv,5200,1300,0.9433571337498406,0.8828125,0.8725868725868726,0.8932806324110671,0.8802395209580839
ddi_only_topo_only,mid_level-deep_level,3,1,42001030000,cv,5200,1300,0.9510057471264368,0.9196675900277008,0.9171270718232044,0.9222222222222224,0.902027027027027
ddi_only_topo_only,deep_level-deep_level,3,1,42001030000,cv,5200,1300,0.9361702127659576,0.9247311827956988,0.9347826086956522,0.9148936170212766,0.875
mesh_only,overall,3,1,42001030000,cv,5200,1300,0.9700023668639052,0.9036144578313252,0.8849557522123894,0.9230769230769232,0.9015384615384616
mesh_only,low_level-low_level,3,1,42001030000,cv,5200,1300,0.9885416666666668,0.92,0.8846153846153846,0.9583333333333334,0.9375
mesh_only,low_level-mid_level,3,1,42001030000,cv,5200,1300,0.956505376344086,0.8585365853658536,0.8380952380952381,0.88,0.8986013986013986
mesh_only,low_level-deep_level,3,1,42001030000,cv,5200,1300,0.9948849104859336,0.946236559139785,0.9361702127659576,0.9565217391304348,0.9484536082474226
mesh_only,mid_level-mid_level,3,1,42001030000,cv,5200,1300,0.9711048068341196,0.9115384615384616,0.8876404494382022,0.9367588932806324,0.908183632734531
mesh_only,mid_level-deep_level,3,1,42001030000,cv,5200,1300,0.9538793103448276,0.8876712328767123,0.8756756756756757,0.9,0.8614864864864865
mesh_only,deep_level-deep_level,3,1,42001030000,cv,5200,1300,0.9810874704491724,0.968421052631579,0.9583333333333334,0.9787234042553192,0.9464285714285714
common_neighbors,overall,3,1,42001030000,cv,5200,1300,0.898269822485207,0.8248914616497829,0.7786885245901639,0.8769230769230769,0.8138461538461539
common_neighbors,low_level-low_level,3,1,42001030000,cv,5200,1300,0.9119791666666668,0.84,0.8076923076923077,0.875,0.875
common_neighbors,low_level-mid_level,3,1,42001030000,cv,5200,1300,0.8677688172043011,0.7511737089201878,0.7079646017699115,0.8,0.8146853146853147
common_neighbors,low_level-deep_level,3,1,42001030000,cv,5200,1300,0.9000426257459506,0.8041237113402062,0.7647058823529411,0.8478260869565217,0.8041237113402062
common_neighbors,mid_level-mid_level,3,1,42001030000,cv,5200,1300,0.887176463088104,0.8073394495412844,0.7534246575342466,0.8695652173913043,0.7904191616766467
common_neighbors,mid_level-deep_level,3,1,42001030000,cv,5200,1300,0.9010775862068966,0.8608923884514436,0.8159203980099502,0.9111111111111112,0.8209459459459459
common_neighbors,deep_level-deep_level,3,1,42001030000,cv,5200,1300,0.9739952718676124,0.9583333333333334,0.9387755102040816,0.9787234042553192,0.9285714285714286
degree_product,overall,3,1,42001030000,cv,5200,1300,0.7958343195266273,0.7397993311036789,0.6544378698224852,0.8507692307692307,0.7007692307692308
degree_product,low_level-low_level,3,1,42001030000,cv,5200,1300,0.753125,0.6274509803921569,0.5925925925925926,0.6666666666666666,0.703125
degree_product,low_level-mid_level,3,1,42001030000,cv,5200,1300,0.7469892473118279,0.6072874493927125,0.5102040816326531,0.75,0.6608391608391608
degree_product,low_level-deep_level,3,1,42001030000,cv,5200,1300,0.7953964194373402,0.7272727272727273,0.6792452830188679,0.782608695652174,0.7216494845360825
degree_product,mid_level-mid_level,3,1,42001030000,cv,5200,1300,0.7784489353563688,0.7233333333333334,0.6253602305475504,0.857707509881423,0.6686626746506986
degree_product,mid_level-deep_level,3,1,42001030000,cv,5200,1300,0.7917624521072797,0.8109452736318408,0.7342342342342343,0.9055555555555556,0.7432432432432432
degree_product,deep_level-deep_level,3,1,42001030000,cv,5200,1300,0.8817966903073287,0.9583333333333334,0.9387755102040816,0.9787234042553192,0.9285714285714286
negative_count,overall,3,1,42001030000,cv,5200,1300,0.9885881656804734,0.9508196721311476,0.96513470681458,0.936923076923077,0.9515384615384616
negative_count,low_level-low_level,3,1,42001030000,cv,5200,1300,0.996875,0.9411764705882352,0.8888888888888888,1.0,0.953125
negative_count,low_level-mid_level,3,1,42001030000,cv,5200,1300,0.9843279569892474,0.9035532994923858,0.9175257731958762,0.89,0.9335664335664337
negative_count,low_level-deep_level,3,1,42001030000,cv,5200,1300,0.990622335890878,0.945054945054945,0.9555555555555556,0.9347826086956522,0.9484536082474226
negative_count,mid_level-mid_level,3,1,42001030000,cv,5200,1300,0.9904054570954992,0.964,0.9757085020242916,0.9525691699604744,0.9640718562874252
negative_count,mid_level-deep_level,3,1,42001030000,cv,5200,1300,0.986278735632184,0.9542857142857144,0.9823529411764704,0.9277777777777778,0.945945945945946
negative_count,deep_level-deep_level,3,1,42001030000,cv,5200,1300,0.9881796690307328,0.9782608695652174,1.0,0.9574468085106383,0.9642857142857144
full_fusion,overall,3,2,42002030000,cv,5200,1300,0.9914686390532544,0.9562547966231773,0.9540581929555896,0.9584615384615384,0.956153846153846
full_fusion,low_level-low_level,3,2,42002030000,cv,5200,1300,0.9981203007518796,0.972972972972973,1.0,0.9473684210526316,0.9787234042553192
full_fusion,low_level-mid_level,3,2,42002030000,cv,5200,1300,0.993939393939394,0.9629629629629628,0.981132075471698,0.9454545454545454,0.971830985915493
full_fusion,low_level-deep_level,3,2,42002030000,cv,5200,1300,0.9957142857142858,0.9642857142857144,0.9642857142857144,0.9642857142857144,0.9622641509433962
full_fusion,mid_level-mid_level,3,2,42002030000,cv,5200,1300,0.9876600404312668,0.9281045751633988,0.9063829787234042,0.9508928571428572,0.9325153374233128
full_fusion,mid_level-deep_level,3,2,42002030000,cv,5200,1300,0.9981355932203392,0.9824561403508772,0.984924623115578,0.98,0.9779874213836478
full_fusion,deep_level-deep_level,3,2,42002030000,cv,5200,1300,0.9560975609756096,0.95,0.9743589743589745,0.926829268292683,0.9285714285714286
full_topo_only,overall,3,2,42002030000,cv,5200,1300,0.943239053254438,0.8683812405446294,0.8541666666666666,0.8830769230769231,0.8661538461538462
full_topo_only,low_level-low_level,3,2,42002030000,cv,5200,1300,0.9774436090225564,0.9142857142857144,1.0,0.8421052631578947,0.9361702127659576
full_topo_only,low_level-mid_level,3,2,42002030000,cv,5200,1300,0.9088819226750262,0.775330396475771,0.7521367521367521,0.8,0.8204225352112676
full_topo_only,low_level-deep_level,3,2,42002030000,cv,5200,1300,0.9721428571428572,0.9090909090909092,0.925925925925926,0.8928571428571429,0.9056603773584906
full_topo_only,mid_level-mid_level,3,2,42002030000,cv,5200,1300,0.9387803234501348,0.854122621564482,0.8112449799196787,0.9017857142857144,0.8588957055214724
full_topo_only,mid_level-deep_level,3,2,42002030000,cv,5200,1300,0.9617796610169492,0.9191919191919192,0.9285714285714286,0.91,0.89937106918239
full_topo_only,deep_level-deep_level,3,2,42002030000,cv,5200,1300,0.88130081300813,0.8888888888888888,0.9,0.8780487804878049,0.8392857142857143
no_ddi_fusion,overall,3,2,42002030000,cv,5200,1300,0.9938721893491124,0.97138437741686,0.9766718506998444,0.966153846153846,0.9715384615384616
no_ddi_fusion,low_level-low_level,3,2,42002030000,cv,5200,1300,0.9962406015037594,0.9444444444444444,1.0,0.8947368421052632,0.9574468085106383
no_ddi_fusion,low_level-mid_level,3,2,42002030000,cv,5200,1300,0.995924764890282,0.9908256880733946,1.0,0.9818181818181818,0.9929577464788732
no_ddi_fusion,low_level-deep_level,3,2,42002030000,cv,5200,1300,0.9985714285714286,0.9724770642201837,1.0,0.9464285714285714,0.9716981132075472
no_ddi_fusion,mid_level-mid_level,3,2,42002030000,cv,5200,1300,0.9882917789757412,0.9511111111111112,0.9469026548672568,0.9553571428571428,0.9550102249488752
no_ddi_fusion,mid_level-deep_level,3,2,42002030000,cv,5200,1300,0.998177966101695,0.985,0.985,0.985,0.981132075471698
no_ddi_fusion,deep_level-deep_level,3,2,42002030000,cv,5200,1300,0.9918699186991872,0.975,1.0,0.951219512195122,0.9642857142857144
no_ddi_topo_only,overall,3,2,42002030000,cv,5200,1300,0.862631952662722,0.7474747474747475,0.8252788104089219,0.683076923076923,0.7692307692307693
no_ddi_topo_only,low_level-low_level,3,2,42002030000,cv,5200,1300,0.8383458646616542,0.5625,0.6923076923076923,0.4736842105263157,0.7021276595744681
no_ddi_topo_only,low_level-mid_level,3,2,42002030000,cv,5200,1300,0.8373040752351097,0.6555555555555556,0.8428571428571429,0.5363636363636364,0.7816901408450704
no_ddi_topo_only,low_level-deep_level,3,2,42002030000,cv,5200,1300,0.8875,0.7884615384615384,0.8541666666666666,0.7321428571428571,0.7924528301886793
no_ddi_topo_only,mid_level-mid_level,3,2,42002030000,cv,5200,1300,0.8459400269541779,0.7203791469194313,0.7676767676767676,0.6785714285714286,0.7586912065439673
no_ddi_topo_only,mid_level-deep_level,3,2,42002030000,cv,5200,1300,0.8847881355932203,0.8238482384823849,0.8994082840236687,0.76,0.7955974842767296
no_ddi_topo_only,deep_level-deep_level,3,2,42002030000,cv,5200,1300,0.783739837398374,0.7654320987654321,0.775,0.7560975609756098,0.6607142857142857
ddi_only_fusion,overall,3,2,42002030000,cv,5200,1300,0.9904449704142012,0.9560524286815728,0.9582689335394128,0.953846153846154,0.956153846153846
ddi_only_fusion,low_level-low_level,3,2,42002030000,cv,5200,1300,0.9887218045112782,0.8888888888888888,0.9411764705882352,0.8421052631578947,0.9148936170212766
ddi_only_fusion,low_level-mid_level,3,2,42002030000,cv,5200,1300,0.9940438871473354,0.9493087557603688,0.9626168224299064,0.9363636363636364,0.9612676056338028
ddi_only_fusion,low_level-deep_level,3,2,42002030000,cv,5200,1300,0.9939285714285714,0.9636363636363636,0.9814814814814816,0.9464285714285714,0.9622641509433962
ddi_only_fusion,mid_level-mid_level,3,2,42002030000,cv,5200,1300,0.9873820754716982,0.9403973509933776,0.9301310043668122,0.9508928571428572,0.9447852760736196
ddi_only_fusion,mid_level-deep_level,3,2,42002030000,cv,5200,1300,0.9970338983050848,0.985,0.985,0.985,0.981132075471698
ddi_only_fusion,deep_level-deep_level,3,2,42002030000,cv,5200,1300,0.9479674796747968,0.9382716049382716,0.95,0.926829268292683,0.9107142857142856
ddi_only_topo_only,overall,3,2,42002030000,cv,5200,1300,0.929705325443787,0.858814923189466,0.8186889818688982,0.9030769230769232,0.8515384615384616
ddi_only_topo_only,low_level-low_level,3,2,42002030000,cv,5200,1300,0.9680451127819548,0.85,0.8095238095238095,0.8947368421052632,0.8723404255319149
ddi_only_topo_only,low_level-mid_level,3,2,42002030000,cv,5200,1300,0.8999477533960293,0.7639484978540773,0.7235772357723578,0.8090909090909091,0.8063380281690141
ddi_only_topo_only,low_level-deep_level,3,2,42002030000,cv,5200,1300,0.9417857142857142,0.8620689655172413,0.8333333333333334,0.8928571428571429,0.8490566037735849
ddi_only_topo_only,mid_level-mid_level,3,2,42002030000,cv,5200,1300,0.9220687331536388,0.8512396694214877,0.7923076923076923,0.9196428571428572,0.852760736196319
ddi_only_topo_only,mid_level-deep_level,3,2,42002030000,cv,5200,1300,0.9459745762711864,0.9174757281553398,0.8915094339622641,0.945,0.8930817610062893
ddi_only_topo_only,deep_level-deep_level,3,2,42002030000,cv,5200,1300,0.9008130081300812,0.8780487804878049,0.8780487804878049,0.8780487804878049,0.8214285714285714
mesh_only,overall,3,2,42002030000,cv,5200,1300,0.9596804733727812,0.8917293233082707,0.8720588235294118,0.9123076923076924,0.8892307692307693
mesh_only,low_level-low_level,3,2,42002030000,cv,5200,1300,0.9962406015037596,0.9142857142857144,1.0,0.8421052631578947,0.9361702127659576
mesh_only,low_level-mid_level,3,2,42002030000,cv,5200,1300,0.9515673981191224,0.8546255506607929,0.8290598290598291,0.8818181818181818,0.8838028169014085
mesh_only,low_level-deep_level,3,2,42002030000,cv,5200,1300,0.9653571428571428,0.8990825688073395,0.9245283018867924,0.875,0.8962264150943396
mesh_only,mid_level-mid_level,3,2,42002030000,cv,5200,1300,0.9463106469002696,0.8638297872340426,0.8252032520325203,0.90625,0.869120654396728
mesh_only,mid_level-deep_level,3,2,42002030000,cv,5200,1300,0.981271186440678,0.9362745098039216,0.9182692307692308,0.955,0.9182389937106918
mesh_only,deep_level-deep_level,3,2,42002030000,cv,5200,1300,0.9414634146341464,0.9135802469135802,0.925,0.902439024390244,0.875
common_neighbors,overall,3,2,42002030000,cv,5200,1300,0.9150532544378698,0.8374816983894583,0.7988826815642458,0.88,0.8292307692307692
common_neighbors,low_level-low_level,3,2,42002030000,cv,5200,1300,0.918233082706767,0.7777777777777778,0.8235294117647058,0.7368421052631579,0.8297872340425532
common_neighbors,low_level-mid_level,3,2,42002030000,cv,5200,1300,0.8987983281086729,0.7878787878787878,0.7520661157024794,0.8272727272727273,0.8274647887323944
common_neighbors,low_level-deep_level,3,2,42002030000,cv,5200,1300,0.8921428571428571,0.8108108108108109,0.8181818181818182,0.8035714285714286,0.8018867924528302
common_neighbors,mid_level-mid_level,3,2,42002030000,cv,5200,1300,0.9224561994609164,0.8326530612244898,0.7669172932330827,0.9107142857142856,0.8323108384458078
common_neighbors,mid_level-deep_level,3,2,42002030000,cv,5200,1300,0.918093220338983,0.875,0.8425925925925926,0.91,0.8364779874213837
common_neighbors,deep_level-deep_level,3,2,42002030000,cv,5200,1300,0.8617886178861788,0.8780487804878049,0.8780487804878049,0.8780487804878049,0.8214285714285714
degree_product,overall,3,2,42002030000,cv,5200,1300,0.8052946745562131,0.756591048436542,0.6289500509683996,0.9492307692307692,0.6946153846153846
degree_product,low_level-low_level,3,2,42002030000,cv,5200,1300,0.8007518796992481,0.7083333333333334,0.5862068965517241,0.8947368421052632,0.7021276595744681
degree_product,low_level-mid_level,3,2,42002030000,cv,5200,1300,0.7821316614420062,0.6622950819672131,0.517948717948718,0.9181818181818182,0.6373239436619719
degree_product,low_level-deep_level,3,2,42002030000,cv,5200,1300,0.7453571428571428,0.7575757575757576,0.6578947368421053,0.8928571428571429,0.6981132075471698
degree_product,mid_level-mid_level,3,2,42002030000,cv,5200,1300,0.8184888814016174,0.7272727272727273,0.5837837837837838,0.9642857142857144,0.6687116564417178
degree_product,mid_level-deep_level,3,2,42002030000,cv,5200,1300,0.8073305084745762,0.8423326133909287,0.7414448669201521,0.975,0.7704402515723271
degree_product,deep_level-deep_level,3,2,42002030000,cv,5200,1300,0.7235772357723578,0.8539325842696629,0.7916666666666666,0.926829268292683,0.7678571428571429
negative_count,overall,3,2,42002030000,cv,5200,1300,0.9890508875739644,0.9492307692307692,0.9492307692307692,0.9492307692307692,0.9492307692307692
negative_count,low_level-low_level,3,2,42002030000,cv,5200,1300,0.9981203007518796,0.9743589743589745,0.95,1.0,0.9787234042553192
negative_count,low_level-mid_level,3,2,42002030000,cv,5200,1300,0.9958725182863112,0.968609865470852,0.9557522123893806,0.9818181818181818,0.9753521126760564
negative_count,low_level-deep_level,3,2,42002030000,cv,5200,1300,0.98875,0.9629629629629628,1.0,0.9285714285714286,0.9622641509433962
negative_count,mid_level-mid_level,3,2,42002030000,cv,5200,1300,0.9856721698113208,0.9265033407572384,0.9244444444444444,0.9285714285714286,0.9325153374233128
negative_count,mid_level-deep_level,3,2,42002030000,cv,5200,1300,0.9901906779661016,0.96,0.96,0.96,0.949685534591195
negative_count,deep_level-deep_level,3,2,42002030000,cv,5200,1300,0.9471544715447154,0.9382716049382716,0.95,0.926829268292683,0.9107142857142856
full_fusion,overall,3,3,42003030000,cv,5200,1300,0.9895573964497042,0.9635376260667184,0.971830985915493,0.9553846153846154,0.9638461538461538
full_fusion,low_level-low_level,3,3,42003030000,cv,5200,1300,1.0,1.0,1.0,1.0,1.0
full_fusion,low_level-mid_level,3,3,42003030000,cv,5200,1300,0.9842767295597484,0.946341463414634,0.9797979797979798,0.9150943396226416,0.9615384615384616
full_fusion,low_level-deep_level,3,3,42003030000,cv,5200,1300,0.9881680946552428,0.963855421686747,1.0,0.9302325581395348,0.97
full_fusion,mid_level-mid_level,3,3,42003030000,cv,5200,1300,0.9938257261410788,0.968944099378882,0.9669421487603306,0.970954356846473,0.9694501018329938
full_fusion,mid_level-deep_level,3,3,42003030000,cv,5200,1300,0.9826265497907288,0.9576059850374063,0.96,0.9552238805970148,0.9480122324159022
full_fusion,deep_level-deep_level,3,3,42003030000,cv,5200,1300,0.9959183673469388,0.9896907216494846,1.0,0.979591836734694,0.9830508474576272
full_topo_only,overall,3,3,42003030000,cv,5200,1300,0.95021775147929,0.8715596330275229,0.8662613981762918,0.8769230769230769,0.8707692307692307
full_topo_only,low_level-low_level,3,3,42003030000,cv,5200,1300,0.9296296296296296,0.7619047619047619,0.7272727272727273,0.8,0.8648648648648649
full_topo_only,low_level-mid_level,3,3,42003030000,cv,5200,1300,0.9485849056603776,0.8425925925925926,0.8272727272727273,0.8584905660377359,0.8811188811188811
full_topo_only,low_level-deep_level,3,3,42003030000,cv,5200,1300,0.9453284373725008,0.8636363636363636,0.8444444444444444,0.8837209302325582,0.88
full_topo_only,mid_level-mid_level,3,3,42003030000,cv,5200,1300,0.9481327800829876,0.8636363636363636,0.8600823045267489,0.8672199170124482,0.8655804480651731
full_topo_only,mid_level-deep_level,3,3,42003030000,cv,5200,1300,0.9466161257206032,0.8883374689826302,0.8861386138613861,0.8905472636815921,0.8623853211009175
full_topo_only,deep_level-deep_level,3,3,42003030000,cv,5200,1300,0.9408163265306122,0.9375,0.9574468085106383,0.9183673469387756,0.8983050847457628
no_ddi_fusion,overall,3,3,42003030000,cv,5200,1300,0.990014201183432,0.9642301710730948,0.9748427672955976,0.953846153846154,0.9646153846153848
no_ddi_fusion,low_level-low_level,3,3,42003030000,cv,5200,1300,1.0,0.9523809523809524,0.9090909090909092,1.0,0.972972972972973
no_ddi_fusion,low_level-mid_level,3,3,42003030000,cv,5200,1300,0.9845911949685534,0.9371980676328504,0.9603960396039604,0.9150943396226416,0.9545454545454546
no_ddi_fusion,low_level-deep_level,3,3,42003030000,cv,5200,1300,0.9767441860465116,0.9647058823529412,0.9761904761904762,0.9534883720930232,0.97
no_ddi_fusion,mid_level-mid_level,3,3,42003030000,cv,5200,1300,0.993078838174274,0.9665271966527196,0.9746835443037974,0.95850622406639,0.9674134419551936
no_ddi_fusion,mid_level-deep_level,3,3,42003030000,cv,5200,1300,0.9892995340756536,0.9722921914357684,0.9846938775510204,0.9601990049751244,0.9663608562691132
no_ddi_fusion,deep_level-deep_level,3,3,42003030000,cv,5200,1300,0.9979591836734694,0.979591836734694,0.979591836734694,0.979591836734694,0.9661016949152542
no_ddi_topo_only,overall,3,3,42003030000,cv,5200,1300,0.887024852071006,0.7909238249594813,0.8356164383561644,0.7507692307692307,0.8015384615384615
no_ddi_topo_only,low_level-low_level,3,3,42003030000,cv,5200,1300,0.8814814814814815,0.7,0.7,0.7,0.8378378378378378
no_ddi_topo_only,low_level-mid_level,3,3,42003030000,cv,5200,1300,0.8922955974842768,0.7643979057591623,0.8588235294117647,0.6886792452830188,0.8426573426573427
no_ddi_topo_only,low_level-deep_level,3,3,42003030000,cv,5200,1300,0.8792329661362708,0.7848101265822784,0.8611111111111112,0.7209302325581395,0.83
no_ddi_topo_only,mid_level-mid_level,3,3,42003030000,cv,5200,1300,0.876896265560166,0.755939524838013,0.7882882882882883,0.7261410788381742,0.769857433808554
no_ddi_topo_only,mid_level-deep_level,3,3,42003030000,cv,5200,1300,0.8752665245202559,0.8247422680412371,0.8556149732620321,0.7960199004975125,0.7920489296636085
no_ddi_topo_only,deep_level-deep_level,3,3,42003030000,cv,5200,1300,0.8938775510204082,0.9032258064516128,0.9545454545454546,0.8571428571428571,0.847457627118644
ddi_only_fusion,overall,3,3,42003030000,cv,5200,1300,0.9915455621301776,0.9611197511664076,0.9716981132075472,0.9507692307692308,0.9615384615384616
ddi_only_fusion,low_level-low_level,3,3,42003030000,cv,5200,1300,1.0,1.0,1.0,1.0,1.0
ddi_only_fusion,low_level-mid_level,3,3,42003030000,cv,5200,1300,0.9901991614255764,0.941747572815534,0.97,0.9150943396226416,0.958041958041958
ddi_only_fusion,low_level-deep_level,3,3,42003030000,cv,5200,1300,0.9804161566707468,0.9767441860465116,0.9767441860465116,0.9767441860465116,0.98
ddi_only_fusion,mid_level-mid_level,3,3,42003030000,cv,5200,1300,0.995369294605809,0.9688149688149688,0.9708333333333332,0.966804979253112,0.9694501018329938
ddi_only_fusion,mid_level-deep_level,3,3,42003030000,cv,5200,1300,0.9849956566374478,0.9518987341772152,0.9690721649484536,0.9353233830845772,0.9418960244648318
ddi_only_fusion,deep_level-deep_level,3,3,42003030000,cv,5200,1300,0.9897959183673468,0.979591836734694,0.979591836734694,0.979591836734694,0.9661016949152542
ddi_only_topo_only,overall,3,3,42003030000,cv,5200,1300,0.9495668639053256,0.8733889310083397,0.8609865470852018,0.8861538461538462,0.8715384615384615
ddi_only_topo_only,low_level-low_level,3,3,42003030000,cv,5200,1300,0.962962962962963,0.75,0.6428571428571429,0.9,0.8378378378378378
ddi_only_topo_only,low_level-mid_level,3,3,42003030000,cv,5200,1300,0.953825995807128,0.8476190476190476,0.8557692307692307,0.839622641509434,0.8881118881118881
ddi_only_topo_only,low_level-deep_level,3,3,42003030000,cv,5200,1300,0.920032639738882,0.8387096774193549,0.78,0.9069767441860463,0.85
ddi_only_topo_only,mid_level-mid_level,3,3,42003030000,cv,5200,1300,0.9493609958506224,0.8636363636363636,0.8600823045267489,0.8672199170124482,0.8655804480651731
ddi_only_topo_only,mid_level-deep_level,3,3,42003030000,cv,5200,1300,0.9399826265497908,0.8921568627450981,0.8792270531400966,0.9054726368159204,0.8654434250764526
ddi_only_topo_only,deep_level-deep_level,3,3,42003030000,cv,5200,1300,0.963265306122449,0.96,0.9411764705882352,0.979591836734694,0.9322033898305084
mesh_only,overall,3,3,42003030000,cv,5200,1300,0.9705076923076924,0.91005291005291,0.8945022288261516,0.926153846153846,0.9084615384615384
mesh_only,low_level-low_level,3,3,42003030000,cv,5200,1300,0.9925925925925926,0.8695652173913043,0.7692307692307693,1.0,0.918918918918919
mesh_only,low_level-mid_level,3,3,42003030000,cv,5200,1300,0.9632599580712788,0.8666666666666667,0.875,0.8584905660377359,0.902097902097902
mesh_only,low_level-deep_level,3,3,42003030000,cv,5200,1300,0.9694002447980417,0.896551724137931,0.8863636363636364,0.9069767441860463,0.91
mesh_only,mid_level-mid_level,3,3,42003030000,cv,5200,1300,0.9749460580912864,0.9046653144016228,0.8849206349206349,0.925311203319502,0.9042769857433808
mesh_only,mid_level-deep_level,3,3,42003030000,cv,5200,1300,0.9563492063492064,0.9317073170731708,0.9138755980861244,0.9502487562189056,0.9143730886850152
mesh_only,deep_level-deep_level,3,3,42003030000,cv,5200,1300,0.9877551020408164,0.96,0.9411764705882352,0.979591836734694,0.9322033898305084
common_neighbors,overall,3,3,42003030000,cv,5200,1300,0.9034757396449704,0.8218390804597702,0.77088948787062,0.88,0.8092307692307692
common_neighbors,low_level-low_level,3,3,42003030000,cv,5200,1300,0.9444444444444444,0.7619047619047619,0.7272727272727273,0.8,0.8648648648648649
common_neighbors,low_level-mid_level,3,3,42003030000,cv,5200,1300,0.876703354297694,0.7238095238095238,0.7307692307692307,0.7169811320754716,0.7972027972027972
common_neighbors,low_level-deep_level,3,3,42003030000,cv,5200,1300,0.8839249286005713,0.7722772277227723,0.6724137931034483,0.9069767441860463,0.77
common_neighbors,mid_level-mid_level,3,3,42003030000,cv,5200,1300,0.9069543568464732,0.8129770992366412,0.7526501766784452,0.8838174273858921,0.8004073319755601
common_neighbors,mid_level-deep_level,3,3,42003030000,cv,5200,1300,0.8848021795782989,0.8623853211009175,0.8,0.9353233830845772,0.8165137614678899
common_neighbors,deep_level-deep_level,3,3,42003030000,cv,5200,1300,0.973469387755102,0.96,0.9411764705882352,0.979591836734694,0.9322033898305084
degree_product,overall,3,3,42003030000,cv,5200,1300,0.7930414201183432,0.7498463429625076,0.6243602865916069,0.9384615384615383,0.686923076923077
degree_product,low_level-low_level,3,3,42003030000,cv,5200,1300,0.8148148148148148,0.6666666666666666,0.5,1.0,0.7297297297297297
degree_product,low_level-mid_level,3,3,42003030000,cv,5200,1300,0.7641509433962264,0.6304347826086957,0.5117647058823529,0.8207547169811321,0.6433566433566433
degree_product,low_level-deep_level,3,3,42003030000,cv,5200,1300,0.6956344349245206,0.6885245901639344,0.5316455696202531,0.9767441860465116,0.62
degree_product,mid_level-mid_level,3,3,42003030000,cv,5200,1300,0.7958008298755187,0.7443365695792881,0.610079575596817,0.9543568464730292,0.6782077393075356
degree_product,mid_level-deep_level,3,3,42003030000,cv,5200,1300,0.7606807233672905,0.8050314465408805,0.6956521739130435,0.9552238805970148,0.7155963302752294
degree_product,deep_level-deep_level,3,3,42003030000,cv,5200,1300,0.9061224489795918,0.9423076923076924,0.8909090909090909,1.0,0.8983050847457628
negative_count,overall,3,3,42003030000,cv,5200,1300,0.9843278106508876,0.9418153607447634,0.9499217527386542,0.933846153846154,0.9423076923076924
negative_count,low_level-low_level,3,3,42003030000,cv,5200,1300,1.0,0.9473684210526316,1.0,0.9,0.972972972972973
negative_count,low_level-mid_level,3,3,42003030000,cv,5200,1300,0.9764412997903564,0.9047619047619048,0.9134615384615384,0.8962264150943396,0.93006993006993
negative_count,low_level-deep_level,3,3,42003030000,cv,5200,1300,0.9665442676458588,0.9,0.972972972972973,0.8372093023255814,0.92
negative_count,mid_level-mid_level,3,3,42003030000,cv,5200,1300,0.9879253112033194,0.9440993788819876,0.9421487603305784,0.946058091286307,0.945010183299389
negative_count,mid_level-deep_level,3,3,42003030000,cv,5200,1300,0.9849364289662798,0.96,0.964824120603015,0.9552238805970148,0.9510703363914372
negative_count,deep_level-deep_level,3,3,42003030000,cv,5200,1300,0.9857142857142858,0.9690721649484536,0.9791666666666666,0.9591836734693876,0.9491525423728814
full_fusion,overall,3,4,42004030000,cv,5200,1300,0.9910721893491125,0.953560371517028,0.9595015576323987,0.9476923076923076,0.953846153846154
full_fusion,low_level-low_level,3,4,42004030000,cv,5200,1300,0.9666666666666666,0.896551724137931,1.0,0.8125,0.9347826086956522
full_fusion,low_level-mid_level,3,4,42004030000,cv,5200,1300,0.9948353096179184,0.9649122807017544,0.9734513274336284,0.9565217391304348,0.9714285714285714
full_fusion,low_level-deep_level,3,4,42004030000,cv,5200,1300,0.9916274201988488,0.961038961038961,0.9736842105263158,0.9487179487179488,0.9659090909090908
full_fusion,mid_level-mid_level,3,4,42004030000,cv,5200,1300,0.9896589760088244,0.953125,0.9606299212598424,0.9457364341085271,0.9530332681017613
full_fusion,mid_level-deep_level,3,4,42004030000,cv,5200,1300,0.9926612744130991,0.9487870619946092,0.946236559139785,0.9513513513513514,0.9409937888198758
full_fusion,deep_level-deep_level,3,4,42004030000,cv,5200,1300,0.9966216216216216,0.96,0.9473684210526316,0.972972972972973,0.9433962264150944
full_topo_only,overall,3,4,42004030000,cv,5200,1300,0.9467100591715976,0.8719135802469136,0.8746130030959752,0.8692307692307693,0.8723076923076923
full_topo_only,low_level-low_level,3,4,42004030000,cv,5200,1300,0.9583333333333334,0.9032258064516128,0.9333333333333332,0.875,0.9347826086956522
full_topo_only,low_level-mid_level,3,4,42004030000,cv,5200,1300,0.9567852437417655,0.8571428571428571,0.8807339449541285,0.8347826086956521,0.8857142857142857
full_topo_only,low_level-deep_level,3,4,42004030000,cv,5200,1300,0.9298796441653584,0.8354430379746836,0.825,0.8461538461538461,0.8522727272727273
full_topo_only,mid_level-mid_level,3,4,42004030000,cv,5200,1300,0.93878113797224,0.8730769230769231,0.8664122137404581,0.8798449612403101,0.8708414872798435
full_topo_only,mid_level-deep_level,3,4,42004030000,cv,5200,1300,0.943736437167094,0.8702702702702703,0.8702702702702703,0.8702702702702703,0.8509316770186336
full_topo_only,deep_level-deep_level,3,4,42004030000,cv,5200,1300,0.9408783783783784,0.9444444444444444,0.9714285714285714,0.918918918918919,0.9245283018867924
no_ddi_fusion,overall,3,4,42004030000,cv,5200,1300,0.9917136094674556,0.954650269023828,0.9539170506912442,0.9553846153846154,0.9546153846153846
no_ddi_fusion,low_level-low_level,3,4,42004030000,cv,5200,1300,0.9708333333333332,0.875,0.875,0.875,0.9130434782608696
no_ddi_fusion,low_level-mid_level,3,4,42004030000,cv,5200,1300,0.9938866930171276,0.96,0.9818181818181818,0.9391304347826088,0.9678571428571427
no_ddi_fusion,low_level-deep_level,3,4,42004030000,cv,5200,1300,0.989534275248561,0.9230769230769232,0.9230769230769232,0.9230769230769232,0.9318181818181818
no_ddi_fusion,mid_level-mid_level,3,4,42004030000,cv,5200,1300,0.9918191010203145,0.953307392996109,0.95703125,0.9496124031007752,0.9530332681017613
no_ddi_fusion,mid_level-deep_level,3,4,42004030000,cv,5200,1300,0.9958177155257448,0.9706666666666668,0.9578947368421052,0.9837837837837838,0.9658385093167702
no_ddi_fusion,deep_level-deep_level,3,4,42004030000,cv,5200,1300,0.972972972972973,0.935064935064935,0.9,0.972972972972973,0.9056603773584906
no_ddi_topo_only,overall,3,4,42004030000,cv,5200,1300,0.8742710059171598,0.7616580310880829,0.8681102362204725,0.6784615384615384,0.7876923076923077
no_ddi_topo_only,low_level-low_level,3,4,42004030000,cv,5200,1300,0.8375,0.7857142857142857,0.9166666666666666,0.6875,0.8695652173913043
no_ddi_topo_only,low_level-mid_level,3,4,42004030000,cv,5200,1300,0.8366271409749672,0.73,0.8588235294117647,0.6347826086956522,0.8071428571428572
no_ddi_topo_only,low_level-deep_level,3,4,42004030000,cv,5200,1300,0.8398744113029827,0.7384615384615385,0.9230769230769232,0.6153846153846154,0.8068181818181818
no_ddi_topo_only,mid_level-mid_level,3,4,42004030000,cv,5200,1300,0.8887459018904923,0.7924528301886793,0.863013698630137,0.7325581395348837,0.8062622309197651
no_ddi_topo_only,mid_level-deep_level,3,4,42004030000,cv,5200,1300,0.8795423160386664,0.7507692307692307,0.8714285714285714,0.6594594594594595,0.7484472049689441
no_ddi_topo_only,deep_level-deep_level,3,4,42004030000,cv,5200,1300,0.7922297297297297,0.6984126984126984,0.8461538461538461,0.5945945945945946,0.6415094339622641
ddi_only_fusion,overall,3,4,42004030000,cv,5200,1300,0.9905775147928996,0.958047292143402,0.9500756429652042,0.966153846153846,0.9576923076923076
ddi_only_fusion,low_level-low_level,3,4,42004030000,cv,5200,1300,0.95625,0.896551724137931,1.0,0.8125,0.9347826086956522
ddi_only_fusion,low_level-mid_level,3,4,42004030000,cv,5200,1300,0.9953096179183136,0.9694323144104804,0.9736842105263158,0.9652173913043478,0.975
ddi_only_fusion,low_level-deep_level,3,4,42004030000,cv,5200,1300,0.9926739926739928,0.9487179487179488,0.9487179487179488,0.9487179487179488,0.9545454545454546
ddi_only_fusion,mid_level-mid_level,3,4,42004030000,cv,5200,1300,0.9902411373594386,0.9578544061302682,0.946969696969697,0.9689922480620154,0.9569471624266144
ddi_only_fusion,mid_level-deep_level,3,4,42004030000,cv,5200,1300,0.9916354310514894,0.9574468085106383,0.9424083769633508,0.972972972972973,0.9503105590062112
ddi_only_fusion,deep_level-deep_level,3,4,42004030000,cv,5200,1300,0.9847972972972971,0.961038961038961,0.925,1.0,0.9433962264150944
ddi_only_topo_only,overall,3,4,42004030000,cv,5200,1300,0.9329207100591717,0.858440575321726,0.8450074515648286,0.8723076923076923,0.8561538461538462
ddi_only_topo_only,low_level-low_level,3,4,42004030000,cv,5200,1300,0.9520833333333334,0.896551724137931,1.0,0.8125,0.9347826086956522
ddi_only_topo_only,low_level-mid_level,3,4,42004030000,cv,5200,1300,0.950197628458498,0.8622222222222222,0.8818181818181818,0.8434782608695652,0.8892857142857142
ddi_only_topo_only,low_level-deep_level,3,4,42004030000,cv,5200,1300,0.8686551543694401,0.7906976744186046,0.723404255319149,0.8717948717948718,0.7954545454545454
ddi_only_topo_only,mid_level-mid_level,3,4,42004030000,cv,5200,1300,0.9263106290406594,0.8477842003853564,0.842911877394636,0.8527131782945736,0.8454011741682974
ddi_only_topo_only,mid_level-deep_level,3,4,42004030000,cv,5200,1300,0.9216018938646676,0.8630490956072352,0.8267326732673267,0.9027027027027028,0.8354037267080745
ddi_only_topo_only,deep_level-deep_level,3,4,42004030000,cv,5200,1300,0.9932432432432432,0.96,0.9473684210526316,0.972972972972973,0.9433962264150944
mesh_only,overall,3,4,42004030000,cv,5200,1300,0.9649171597633136,0.8993993993993994,0.8782991202346041,0.9215384615384616,0.8969230769230769
mesh_only,low_level-low_level,3,4,42004030000,cv,5200,1300,0.9208333333333334,0.7741935483870968,0.8,0.75,0.8478260869565217
mesh_only,low_level-mid_level,3,4,42004030000,cv,5200,1300,0.9707773386034256,0.8755364806866953,0.864406779661017,0.8869565217391304,0.8964285714285715
mesh_only,low_level-deep_level,3,4,42004030000,cv,5200,1300,0.9822082679225536,0.95,0.926829268292683,0.9743589743589745,0.9545454545454546
mesh_only,mid_level-mid_level,3,4,42004030000,cv,5200,1300,0.9547599350430492,0.8818011257035647,0.8545454545454545,0.9108527131782944,0.8767123287671232
mesh_only,mid_level-deep_level,3,4,42004030000,cv,5200,1300,0.9732886170842376,0.934036939313984,0.9123711340206184,0.9567567567567568,0.922360248447205
mesh_only,deep_level-deep_level,3,4,42004030000,cv,5200,1300,0.9493243243243245,0.9210526315789472,0.8974358974358975,0.945945945945946,0.8867924528301887
common_neighbors,overall,3,4,42004030000,cv,5200,1300,0.90414674556213,0.8242857142857143,0.7693333333333333,0.8876923076923077,0.8107692307692308
common_neighbors,low_level-low_level,3,4,42004030000,cv,5200,1300,0.9333333333333332,0.7333333333333333,0.7857142857142857,0.6875,0.8260869565217391
common_neighbors,low_level-mid_level,3,4,42004030000,cv,5200,1300,0.8857444005270092,0.7796610169491526,0.7603305785123967,0.8,0.8142857142857143
common_neighbors,low_level-deep_level,3,4,42004030000,cv,5200,1300,0.849293563579278,0.7252747252747253,0.6346153846153846,0.8461538461538461,0.7159090909090909
common_neighbors,mid_level-mid_level,3,4,42004030000,cv,5200,1300,0.9124613169102552,0.8447653429602888,0.7905405405405406,0.9069767441860463,0.8317025440313112
common_neighbors,mid_level-deep_level,3,4,42004030000,cv,5200,1300,0.8923259025448806,0.8321167883211679,0.7566371681415929,0.9243243243243244,0.7857142857142857
common_neighbors,deep_level-deep_level,3,4,42004030000,cv,5200,1300,0.9391891891891893,0.9230769230769232,0.8780487804878049,0.972972972972973,0.8867924528301887
degree_product,overall,3,4,42004030000,cv,5200,1300,0.7961881656804732,0.7437125748502994,0.6088235294117647,0.9553846153846154,0.6707692307692308
degree_product,low_level-low_level,3,4,42004030000,cv,5200,1300,0.8354166666666667,0.7142857142857143,0.5769230769230769,0.9375,0.7391304347826086
degree_product,low_level-mid_level,3,4,42004030000,cv,5200,1300,0.7727009222661396,0.6625,0.5170731707317073,0.9217391304347826,0.6142857142857143
degree_product,low_level-deep_level,3,4,42004030000,cv,5200,1300,0.6766091051805337,0.6371681415929203,0.4864864864864865,0.9230769230769232,0.5340909090909091
degree_product,mid_level-mid_level,3,4,42004030000,cv,5200,1300,0.8129883261329166,0.7466266866566716,0.60880195599022,0.9651162790697676,0.6692759295499021
degree_product,mid_level-deep_level,3,4,42004030000,cv,5200,1300,0.7869402248964293,0.8008948545861297,0.683206106870229,0.9675675675675676,0.7236024844720497
degree_product,deep_level-deep_level,3,4,42004030000,cv,5200,1300,0.8344594594594594,0.8888888888888888,0.8181818181818182,0.972972972972973,0.8301886792452831
negative_count,overall,3,4,42004030000,cv,5200,1300,0.9847905325443786,0.9412673879443586,0.9456521739130436,0.936923076923077,0.9415384615384615
negative_count,low_level-low_level,3,4,42004030000,cv,5200,1300,0.915625,0.7857142857142857,0.9166666666666666,0.6875,0.8695652173913043
negative_count,low_level-mid_level,3,4,42004030000,cv,5200,1300,0.9820816864295124,0.9321266968325792,0.9716981132075472,0.8956521739130435,0.9464285714285714
negative_count,low_level-deep_level,3,4,42004030000,cv,5200,1300,0.9895342752485612,0.9367088607594936,0.925,0.9487179487179488,0.9431818181818182
negative_count,mid_level-mid_level,3,4,42004030000,cv,5200,1300,0.9839905628581058,0.9375,0.9448818897637796,0.9302325581395348,0.9373776908023485
negative_count,mid_level-deep_level,3,4,42004030000,cv,5200,1300,0.9930163740382718,0.9629629629629628,0.9430051813471504,0.9837837837837838,0.9565217391304348
negative_count,deep_level-deep_level,3,4,42004030000,cv,5200,1300,0.9881756756756755,0.9473684210526316,0.9230769230769232,0.972972972972973,0.9245283018867924
full_fusion,overall,4,0,42000040000,cv,5200,1300,0.9892118343195266,0.9544401544401544,0.958139534883721,0.9507692307692308,0.9546153846153846
full_fusion,low_level-low_level,4,0,42000040000,cv,5200,1300,1.0,0.972972972972973,0.9473684210526316,1.0,0.9807692307692308
full_fusion,low_level-mid_level,4,0,42000040000,cv,5200,1300,0.9932687404385518,0.9569377990430622,0.970873786407767,0.9433962264150944,0.9690721649484536
full_fusion,low_level-deep_level,4,0,42000040000,cv,5200,1300,0.9912959381044488,0.9318181818181818,0.9318181818181818,0.9318181818181818,0.934065934065934
full_fusion,mid_level-mid_level,4,0,42000040000,cv,5200,1300,0.9861630707733308,0.9473684210526316,0.9453781512605042,0.9493670886075948,0.9483471074380164
full_fusion,mid_level-deep_level,4,0,42000040000,cv,5200,1300,0.9870358974358974,0.961038961038961,0.9736842105263158,0.9487179487179488,0.953125
full_fusion,deep_level-deep_level,4,0,42000040000,cv,5200,1300,0.9883333333333332,0.9702970297029704,0.9607843137254902,0.98,0.9516129032258064
full_topo_only,overall,4,0,42000040000,cv,5200,1300,0.9425514792899408,0.8660436137071651,0.8769716088328076,0.8553846153846154,0.8676923076923077
full_topo_only,low_level-low_level,4,0,42000040000,cv,5200,1300,0.9607843137254902,0.8235294117647058,0.875,0.7777777777777778,0.8846153846153846
full_topo_only,low_level-mid_level,4,0,42000040000,cv,5200,1300,0.9345741968383476,0.8076923076923077,0.8235294117647058,0.7924528301886793,0.8625429553264605
full_topo_only,low_level-deep_level,4,0,42000040000,cv,5200,1300,0.9632495164410058,0.9069767441860463,0.9285714285714286,0.8863636363636364,0.912087912087912
full_topo_only,mid_level-mid_level,4,0,42000040000,cv,5200,1300,0.934761441090555,0.8473118279569892,0.8640350877192983,0.8312236286919831,0.8533057851239669
full_topo_only,mid_level-deep_level,4,0,42000040000,cv,5200,1300,0.9389128205128204,0.8923076923076924,0.8923076923076924,0.8923076923076924,0.86875
full_topo_only,deep_level-deep_level,4,0,42000040000,cv,5200,1300,0.9016666666666666,0.9504950495049505,0.9411764705882352,0.96,0.9193548387096774
no_ddi_fusion,overall,4,0,42000040000,cv,5200,1300,0.989898224852071,0.9520865533230294,0.9565217391304348,0.9476923076923076,0.9523076923076924
no_ddi_fusion,low_level-low_level,4,0,42000040000,cv,5200,1300,0.9983660130718954,0.972972972972973,0.9473684210526316,1.0,0.9807692307692308
no_ddi_fusion,low_level-mid_level,4,0,42000040000,cv,5200,1300,0.99347271800102,0.9523809523809524,0.9615384615384616,0.9433962264150944,0.9656357388316152
no_ddi_fusion,low_level-deep_level,4,0,42000040000,cv,5200,1300,0.9888781431334625,0.9523809523809524,1.0,0.9090909090909092,0.956043956043956
no_ddi_fusion,mid_level-mid_level,4,0,42000040000,cv,5200,1300,0.986094740258631,0.939203354297694,0.9333333333333332,0.9451476793248944,0.9400826446280992
no_ddi_fusion,mid_level-deep_level,4,0,42000040000,cv,5200,1300,0.9889230769230768,0.9560723514211886,0.9635416666666666,0.9487179487179488,0.946875
no_ddi_fusion,deep_level-deep_level,4,0,42000040000,cv,5200,1300,0.9883333333333332,0.98989898989899,1.0,0.98,0.9838709677419356
no_ddi_topo_only,overall,4,0,42000040000,cv,5200,1300,0.8761798816568047,0.7748776508972267,0.8246527777777778,0.7307692307692307,0.7876923076923077
no_ddi_topo_only,low_level-low_level,4,0,42000040000,cv,5200,1300,0.7532679738562092,0.6666666666666666,0.8333333333333334,0.5555555555555556,0.8076923076923077
no_ddi_topo_only,low_level-mid_level,4,0,42000040000,cv,5200,1300,0.8972463029066803,0.7422680412371134,0.8181818181818182,0.6792452830188679,0.8281786941580757
no_ddi_topo_only,low_level-deep_level,4,0,42000040000,cv,5200,1300,0.7973887814313346,0.6835443037974683,0.7714285714285715,0.6136363636363636,0.7252747252747253
no_ddi_topo_only,mid_level-mid_level,4,0,42000040000,cv,5200,1300,0.874186439809358,0.7698924731182796,0.7850877192982456,0.7552742616033755,0.7789256198347108
no_ddi_topo_only,mid_level-deep_level,4,0,42000040000,cv,5200,1300,0.8836923076923077,0.8238482384823849,0.8735632183908046,0.7794871794871795,0.796875
no_ddi_topo_only,deep_level-deep_level,4,0,42000040000,cv,5200,1300,0.815,0.7865168539325843,0.8974358974358975,0.7,0.6935483870967742
ddi_only_fusion,overall,4,0,42000040000,cv,5200,1300,0.9818236686390532,0.940991345397325,0.9629629629629628,0.92,0.9423076923076924
ddi_only_fusion,low_level-low_level,4,0,42000040000,cv,5200,1300,1.0,0.972972972972973,0.9473684210526316,1.0,0.9807692307692308
ddi_only_fusion,low_level-mid_level,4,0,42000040000,cv,5200,1300,0.9834778174400816,0.946341463414634,0.9797979797979798,0.9150943396226416,0.9621993127147768
ddi_only_fusion,low_level-deep_level,4,0,42000040000,cv,5200,1300,0.9898452611218568,0.9534883720930232,0.9761904761904762,0.9318181818181818,0.956043956043956
ddi_only_fusion,mid_level-mid_level,4,0,42000040000,cv,5200,1300,0.984386477391141,0.9381663113006397,0.9482758620689656,0.9282700421940928,0.9400826446280992
ddi_only_fusion,mid_level-deep_level,4,0,42000040000,cv,5200,1300,0.972102564102564,0.928,0.9666666666666668,0.8923076923076924,0.915625
ddi_only_fusion,deep_level-deep_level,4,0,42000040000,cv,5200,1300,0.9733333333333332,0.9696969696969696,0.979591836734694,0.96,0.9516129032258064
ddi_only_topo_only,overall,4,0,42000040000,cv,5200,1300,0.9276686390532544,0.8491537895511405,0.8138222849083215,0.8876923076923077,0.8423076923076923
ddi_only_topo_only,low_level-low_level,4,0,42000040000,cv,5200,1300,0.946078431372549,0.7647058823529411,0.8125,0.7222222222222222,0.8461538461538461
ddi_only_topo_only,low_level-mid_level,4,0,42000040000,cv,5200,1300,0.9153493115757266,0.7853881278538812,0.7610619469026548,0.8113207547169812,0.8384879725085911
ddi_only_topo_only,low_level-deep_level,4,0,42000040000,cv,5200,1300,0.9269825918762088,0.8,0.782608695652174,0.8181818181818182,0.8021978021978022
ddi_only_topo_only,mid_level-mid_level,4,0,42000040000,cv,5200,1300,0.9125027759271598,0.8383233532934131,0.7954545454545454,0.8860759493670886,0.8326446280991735
ddi_only_topo_only,mid_level-deep_level,4,0,42000040000,cv,5200,1300,0.9311589743589744,0.8867469879518072,0.8363636363636363,0.9435897435897436,0.853125
ddi_only_topo_only,deep_level-deep_level,4,0,42000040000,cv,5200,1300,0.9816666666666668,0.96,0.96,0.96,0.935483870967742
mesh_only,overall,4,0,42000040000,cv,5200,1300,0.9696201183431954,0.9117647058823528,0.8732394366197183,0.953846153846154,0.9076923076923076
mesh_only,low_level-low_level,4,0,42000040000,cv,5200,1300,0.9803921568627452,0.8181818181818182,0.6923076923076923,1.0,0.8461538461538461
mesh_only,low_level-mid_level,4,0,42000040000,cv,5200,1300,0.9707802141764406,0.88,0.8319327731092437,0.9339622641509434,0.9072164948453608
mesh_only,low_level-deep_level,4,0,42000040000,cv,5200,1300,0.9845261121856866,0.9166666666666666,0.8461538461538461,1.0,0.912087912087912
mesh_only,mid_level-mid_level,4,0,42000040000,cv,5200,1300,0.9626573737166676,0.9068825910931174,0.8715953307392996,0.9451476793248944,0.9049586776859504
mesh_only,mid_level-deep_level,4,0,42000040000,cv,5200,1300,0.9664410256410256,0.93,0.9073170731707316,0.953846153846154,0.9125
mesh_only,deep_level-deep_level,4,0,42000040000,cv,5200,1300,0.985,0.9702970297029704,0.9607843137254902,0.98,0.9516129032258064
common_neighbors,overall,4,0,42000040000,cv,5200,1300,0.8864923076923076,0.8032786885245902,0.7223587223587223,0.9046153846153846,0.7784615384615384
common_neighbors,low_level-low_level,4,0,42000040000,cv,5200,1300,0.9509803921568628,0.8947368421052632,0.85,0.9444444444444444,0.9230769230769232
common_neighbors,low_level-mid_level,4,0,42000040000,cv,5200,1300,0.8530341662417134,0.7416666666666667,0.664179104477612,0.839622641509434,0.7869415807560137
common_neighbors,low_level-deep_level,4,0,42000040000,cv,5200,1300,0.9047388781431336,0.8080808080808081,0.7272727272727273,0.9090909090909092,0.7912087912087912
common_neighbors,mid_level-mid_level,4,0,42000040000,cv,5200,1300,0.8744768444968312,0.7753623188405797,0.6793650793650794,0.9029535864978904,0.743801652892562
common_neighbors,mid_level-deep_level,4,0,42000040000,cv,5200,1300,0.8730051282051282,0.8294930875576036,0.7531380753138075,0.9230769230769232,0.76875
common_neighbors,deep_level-deep_level,4,0,42000040000,cv,5200,1300,0.9408333333333332,0.9504950495049505,0.9411764705882352,0.96,0.9193548387096774
degree_product,overall,4,0,42000040000,cv,5200,1300,0.7681455621301775,0.7171314741035857,0.6308411214953271,0.8307692307692308,0.6723076923076923
degree_product,low_level-low_level,4,0,42000040000,cv,5200,1300,0.795751633986928,0.6486486486486487,0.631578947368421,0.6666666666666666,0.75
degree_product,low_level-mid_level,4,0,42000040000,cv,5200,1300,0.7336562978072413,0.6007905138339921,0.5170068027210885,0.7169811320754716,0.6529209621993127
degree_product,low_level-deep_level,4,0,42000040000,cv,5200,1300,0.7736943907156674,0.7047619047619048,0.6065573770491803,0.8409090909090909,0.6593406593406593
degree_product,mid_level-mid_level,4,0,42000040000,cv,5200,1300,0.7513110917507986,0.6979166666666666,0.5929203539823009,0.8481012658227848,0.640495867768595
degree_product,mid_level-deep_level,4,0,42000040000,cv,5200,1300,0.7465025641025641,0.7734553775743707,0.6983471074380165,0.8666666666666667,0.690625
degree_product,deep_level-deep_level,4,0,42000040000,cv,5200,1300,0.8433333333333334,0.9183673469387756,0.9375,0.9,0.8709677419354839
negative_count,overall,4,0,42000040000,cv,5200,1300,0.9811668639053256,0.9272151898734176,0.9543973941368078,0.9015384615384616,0.9292307692307692
negative_count,low_level-low_level,4,0,42000040000,cv,5200,1300,0.9787581699346404,0.8571428571428571,0.8823529411764706,0.8333333333333334,0.903846153846154
negative_count,low_level-mid_level,4,0,42000040000,cv,5200,1300,0.9824834268230496,0.9073170731707316,0.9393939393939394,0.8773584905660378,0.9347079037800688
negative_count,low_level-deep_level,4,0,42000040000,cv,5200,1300,0.9787234042553192,0.8941176470588236,0.926829268292683,0.8636363636363636,0.9010989010989012
negative_count,mid_level-mid_level,4,0,42000040000,cv,5200,1300,0.9836263004151078,0.9347826086956522,0.9641255605381166,0.9071729957805909,0.9380165289256198
negative_count,mid_level-deep_level,4,0,42000040000,cv,5200,1300,0.9720615384615384,0.9312169312169312,0.9617486338797814,0.9025641025641026,0.91875
negative_count,deep_level-deep_level,4,0,42000040000,cv,5200,1300,0.995,0.9702970297029704,0.9607843137254902,0.98,0.9516129032258064
full_fusion,overall,4,1,42001040000,cv,5200,1300,0.9855171597633136,0.9494949494949496,0.9591836734693876,0.94,0.95
full_fusion,low_level-low_level,4,1,42001040000,cv,5200,1300,1.0,0.972972972972973,0.9473684210526316,1.0,0.9777777777777776
full_fusion,low_level-mid_level,4,1,42001040000,cv,5200,1300,0.9847262952101662,0.9230769230769232,0.9438202247191012,0.9032258064516128,0.9479553903345724
full_fusion,low_level-deep_level,4,1,42001040000,cv,5200,1300,0.9915848527349228,0.9333333333333332,0.9545454545454546,0.9130434782608696,0.9444444444444444
full_fusion,mid_level-mid_level,4,1,42001040000,cv,5200,1300,0.9880112714541884,0.9484536082474226,0.9583333333333334,0.9387755102040816,0.9483471074380164
full_fusion,mid_level-deep_level,4,1,42001040000,cv,5200,1300,0.9755652378709372,0.9608355091383812,0.968421052631579,0.9533678756476685,0.953846153846154
full_fusion,deep_level-deep_level,4,1,42001040000,cv,5200,1300,0.9558441558441558,0.9636363636363636,0.9636363636363636,0.9636363636363636,0.9420289855072465
full_topo_only,overall,4,1,42001040000,cv,5200,1300,0.9434958579881656,0.8623853211009175,0.8571428571428571,0.8676923076923077,0.8615384615384616
full_topo_only,low_level-low_level,4,1,42001040000,cv,5200,1300,0.9506172839506172,0.8648648648648649,0.8421052631578947,0.8888888888888888,0.8888888888888888
full_topo_only,low_level-mid_level,4,1,42001040000,cv,5200,1300,0.9283357771260998,0.7934782608695652,0.8021978021978022,0.7849462365591398,0.8587360594795539
full_topo_only,low_level-deep_level,4,1,42001040000,cv,5200,1300,0.95617110799439,0.8387096774193549,0.8297872340425532,0.8478260869565217,0.8611111111111112
full_topo_only,mid_level-mid_level,4,1,42001040000,cv,5200,1300,0.9321492613781914,0.8525252525252526,0.844,0.8612244897959184,0.8491735537190083
full_topo_only,mid_level-deep_level,4,1,42001040000,cv,5200,1300,0.95635107552206,0.8974358974358975,0.8883248730964467,0.9067357512953368,0.8769230769230769
full_topo_only,deep_level-deep_level,4,1,42001040000,cv,5200,1300,0.9389610389610388,0.9174311926605504,0.925925925925926,0.9090909090909092,0.8695652173913043
no_ddi_fusion,overall,4,1,42001040000,cv,5200,1300,0.9887360946745564,0.9476923076923076,0.9476923076923076,0.9476923076923076,0.9476923076923076
no_ddi_fusion,low_level-low_level,4,1,42001040000,cv,5200,1300,0.9917695473251028,0.9714285714285714,1.0,0.9444444444444444,0.9777777777777776
no_ddi_fusion,low_level-mid_level,4,1,42001040000,cv,5200,1300,0.9850928641251222,0.9289617486338798,0.9444444444444444,0.913978494623656,0.9516728624535316
no_ddi_fusion,low_level-deep_level,4,1,42001040000,cv,5200,1300,0.9901823281907433,0.9333333333333332,0.9545454545454546,0.9130434782608696,0.9444444444444444
no_ddi_fusion,mid_level-mid_level,4,1,42001040000,cv,5200,1300,0.9915122534369396,0.949290060851927,0.9435483870967742,0.9551020408163264,0.9483471074380164
no_ddi_fusion,mid_level-deep_level,4,1,42001040000,cv,5200,1300,0.98355314806092,0.961439588688946,0.9540816326530612,0.9689119170984456,0.953846153846154
no_ddi_fusion,deep_level-deep_level,4,1,42001040000,cv,5200,1300,0.9506493506493504,0.9272727272727272,0.9272727272727272,0.9272727272727272,0.8840579710144928
no_ddi_topo_only,overall,4,1,42001040000,cv,5200,1300,0.8791360946745563,0.7872,0.82,0.7569230769230769,0.7953846153846154
no_ddi_topo_only,low_level-low_level,4,1,42001040000,cv,5200,1300,0.8477366255144033,0.6857142857142857,0.7058823529411765,0.6666666666666666,0.7555555555555555
no_ddi_topo_only,low_level-mid_level,4,1,42001040000,cv,5200,1300,0.8378543499511242,0.6823529411764706,0.7532467532467533,0.6236559139784946,0.7992565055762082
no_ddi_topo_only,low_level-deep_level,4,1,42001040000,cv,5200,1300,0.8860448807854139,0.8043478260869565,0.8043478260869565,0.8043478260869565,0.8333333333333334
no_ddi_topo_only,mid_level-mid_level,4,1,42001040000,cv,5200,1300,0.8774485526428145,0.7908902691511387,0.8025210084033614,0.7795918367346939,0.7913223140495868
no_ddi_topo_only,mid_level-deep_level,4,1,42001040000,cv,5200,1300,0.8776102998900926,0.8065395095367848,0.8505747126436781,0.7668393782383419,0.7815384615384615
no_ddi_topo_only,deep_level-deep_level,4,1,42001040000,cv,5200,1300,0.8948051948051948,0.8932038834951457,0.9583333333333334,0.8363636363636363,0.8405797101449275
ddi_only_fusion,overall,4,1,42001040000,cv,5200,1300,0.9874331360946746,0.9515757109915448,0.9508448540706606,0.9523076923076924,0.9515384615384616
ddi_only_fusion,low_level-low_level,4,1,42001040000,cv,5200,1300,1.0,1.0,1.0,1.0,1.0
ddi_only_fusion,low_level-mid_level,4,1,42001040000,cv,5200,1300,0.981793743890518,0.9239130434782608,0.934065934065934,0.913978494623656,0.9479553903345724
ddi_only_fusion,low_level-deep_level,4,1,42001040000,cv,5200,1300,0.994389901823282,0.967741935483871,0.9574468085106383,0.9782608695652174,0.9722222222222222
ddi_only_fusion,mid_level-mid_level,4,1,42001040000,cv,5200,1300,0.987763641021262,0.9416498993963782,0.9285714285714286,0.9551020408163264,0.9400826446280992
ddi_only_fusion,mid_level-deep_level,4,1,42001040000,cv,5200,1300,0.9800204113675616,0.9606299212598424,0.973404255319149,0.9481865284974094,0.953846153846154
ddi_only_fusion,deep_level-deep_level,4,1,42001040000,cv,5200,1300,0.987012987012987,0.9818181818181818,0.9818181818181818,0.9818181818181818,0.9710144927536232
ddi_only_topo_only,overall,4,1,42001040000,cv,5200,1300,0.9476544378698224,0.8751902587519026,0.8659638554216867,0.8846153846153846,0.8738461538461538
ddi_only_topo_only,low_level-low_level,4,1,42001040000,cv,5200,1300,0.9444444444444444,0.8888888888888888,0.8888888888888888,0.8888888888888888,0.9111111111111112
ddi_only_topo_only,low_level-mid_level,4,1,42001040000,cv,5200,1300,0.9396383186705768,0.819672131147541,0.8333333333333334,0.8064516129032258,0.8773234200743495
ddi_only_topo_only,low_level-deep_level,4,1,42001040000,cv,5200,1300,0.947054698457223,0.8125,0.78,0.8478260869565217,0.8333333333333334
ddi_only_topo_only,mid_level-mid_level,4,1,42001040000,cv,5200,1300,0.941473828024934,0.8735177865612648,0.8467432950191571,0.9020408163265308,0.8677685950413223
ddi_only_topo_only,mid_level-deep_level,4,1,42001040000,cv,5200,1300,0.9477940021981472,0.8987012987012987,0.9010416666666666,0.8963730569948186,0.88
ddi_only_topo_only,deep_level-deep_level,4,1,42001040000,cv,5200,1300,0.9571428571428572,0.9444444444444444,0.9622641509433962,0.9272727272727272,0.9130434782608696
mesh_only,overall,4,1,42001040000,cv,5200,1300,0.9625988165680474,0.9038167938931296,0.896969696969697,0.9107692307692308,0.9030769230769232
mesh_only,low_level-low_level,4,1,42001040000,cv,5200,1300,0.9567901234567902,0.8888888888888888,0.8888888888888888,0.8888888888888888,0.9111111111111112
mesh_only,low_level-mid_level,4,1,42001040000,cv,5200,1300,0.9387218963831868,0.8586956521739131,0.8681318681318682,0.8494623655913979,0.9033457249070632
mesh_only,low_level-deep_level,4,1,42001040000,cv,5200,1300,0.9701963534361852,0.8888888888888888,0.9090909090909092,0.8695652173913043,0.9074074074074074
mesh_only,mid_level-mid_level,4,1,42001040000,cv,5200,1300,0.9621210827427206,0.8972332015810277,0.8697318007662835,0.926530612244898,0.8925619834710744
mesh_only,mid_level-deep_level,4,1,42001040000,cv,5200,1300,0.9676165803108808,0.935064935064935,0.9375,0.932642487046632,0.9230769230769232
mesh_only,deep_level-deep_level,4,1,42001040000,cv,5200,1300,0.9402597402597402,0.9174311926605504,0.925925925925926,0.9090909090909092,0.8695652173913043
common_neighbors,overall,4,1,42001040000,cv,5200,1300,0.9136828402366864,0.8307475317348378,0.7669270833333334,0.9061538461538462,0.8153846153846154
common_neighbors,low_level-low_level,4,1,42001040000,cv,5200,1300,0.9465020576131687,0.8235294117647058,0.875,0.7777777777777778,0.8666666666666667
common_neighbors,low_level-mid_level,4,1,42001040000,cv,5200,1300,0.8911595796676443,0.76,0.7102803738317757,0.8172043010752689,0.8215613382899628
common_neighbors,low_level-deep_level,4,1,42001040000,cv,5200,1300,0.9016479663394108,0.7777777777777778,0.6774193548387096,0.9130434782608696,0.7777777777777778
common_neighbors,mid_level-mid_level,4,1,42001040000,cv,5200,1300,0.90180172487405,0.8118081180811808,0.7407407407407407,0.8979591836734694,0.7892561983471075
common_neighbors,mid_level-deep_level,4,1,42001040000,cv,5200,1300,0.9162152614225152,0.8735083532219571,0.8097345132743363,0.9481865284974094,0.8369230769230769
common_neighbors,deep_level-deep_level,4,1,42001040000,cv,5200,1300,0.9766233766233764,0.9391304347826088,0.9,0.9818181818181818,0.8985507246376812
degree_product,overall,4,1,42001040000,cv,5200,1300,0.817052071005917,0.7463768115942029,0.614314115308151,0.9507692307692308,0.676923076923077
degree_product,low_level-low_level,4,1,42001040000,cv,5200,1300,0.8703703703703703,0.7441860465116279,0.64,0.8888888888888888,0.7555555555555555
degree_product,low_level-mid_level,4,1,42001040000,cv,5200,1300,0.7792033235581622,0.6346863468634686,0.4831460674157303,0.9247311827956988,0.6319702602230484
degree_product,low_level-deep_level,4,1,42001040000,cv,5200,1300,0.7577138849929874,0.688,0.5443037974683544,0.9347826086956522,0.6388888888888888
degree_product,mid_level-mid_level,4,1,42001040000,cv,5200,1300,0.8044573477926735,0.7275590551181103,0.5923076923076923,0.9428571428571428,0.6425619834710744
degree_product,mid_level-deep_level,4,1,42001040000,cv,5200,1300,0.8223818495839221,0.8095238095238095,0.6951672862453532,0.9689119170984456,0.7292307692307692
degree_product,deep_level-deep_level,4,1,42001040000,cv,5200,1300,0.8701298701298701,0.9166666666666666,0.8461538461538461,1.0,0.855072463768116
negative_count,overall,4,1,42001040000,cv,5200,1300,0.9855029585798816,0.9393019726858876,0.9266467065868264,0.9523076923076924,0.9384615384615383
negative_count,low_level-low_level,4,1,42001040000,cv,5200,1300,0.9979423868312758,0.9444444444444444,0.9444444444444444,0.9444444444444444,0.9555555555555556
negative_count,low_level-mid_level,4,1,42001040000,cv,5200,1300,0.9819159335288368,0.9148936170212766,0.9052631578947368,0.9247311827956988,0.9405204460966544
negative_count,low_level-deep_level,4,1,42001040000,cv,5200,1300,0.967741935483871,0.9130434782608696,0.9130434782608696,0.9130434782608696,0.925925925925926
negative_count,mid_level-mid_level,4,1,42001040000,cv,5200,1300,0.9881735120826574,0.9437751004016064,0.9288537549407114,0.9591836734693876,0.9421487603305784
negative_count,mid_level-deep_level,4,1,42001040000,cv,5200,1300,0.9847896059035957,0.9468354430379748,0.9257425742574258,0.9689119170984456,0.9353846153846154
negative_count,deep_level-deep_level,4,1,42001040000,cv,5200,1300,0.9766233766233766,0.9541284403669724,0.9629629629629628,0.9454545454545454,0.927536231884058
full_fusion,overall,4,2,42002040000,cv,5200,1300,0.9894130177514792,0.9552469135802468,0.958204334365325,0.9523076923076924,0.9553846153846154
full_fusion,low_level-low_level,4,2,42002040000,cv,5200,1300,0.993431855500821,0.926829268292683,0.95,0.9047619047619048,0.94
full_fusion,low_level-mid_level,4,2,42002040000,cv,5200,1300,0.9760863080441484,0.9244444444444444,0.9285714285714286,0.9203539823008848,0.9415807560137456
full_fusion,low_level-deep_level,4,2,42002040000,cv,5200,1300,0.9821519632840388,0.9315068493150684,0.9444444444444444,0.918918918918919,0.9444444444444444
full_fusion,mid_level-mid_level,4,2,42002040000,cv,5200,1300,0.9901179667716632,0.9523809523809524,0.9523809523809524,0.9523809523809524,0.9528487229862476
full_fusion,mid_level-deep_level,4,2,42002040000,cv,5200,1300,0.9951467217903204,0.9786096256684492,0.9786096256684492,0.9786096256684492,0.9738562091503268
full_fusion,deep_level-deep_level,4,2,42002040000,cv,5200,1300,1.0,0.9873417721518988,1.0,0.975,0.9814814814814816
full_topo_only,overall,4,2,42002040000,cv,5200,1300,0.943860355029586,0.8617021276595744,0.8513513513513513,0.8723076923076923,0.86
full_topo_only,low_level-low_level,4,2,42002040000,cv,5200,1300,0.9408866995073892,0.8095238095238095,0.8095238095238095,0.8095238095238095,0.84
full_topo_only,low_level-mid_level,4,2,42002040000,cv,5200,1300,0.9053892810977427,0.7841409691629956,0.7807017543859649,0.7876106194690266,0.8316151202749141
full_topo_only,low_level-deep_level,4,2,42002040000,cv,5200,1300,0.9439061703212648,0.8205128205128205,0.7804878048780488,0.8648648648648649,0.8444444444444444
full_topo_only,mid_level-mid_level,4,2,42002040000,cv,5200,1300,0.9544500030881352,0.8737864077669902,0.8555133079847909,0.8928571428571429,0.8722986247544204
full_topo_only,mid_level-deep_level,4,2,42002040000,cv,5200,1300,0.9436480474542758,0.8870967741935484,0.8918918918918919,0.8823529411764706,0.8627450980392157
full_topo_only,deep_level-deep_level,4,2,42002040000,cv,5200,1300,0.9892857142857144,0.951219512195122,0.9285714285714286,0.975,0.925925925925926
no_ddi_fusion,overall,4,2,42002040000,cv,5200,1300,0.9920710059171598,0.9681429681429682,0.978021978021978,0.9584615384615384,0.9684615384615384
no_ddi_fusion,low_level-low_level,4,2,42002040000,cv,5200,1300,1.0,1.0,1.0,1.0,1.0
no_ddi_fusion,low_level-mid_level,4,2,42002040000,cv,5200,1300,0.9866262304862286,0.945945945945946,0.963302752293578,0.9292035398230089,0.9587628865979382
no_ddi_fusion,low_level-deep_level,4,2,42002040000,cv,5200,1300,0.998470168281489,0.9863013698630136,1.0,0.972972972972973,0.9888888888888888
no_ddi_fusion,mid_level-mid_level,4,2,42002040000,cv,5200,1300,0.9890834414180716,0.96,0.967741935483871,0.9523809523809524,0.9607072691552064
no_ddi_fusion,mid_level-deep_level,4,2,42002040000,cv,5200,1300,0.996584730148744,0.9838709677419356,0.9891891891891892,0.9786096256684492,0.9803921568627452
no_ddi_fusion,deep_level-deep_level,4,2,42002040000,cv,5200,1300,0.9982142857142856,0.9743589743589745,1.0,0.95,0.9629629629629628
no_ddi_topo_only,overall,4,2,42002040000,cv,5200,1300,0.8793846153846154,0.746031746031746,0.8739669421487604,0.6507692307692308,0.7784615384615384
no_ddi_topo_only,low_level-low_level,4,2,42002040000,cv,5200,1300,0.9507389162561576,0.8421052631578947,0.9411764705882352,0.7619047619047619,0.88
no_ddi_topo_only,low_level-mid_level,4,2,42002040000,cv,5200,1300,0.8272844784727055,0.6559139784946236,0.8356164383561644,0.5398230088495575,0.7800687285223368
no_ddi_topo_only,low_level-deep_level,4,2,42002040000,cv,5200,1300,0.8760836308006119,0.7878787878787878,0.896551724137931,0.7027027027027027,0.8444444444444444
no_ddi_topo_only,mid_level-mid_level,4,2,42002040000,cv,5200,1300,0.874745228830832,0.7442922374429224,0.8763440860215054,0.6468253968253969,0.7799607072691552
no_ddi_topo_only,mid_level-deep_level,4,2,42002040000,cv,5200,1300,0.8822630656540691,0.7590361445783133,0.8689655172413793,0.6737967914438503,0.738562091503268
no_ddi_topo_only,deep_level-deep_level,4,2,42002040000,cv,5200,1300,0.925,0.8378378378378378,0.9117647058823528,0.775,0.7777777777777778
ddi_only_fusion,overall,4,2,42002040000,cv,5200,1300,0.9907360946745564,0.9560524286815728,0.9582689335394128,0.953846153846154,0.956153846153846
ddi_only_fusion,low_level-low_level,4,2,42002040000,cv,5200,1300,1.0,1.0,1.0,1.0,1.0
ddi_only_fusion,low_level-mid_level,4,2,42002040000,cv,5200,1300,0.9777766729641044,0.9181818181818182,0.9439252336448598,0.8938053097345132,0.9381443298969072
ddi_only_fusion,low_level-deep_level,4,2,42002040000,cv,5200,1300,0.9724630290668028,0.9166666666666666,0.9428571428571428,0.8918918918918919,0.9333333333333332
ddi_only_fusion,mid_level-mid_level,4,2,42002040000,cv,5200,1300,0.9908745599407078,0.9549902152641878,0.942084942084942,0.9682539682539684,0.9548133595284872
ddi_only_fusion,mid_level-deep_level,4,2,42002040000,cv,5200,1300,0.9981126140295692,0.978494623655914,0.9837837837837838,0.9732620320855616,0.9738562091503268
ddi_only_fusion,deep_level-deep_level,4,2,42002040000,cv,5200,1300,0.9964285714285714,0.975,0.975,0.975,0.9629629629629628
ddi_only_topo_only,overall,4,2,42002040000,cv,5200,1300,0.9573254437869824,0.8882175226586103,0.8724035608308606,0.9046153846153846,0.8861538461538462
ddi_only_topo_only,low_level-low_level,4,2,42002040000,cv,5200,1300,0.9835796387520525,0.9302325581395348,0.9090909090909092,0.9523809523809524,0.94
ddi_only_topo_only,low_level-mid_level,4,2,42002040000,cv,5200,1300,0.941831560107388,0.8260869565217391,0.811965811965812,0.8407079646017699,0.8625429553264605
ddi_only_topo_only,low_level-deep_level,4,2,42002040000,cv,5200,1300,0.945945945945946,0.8095238095238095,0.723404255319149,0.918918918918919,0.8222222222222222
ddi_only_topo_only,mid_level-mid_level,4,2,42002040000,cv,5200,1300,0.9679760360694212,0.9087301587301588,0.9087301587301588,0.9087301587301588,0.9096267190569745
ddi_only_topo_only,mid_level-deep_level,4,2,42002040000,cv,5200,1300,0.943648047454276,0.9028871391076116,0.8865979381443299,0.9197860962566844,0.8790849673202614
ddi_only_topo_only,deep_level-deep_level,4,2,42002040000,cv,5200,1300,0.9678571428571427,0.926829268292683,0.9047619047619048,0.95,0.8888888888888888
mesh_only,overall,4,2,42002040000,cv,5200,1300,0.9550295857988166,0.8923076923076924,0.8923076923076924,0.8923076923076924,0.8923076923076924
mesh_only,low_level-low_level,4,2,42002040000,cv,5200,1300,0.986863711001642,0.9,0.9473684210526316,0.8571428571428571,0.92
mesh_only,low_level-mid_level,4,2,42002040000,cv,5200,1300,0.9420304265685592,0.8648648648648649,0.8807339449541285,0.8495575221238938,0.8969072164948454
mesh_only,low_level-deep_level,4,2,42002040000,cv,5200,1300,0.9464558898521164,0.8918918918918919,0.8918918918918919,0.8918918918918919,0.9111111111111112
mesh_only,mid_level-mid_level,4,2,42002040000,cv,5200,1300,0.9489685627817924,0.8845401174168297,0.8725868725868726,0.8968253968253969,0.8840864440078585
mesh_only,mid_level-deep_level,4,2,42002040000,cv,5200,1300,0.9583876331281176,0.9090909090909092,0.9090909090909092,0.9090909090909092,0.8888888888888888
mesh_only,deep_level-deep_level,4,2,42002040000,cv,5200,1300,0.9660714285714286,0.9367088607594936,0.9487179487179488,0.925,0.9074074074074074
common_neighbors,overall,4,2,42002040000,cv,5200,1300,0.906646153846154,0.8133333333333334,0.7842857142857143,0.8446153846153847,0.8061538461538461
common_neighbors,low_level-low_level,4,2,42002040000,cv,5200,1300,0.9211822660098522,0.7692307692307693,0.8333333333333334,0.7142857142857143,0.82
common_neighbors,low_level-mid_level,4,2,42002040000,cv,5200,1300,0.8488863478174405,0.7031963470319634,0.7264150943396226,0.6814159292035398,0.7766323024054983
common_neighbors,low_level-deep_level,4,2,42002040000,cv,5200,1300,0.8128505864354921,0.6904761904761905,0.6170212765957447,0.7837837837837838,0.7111111111111111
common_neighbors,mid_level-mid_level,4,2,42002040000,cv,5200,1300,0.9281854116484468,0.8282442748091603,0.7977941176470589,0.8611111111111112,0.8231827111984283
common_neighbors,mid_level-deep_level,4,2,42002040000,cv,5200,1300,0.9064845189412664,0.86,0.8075117370892019,0.9197860962566844,0.8169934640522876
common_neighbors,deep_level-deep_level,4,2,42002040000,cv,5200,1300,0.94375,0.9285714285714286,0.8863636363636364,0.975,0.8888888888888888
degree_product,overall,4,2,42002040000,cv,5200,1300,0.8008402366863905,0.7404314544189283,0.6759847522236341,0.8184615384615385,0.713076923076923
degree_product,low_level-low_level,4,2,42002040000,cv,5200,1300,0.7372742200328407,0.5853658536585366,0.6,0.5714285714285714,0.66
degree_product,low_level-mid_level,4,2,42002040000,cv,5200,1300,0.7230287362036392,0.5983606557377049,0.5572519083969466,0.6460176991150443,0.6632302405498282
degree_product,low_level-deep_level,4,2,42002040000,cv,5200,1300,0.6257011728709843,0.5581395348837209,0.4897959183673469,0.6486486486486487,0.5777777777777777
degree_product,mid_level-mid_level,4,2,42002040000,cv,5200,1300,0.8493453152986228,0.7686832740213523,0.6967741935483871,0.8571428571428571,0.7445972495088409
degree_product,mid_level-deep_level,4,2,42002040000,cv,5200,1300,0.7815575428032175,0.8123515439429929,0.7307692307692307,0.9144385026737968,0.7418300653594772
degree_product,deep_level-deep_level,4,2,42002040000,cv,5200,1300,0.8732142857142857,0.8674698795180723,0.8372093023255814,0.9,0.7962962962962963
negative_count,overall,4,2,42002040000,cv,5200,1300,0.990192899408284,0.9565217391304348,0.9655172413793104,0.9476923076923076,0.9569230769230768
negative_count,low_level-low_level,4,2,42002040000,cv,5200,1300,1.0,0.975609756097561,1.0,0.9523809523809524,0.98
negative_count,low_level-mid_level,4,2,42002040000,cv,5200,1300,0.9770557820423584,0.9230769230769232,0.9444444444444444,0.9026548672566372,0.9415807560137456
negative_count,low_level-deep_level,4,2,42002040000,cv,5200,1300,0.9913309535951044,0.9722222222222222,1.0,0.945945945945946,0.9777777777777776
negative_count,mid_level-mid_level,4,2,42002040000,cv,5200,1300,0.9924186276326354,0.9539078156312624,0.9635627530364372,0.9444444444444444,0.9548133595284872
negative_count,mid_level-deep_level,4,2,42002040000,cv,5200,1300,0.992450456118276,0.970509383378016,0.9731182795698924,0.9679144385026738,0.9640522875816994
negative_count,deep_level-deep_level,4,2,42002040000,cv,5200,1300,0.9776785714285714,0.975609756097561,0.9523809523809524,1.0,0.9629629629629628
full_fusion,overall,4,3,42003040000,cv,5200,1300,0.9896686390532544,0.951394422310757,0.9867768595041322,0.9184615384615384,0.953076923076923
full_fusion,low_level-low_level,4,3,42003040000,cv,5200,1300,0.943181818181818,0.9333333333333332,1.0,0.875,0.9591836734693876
full_fusion,low_level-mid_level,4,3,42003040000,cv,5200,1300,0.9954009921455148,0.9369369369369368,1.0,0.8813559322033898,0.950354609929078
full_fusion,low_level-deep_level,4,3,42003040000,cv,5200,1300,0.9880439980870396,0.9367088607594936,0.9736842105263158,0.902439024390244,0.9456521739130436
full_fusion,mid_level-mid_level,4,3,42003040000,cv,5200,1300,0.9912507608034083,0.9565217391304348,0.9829787234042552,0.9314516129032258,0.95906432748538
full_fusion,mid_level-deep_level,4,3,42003040000,cv,5200,1300,0.9848446363559394,0.95,0.9827586206896552,0.9193548387096774,0.9424920127795527
full_fusion,deep_level-deep_level,4,3,42003040000,cv,5200,1300,0.997560975609756,0.9876543209876544,1.0,0.975609756097561,0.9803921568627452
full_topo_only,overall,4,3,42003040000,cv,5200,1300,0.9538295857988168,0.884375,0.8984126984126984,0.8707692307692307,0.8861538461538462
full_topo_only,low_level-low_level,4,3,42003040000,cv,5200,1300,0.8958333333333333,0.7586206896551724,0.8461538461538461,0.6875,0.8571428571428571
full_topo_only,low_level-mid_level,4,3,42003040000,cv,5200,1300,0.9627428689541134,0.8870292887029289,0.8760330578512396,0.8983050847457628,0.9042553191489362
full_topo_only,low_level-deep_level,4,3,42003040000,cv,5200,1300,0.9665231946437112,0.9176470588235294,0.8863636363636364,0.951219512195122,0.9239130434782608
full_topo_only,mid_level-mid_level,4,3,42003040000,cv,5200,1300,0.943822276323798,0.8571428571428571,0.8677685950413223,0.8467741935483871,0.8635477582846004
full_topo_only,mid_level-deep_level,4,3,42003040000,cv,5200,1300,0.9645669291338582,0.9230769230769232,0.9438202247191012,0.9032258064516128,0.9105431309904152
full_topo_only,deep_level-deep_level,4,3,42003040000,cv,5200,1300,0.9634146341463414,0.8767123287671232,1.0,0.7804878048780488,0.8235294117647058
no_ddi_fusion,overall,4,3,42003040000,cv,5200,1300,0.988442603550296,0.9598108747044918,0.9838449111470112,0.936923076923077,0.9607692307692308
no_ddi_fusion,low_level-low_level,4,3,42003040000,cv,5200,1300,0.9507575757575758,0.967741935483871,1.0,0.9375,0.979591836734694
no_ddi_fusion,low_level-mid_level,4,3,42003040000,cv,5200,1300,0.9925072343943778,0.9375,0.9905660377358492,0.8898305084745762,0.950354609929078
no_ddi_fusion,low_level-deep_level,4,3,42003040000,cv,5200,1300,0.9846963175514108,0.9620253164556962,1.0,0.926829268292683,0.967391304347826
no_ddi_fusion,mid_level-mid_level,4,3,42003040000,cv,5200,1300,0.992787583688375,0.9586776859504132,0.9830508474576272,0.935483870967742,0.9610136452241717
no_ddi_fusion,mid_level-deep_level,4,3,42003040000,cv,5200,1300,0.9826432986199304,0.967391304347826,0.978021978021978,0.956989247311828,0.9616613418530352
no_ddi_fusion,deep_level-deep_level,4,3,42003040000,cv,5200,1300,1.0,0.9879518072289156,0.9761904761904762,1.0,0.9803921568627452
no_ddi_topo_only,overall,4,3,42003040000,cv,5200,1300,0.8654272189349113,0.7605633802816901,0.8240574506283662,0.7061538461538461,0.7776923076923077
no_ddi_topo_only,low_level-low_level,4,3,42003040000,cv,5200,1300,0.7613636363636364,0.6206896551724138,0.6923076923076923,0.5625,0.7755102040816326
no_ddi_topo_only,low_level-mid_level,4,3,42003040000,cv,5200,1300,0.8498863166597769,0.7087378640776699,0.8295454545454546,0.6186440677966102,0.7872340425531915
no_ddi_topo_only,low_level-deep_level,4,3,42003040000,cv,5200,1300,0.866571018651363,0.7142857142857143,0.8620689655172413,0.6097560975609756,0.782608695652174
no_ddi_topo_only,mid_level-mid_level,4,3,42003040000,cv,5200,1300,0.874147900182593,0.7621052631578947,0.7973568281938326,0.7298387096774194,0.7797270955165692
no_ddi_topo_only,mid_level-deep_level,4,3,42003040000,cv,5200,1300,0.8579290491914318,0.7942857142857143,0.8475609756097561,0.7473118279569892,0.7699680511182109
no_ddi_topo_only,deep_level-deep_level,4,3,42003040000,cv,5200,1300,0.7536585365853659,0.8311688311688312,0.8888888888888888,0.7804878048780488,0.7450980392156863
ddi_only_fusion,overall,4,3,42003040000,cv,5200,1300,0.989491124260355,0.9594383775351014,0.9731012658227848,0.946153846153846,0.96
ddi_only_fusion,low_level-low_level,4,3,42003040000,cv,5200,1300,0.956439393939394,0.896551724137931,1.0,0.8125,0.9387755102040816
ddi_only_fusion,low_level-mid_level,4,3,42003040000,cv,5200,1300,0.9949359239355106,0.9519650655021834,0.981981981981982,0.923728813559322,0.9609929078014184
ddi_only_fusion,low_level-deep_level,4,3,42003040000,cv,5200,1300,0.992826398852224,0.9620253164556962,1.0,0.926829268292683,0.967391304347826
ddi_only_fusion,mid_level-mid_level,4,3,42003040000,cv,5200,1300,0.9920115642118076,0.9634146341463414,0.971311475409836,0.9556451612903226,0.9649122807017544
ddi_only_fusion,mid_level-deep_level,4,3,42003040000,cv,5200,1300,0.9827702988739312,0.9595687331536388,0.9621621621621622,0.956989247311828,0.952076677316294
ddi_only_fusion,deep_level-deep_level,4,3,42003040000,cv,5200,1300,0.997560975609756,0.975609756097561,0.975609756097561,0.975609756097561,0.9607843137254902
ddi_only_topo_only,overall,4,3,42003040000,cv,5200,1300,0.9319810650887574,0.8543247344461306,0.842814371257485,0.8661538461538462,0.8523076923076923
ddi_only_topo_only,low_level-low_level,4,3,42003040000,cv,5200,1300,0.8863636363636364,0.7878787878787878,0.7647058823529411,0.8125,0.8571428571428571
ddi_only_topo_only,low_level-mid_level,4,3,42003040000,cv,5200,1300,0.9345804051260852,0.8166666666666667,0.8032786885245902,0.8305084745762712,0.8439716312056738
ddi_only_topo_only,low_level-deep_level,4,3,42003040000,cv,5200,1300,0.9167862266857962,0.8705882352941177,0.8409090909090909,0.902439024390244,0.8804347826086957
ddi_only_topo_only,mid_level-mid_level,4,3,42003040000,cv,5200,1300,0.927236762020694,0.8473895582329317,0.844,0.8508064516129032,0.8518518518518519
ddi_only_topo_only,mid_level-deep_level,4,3,42003040000,cv,5200,1300,0.9466598933197868,0.8854166666666666,0.8585858585858586,0.913978494623656,0.8594249201277955
ddi_only_topo_only,deep_level-deep_level,4,3,42003040000,cv,5200,1300,0.8365853658536585,0.8717948717948718,0.918918918918919,0.8292682926829268,0.803921568627451
mesh_only,overall,4,3,42003040000,cv,5200,1300,0.9662414201183434,0.8979289940828402,0.8646723646723646,0.933846153846154,0.8938461538461538
mesh_only,low_level-low_level,4,3,42003040000,cv,5200,1300,0.9090909090909092,0.7647058823529411,0.7222222222222222,0.8125,0.8367346938775511
mesh_only,low_level-mid_level,4,3,42003040000,cv,5200,1300,0.9562319140140554,0.8548387096774194,0.8153846153846154,0.8983050847457628,0.8723404255319149
mesh_only,low_level-deep_level,4,3,42003040000,cv,5200,1300,0.9803921568627452,0.9,0.9230769230769232,0.8780487804878049,0.9130434782608696
mesh_only,mid_level-mid_level,4,3,42003040000,cv,5200,1300,0.9764607425441264,0.9094412331406552,0.8708487084870848,0.9516129032258064,0.9083820662768032
mesh_only,mid_level-deep_level,4,3,42003040000,cv,5200,1300,0.9598679197358394,0.9048843187660668,0.8669950738916257,0.946236559139785,0.8817891373801917
mesh_only,deep_level-deep_level,4,3,42003040000,cv,5200,1300,0.9585365853658536,0.975609756097561,0.975609756097561,0.975609756097561,0.9607843137254902
common_neighbors,overall,4,3,42003040000,cv,5200,1300,0.9061289940828404,0.8361823361823362,0.7785145888594165,0.9030769230769232,0.823076923076923
common_neighbors,low_level-low_level,4,3,42003040000,cv,5200,1300,0.8446969696969696,0.7222222222222222,0.65,0.8125,0.7959183673469388
common_neighbors,low_level-mid_level,4,3,42003040000,cv,5200,1300,0.8872984704423315,0.8063241106719368,0.7555555555555555,0.864406779661017,0.8262411347517731
common_neighbors,low_level-deep_level,4,3,42003040000,cv,5200,1300,0.9019607843137256,0.8222222222222222,0.7551020408163265,0.902439024390244,0.8260869565217391
common_neighbors,mid_level-mid_level,4,3,42003040000,cv,5200,1300,0.9027388922702374,0.8243992606284658,0.7610921501706485,0.8991935483870968,0.8148148148148148
common_neighbors,mid_level-deep_level,4,3,42003040000,cv,5200,1300,0.9229531792396918,0.8628428927680798,0.8046511627906977,0.9301075268817204,0.8242811501597445
common_neighbors,deep_level-deep_level,4,3,42003040000,cv,5200,1300,0.9121951219512195,0.9397590361445785,0.9285714285714286,0.951219512195122,0.9019607843137256
degree_product,overall,4,3,42003040000,cv,5200,1300,0.8012260355029585,0.7459653317393903,0.6099706744868035,0.96,0.6730769230769231
degree_product,low_level-low_level,4,3,42003040000,cv,5200,1300,0.7140151515151515,0.5714285714285714,0.4242424242424242,0.875,0.5714285714285714
degree_product,low_level-mid_level,4,3,42003040000,cv,5200,1300,0.7652439024390244,0.6766467065868264,0.5231481481481481,0.9576271186440678,0.6170212765957447
degree_product,low_level-deep_level,4,3,42003040000,cv,5200,1300,0.7704447632711622,0.7027027027027027,0.5571428571428572,0.951219512195122,0.6413043478260869
degree_product,mid_level-mid_level,4,3,42003040000,cv,5200,1300,0.7925745587340232,0.7334360554699538,0.5935162094763092,0.9596774193548387,0.6627680311890838
degree_product,mid_level-deep_level,4,3,42003040000,cv,5200,1300,0.827745322157311,0.8179775280898877,0.7027027027027027,0.978494623655914,0.7412140575079872
degree_product,deep_level-deep_level,4,3,42003040000,cv,5200,1300,0.7951219512195122,0.8941176470588236,0.8636363636363636,0.926829268292683,0.8235294117647058
negative_count,overall,4,3,42003040000,cv,5200,1300,0.9834059171597632,0.930081300813008,0.986206896551724,0.88,0.933846153846154
negative_count,low_level-low_level,4,3,42003040000,cv,5200,1300,0.9621212121212122,0.9032258064516128,0.9333333333333332,0.875,0.9387755102040816
negative_count,low_level-mid_level,4,3,42003040000,cv,5200,1300,0.989277594047127,0.9333333333333332,0.9813084112149532,0.8898305084745762,0.946808510638298
negative_count,low_level-deep_level,4,3,42003040000,cv,5200,1300,0.9681970349115254,0.8767123287671232,1.0,0.7804878048780488,0.9021739130434784
negative_count,mid_level-mid_level,4,3,42003040000,cv,5200,1300,0.9845556908094948,0.927038626609442,0.9908256880733946,0.8709677419354839,0.9337231968810916
negative_count,mid_level-deep_level,4,3,42003040000,cv,5200,1300,0.981542629751926,0.9408450704225352,0.9881656804733728,0.8978494623655914,0.9329073482428116
negative_count,deep_level-deep_level,4,3,42003040000,cv,5200,1300,0.9804878048780488,0.95,0.9743589743589745,0.926829268292683,0.9215686274509804
full_fusion,overall,4,4,42004040000,cv,5200,1300,0.9854627218934912,0.9450889404485692,0.9502332814930016,0.94,0.9453846153846154
full_fusion,low_level-low_level,4,4,42004040000,cv,5200,1300,0.9858823529411764,0.9696969696969696,1.0,0.9411764705882352,0.9761904761904762
full_fusion,low_level-mid_level,4,4,42004040000,cv,5200,1300,0.9857107294000498,0.92,0.9484536082474226,0.8932038834951457,0.9463087248322148
full_fusion,low_level-deep_level,4,4,42004040000,cv,5200,1300,0.9979575163398692,0.9702970297029704,0.98,0.9607843137254902,0.9696969696969696
full_fusion,mid_level-mid_level,4,4,42004040000,cv,5200,1300,0.985854542966612,0.9579158316633266,0.9676113360323888,0.9484126984126984,0.956611570247934
full_fusion,mid_level-deep_level,4,4,42004040000,cv,5200,1300,0.9751199040767384,0.9333333333333332,0.9191919191919192,0.9479166666666666,0.9214501510574018
full_fusion,deep_level-deep_level,4,4,42004040000,cv,5200,1300,0.9844155844155844,0.9428571428571428,0.9428571428571428,0.9428571428571428,0.9130434782608696
full_topo_only,overall,4,4,42004040000,cv,5200,1300,0.9412710059171596,0.8548895899053628,0.8770226537216829,0.8338461538461538,0.8584615384615385
full_topo_only,low_level-low_level,4,4,42004040000,cv,5200,1300,0.983529411764706,0.8823529411764706,0.8823529411764706,0.8823529411764706,0.9047619047619048
full_topo_only,low_level-mid_level,4,4,42004040000,cv,5200,1300,0.935225292506846,0.7857142857142857,0.8279569892473119,0.7475728155339806,0.8590604026845637
full_topo_only,low_level-deep_level,4,4,42004040000,cv,5200,1300,0.9309640522875816,0.82,0.8367346938775511,0.803921568627451,0.8181818181818182
full_topo_only,mid_level-mid_level,4,4,42004040000,cv,5200,1300,0.9456246579091406,0.8606060606060606,0.8765432098765432,0.8452380952380952,0.8574380165289256
full_topo_only,mid_level-deep_level,4,4,42004040000,cv,5200,1300,0.9198890887290168,0.8739946380697051,0.9005524861878453,0.8489583333333334,0.8580060422960725
full_topo_only,deep_level-deep_level,4,4,42004040000,cv,5200,1300,0.9792207792207792,0.9428571428571428,0.9428571428571428,0.9428571428571428,0.9130434782608696
no_ddi_fusion,overall,4,4,42004040000,cv,5200,1300,0.9887289940828402,0.9529780564263324,0.9712460063897764,0.9353846153846154,0.953846153846154
no_ddi_fusion,low_level-low_level,4,4,42004040000,cv,5200,1300,0.9882352941176472,0.9375,1.0,0.8823529411764706,0.9523809523809524
no_ddi_fusion,low_level-mid_level,4,4,42004040000,cv,5200,1300,0.9910380881254668,0.9603960396039604,0.9797979797979798,0.941747572815534,0.9731543624161074
no_ddi_fusion,low_level-deep_level,4,4,42004040000,cv,5200,1300,0.99468954248366,0.98,1.0,0.9607843137254902,0.9797979797979798
no_ddi_fusion,mid_level-mid_level,4,4,42004040000,cv,5200,1300,0.986590038314176,0.9467213114754098,0.9788135593220338,0.9166666666666666,0.9462809917355371
no_ddi_fusion,mid_level-deep_level,4,4,42004040000,cv,5200,1300,0.9848246402877698,0.9479166666666666,0.9479166666666666,0.9479166666666666,0.9395770392749244
no_ddi_fusion,deep_level-deep_level,4,4,42004040000,cv,5200,1300,0.9922077922077922,0.9714285714285714,0.9714285714285714,0.9714285714285714,0.9565217391304348
no_ddi_topo_only,overall,4,4,42004040000,cv,5200,1300,0.8670757396449704,0.7827529021558872,0.8489208633093526,0.7261538461538461,0.7984615384615384
no_ddi_topo_only,low_level-low_level,4,4,42004040000,cv,5200,1300,0.8564705882352941,0.7333333333333333,0.8461538461538461,0.6470588235294118,0.8095238095238095
no_ddi_topo_only,low_level-mid_level,4,4,42004040000,cv,5200,1300,0.8723923325865073,0.7486631016042781,0.8333333333333334,0.6796116504854369,0.8422818791946308
no_ddi_topo_only,low_level-deep_level,4,4,42004040000,cv,5200,1300,0.8100490196078431,0.7441860465116279,0.9142857142857144,0.6274509803921569,0.7777777777777778
no_ddi_topo_only,mid_level-mid_level,4,4,42004040000,cv,5200,1300,0.8612308429118773,0.7958333333333333,0.8377192982456141,0.7579365079365079,0.7975206611570248
no_ddi_topo_only,mid_level-deep_level,4,4,42004040000,cv,5200,1300,0.8664568345323741,0.7888888888888889,0.8452380952380952,0.7395833333333334,0.770392749244713
no_ddi_topo_only,deep_level-deep_level,4,4,42004040000,cv,5200,1300,0.8961038961038962,0.8253968253968254,0.9285714285714286,0.7428571428571429,0.7608695652173914
ddi_only_fusion,overall,4,4,42004040000,cv,5200,1300,0.981992899408284,0.9372579395817195,0.9438377535101404,0.9307692307692308,0.9376923076923076
ddi_only_fusion,low_level-low_level,4,4,42004040000,cv,5200,1300,0.9976470588235292,0.9032258064516128,1.0,0.8235294117647058,0.9285714285714286
ddi_only_fusion,low_level-mid_level,4,4,42004040000,cv,5200,1300,0.9857605177993528,0.9054726368159204,0.9285714285714286,0.883495145631068,0.9362416107382552
ddi_only_fusion,low_level-deep_level,4,4,42004040000,cv,5200,1300,0.9934640522875816,0.970873786407767,0.9615384615384616,0.9803921568627452,0.9696969696969696
ddi_only_fusion,mid_level-mid_level,4,4,42004040000,cv,5200,1300,0.9787647099069512,0.9357429718875502,0.9471544715447154,0.9246031746031746,0.9338842975206612
ddi_only_fusion,mid_level-deep_level,4,4,42004040000,cv,5200,1300,0.978585881294964,0.9460154241645244,0.934010152284264,0.9583333333333334,0.9365558912386708
ddi_only_fusion,deep_level-deep_level,4,4,42004040000,cv,5200,1300,0.9766233766233766,0.9565217391304348,0.9705882352941176,0.9428571428571428,0.9347826086956522
ddi_only_topo_only,overall,4,4,42004040000,cv,5200,1300,0.9301633136094676,0.8597285067873304,0.8431952662721893,0.8769230769230769,0.8569230769230769
ddi_only_topo_only,low_level-low_level,4,4,42004040000,cv,5200,1300,0.976470588235294,0.8648648648648649,0.8,0.9411764705882352,0.8809523809523809
ddi_only_topo_only,low_level-mid_level,4,4,42004040000,cv,5200,1300,0.9094349016679114,0.782608695652174,0.7788461538461539,0.7864077669902912,0.8489932885906041
ddi_only_topo_only,low_level-deep_level,4,4,42004040000,cv,5200,1300,0.8852124183006536,0.8073394495412844,0.7586206896551724,0.8627450980392157,0.7878787878787878
ddi_only_topo_only,mid_level-mid_level,4,4,42004040000,cv,5200,1300,0.943315544608648,0.8764940239043825,0.88,0.873015873015873,0.871900826446281
ddi_only_topo_only,mid_level-deep_level,4,4,42004040000,cv,5200,1300,0.9123950839328536,0.8728179551122195,0.8373205741626795,0.9114583333333334,0.8459214501510574
ddi_only_topo_only,deep_level-deep_level,4,4,42004040000,cv,5200,1300,0.9844155844155844,0.9714285714285714,0.9714285714285714,0.9714285714285714,0.9565217391304348
mesh_only,overall,4,4,42004040000,cv,5200,1300,0.9573917159763312,0.8911196911196911,0.8945736434108527,0.8876923076923077,0.8915384615384615
mesh_only,low_level-low_level,4,4,42004040000,cv,5200,1300,0.9176470588235294,0.875,0.9333333333333332,0.8235294117647058,0.9047619047619048
mesh_only,low_level-mid_level,4,4,42004040000,cv,5200,1300,0.947074931540951,0.8571428571428571,0.87,0.8446601941747572,0.9026845637583892
mesh_only,low_level-deep_level,4,4,42004040000,cv,5200,1300,0.9611928104575164,0.9215686274509804,0.9215686274509804,0.9215686274509804,0.9191919191919192
mesh_only,mid_level-mid_level,4,4,42004040000,cv,5200,1300,0.953373015873016,0.8857715430861723,0.8947368421052632,0.876984126984127,0.8822314049586777
mesh_only,mid_level-deep_level,4,4,42004040000,cv,5200,1300,0.9596822541966428,0.9002557544757033,0.8844221105527639,0.9166666666666666,0.8821752265861027
mesh_only,deep_level-deep_level,4,4,42004040000,cv,5200,1300,0.961038961038961,0.9411764705882352,0.9696969696969696,0.9142857142857144,0.9130434782608696
common_neighbors,overall,4,4,42004040000,cv,5200,1300,0.9075159763313608,0.8221288515406162,0.7544987146529563,0.9030769230769232,0.8046153846153846
common_neighbors,low_level-low_level,4,4,42004040000,cv,5200,1300,0.928235294117647,0.8235294117647058,0.8235294117647058,0.8235294117647058,0.8571428571428571
common_neighbors,low_level-mid_level,4,4,42004040000,cv,5200,1300,0.8754543191436395,0.7280701754385965,0.664,0.8058252427184466,0.7919463087248322
common_neighbors,low_level-deep_level,4,4,42004040000,cv,5200,1300,0.8560049019607843,0.7543859649122807,0.6825396825396826,0.8431372549019608,0.7171717171717171
common_neighbors,mid_level-mid_level,4,4,42004040000,cv,5200,1300,0.9228499589490968,0.8446069469835467,0.7830508474576271,0.9166666666666666,0.8243801652892562
common_neighbors,mid_level-deep_level,4,4,42004040000,cv,5200,1300,0.8949340527577938,0.8406466512702079,0.7551867219917012,0.9479166666666666,0.7915407854984894
common_neighbors,deep_level-deep_level,4,4,42004040000,cv,5200,1300,0.9688311688311688,0.9444444444444444,0.918918918918919,0.9714285714285714,0.9130434782608696
degree_product,overall,4,4,42004040000,cv,5200,1300,0.8008307692307693,0.7556142668428005,0.6620370370370371,0.88,0.7153846153846154
degree_product,low_level-low_level,4,4,42004040000,cv,5200,1300,0.7670588235294118,0.6857142857142857,0.6666666666666666,0.7058823529411765,0.7380952380952381
degree_product,low_level-mid_level,4,4,42004040000,cv,5200,1300,0.7552402290266367,0.6070038910505836,0.5064935064935064,0.7572815533980582,0.6610738255033557
degree_product,low_level-deep_level,4,4,42004040000,cv,5200,1300,0.6879084967320261,0.7090909090909091,0.6610169491525424,0.7647058823529411,0.6767676767676768
degree_product,mid_level-mid_level,4,4,42004040000,cv,5200,1300,0.817084017515052,0.7757166947723441,0.6744868035190615,0.9126984126984128,0.7252066115702479
degree_product,mid_level-deep_level,4,4,42004040000,cv,5200,1300,0.7902053357314149,0.8026905829596412,0.7047244094488189,0.9322916666666666,0.7341389728096677
degree_product,deep_level-deep_level,4,4,42004040000,cv,5200,1300,0.8545454545454545,0.9315068493150684,0.8947368421052632,0.9714285714285714,0.8913043478260869
negative_count,overall,4,4,42004040000,cv,5200,1300,0.9848710059171598,0.9490196078431372,0.968,0.9307692307692308,0.95
negative_count,low_level-low_level,4,4,42004040000,cv,5200,1300,0.943529411764706,0.8484848484848485,0.875,0.8235294117647058,0.8809523809523809
negative_count,low_level-mid_level,4,4,42004040000,cv,5200,1300,0.9906646751306946,0.9458128078817734,0.96,0.9320388349514565,0.9630872483221476
negative_count,low_level-deep_level,4,4,42004040000,cv,5200,1300,0.9844771241830064,0.98,1.0,0.9607843137254902,0.9797979797979798
negative_count,mid_level-mid_level,4,4,42004040000,cv,5200,1300,0.9802784619594964,0.9387755102040816,0.9663865546218487,0.9126984126984128,0.9380165289256198
negative_count,mid_level-deep_level,4,4,42004040000,cv,5200,1300,0.9890025479616308,0.9658792650918636,0.9735449735449736,0.9583333333333334,0.9607250755287008
negative_count,deep_level-deep_level,4,4,42004040000,cv,5200,1300,0.9766233766233766,0.9411764705882352,0.9696969696969696,0.9142857142857144,0.9130434782608696
